id,RESOURCE_ID,RESOURCE_CLASS,RESOURCE_QTY,RESOURCE_STRENGTH,RESOURCE_EVIDENCE_RAW
142552,BANANAS,bonus,1,1.0,86778.22163354227
153263,BANANAS,bonus,1,0.9997499531162092,73025.25587303683
154271,BANANAS,bonus,1,0.999624929674314,56015.770324133
218543,BANANAS,bonus,1,0.9995624179533664,51832.709905910335
153596,BANANAS,bonus,1,0.999249859348628,42350.36774212413
153254,BANANAS,bonus,1,0.9991873476276802,40083.047561980165
154268,BANANAS,bonus,1,0.9988747890229418,35331.28583561555
152934,BANANAS,bonus,1,0.9983746952553604,31715.99094886282
153266,BANANAS,bonus,1,0.9981871600925174,30665.94302067706
158968,BANANAS,bonus,1,0.998062136650622,29162.8292055874
141510,BANANAS,bonus,1,0.9977495780458836,27822.9333924699
71865,BANANAS,bonus,1,0.9971869725573546,25658.310005156243
152256,BANANAS,bonus,1,0.9971244608364068,24297.455163515737
141508,BANANAS,bonus,1,0.9967493905107208,21578.78482164744
155269,BANANAS,bonus,1,0.9966868787897732,21270.189520326192
152265,BANANAS,bonus,1,0.9965618553478778,21095.939741116945
154600,BANANAS,bonus,1,0.9961867850221916,20085.41339707461
153258,BANANAS,bonus,1,0.9959992498593486,19837.92612819125
142554,BANANAS,bonus,1,0.9954991560917672,18558.249423582947
218212,BANANAS,bonus,1,0.9950615740451336,17069.65994010247
71862,BANANAS,bonus,1,0.9944989685566044,15959.04574000419
156273,BANANAS,bonus,1,0.994373945114709,15573.521735369746
192394,BANANAS,bonus,1,0.9942489216728136,15338.087196136932
159977,BANANAS,bonus,1,0.9939988747890228,14579.56517240711
189708,BANANAS,bonus,1,0.9938738513471276,14052.01690597474
190067,BANANAS,bonus,1,0.9933737575795462,13006.873209009364
149576,BANANAS,bonus,1,0.9929361755329124,12516.372169480546
71859,BANANAS,bonus,1,0.9928111520910172,12197.593369424543
207809,BANANAS,bonus,1,0.9927486403700694,11950.687543797696
141505,BANANAS,bonus,1,0.9926861286491218,11934.560375332792
69150,BANANAS,bonus,1,0.9925611052072264,11860.443136196624
154596,BANANAS,bonus,1,0.9919984997186972,10644.865029968116
158295,BANANAS,bonus,1,0.9918109645558544,10397.382616394523
141886,BANANAS,bonus,1,0.9915609176720636,10127.27672152712
153606,BANANAS,bonus,1,0.9914358942301682,10097.138029541697
151927,BANANAS,bonus,1,0.9912483590673252,9997.996589186549
153256,BANANAS,bonus,1,0.9911858473463776,9945.483217897472
77860,BANANAS,bonus,1,0.9908107770206914,9694.667420023592
148230,BANANAS,bonus,1,0.990498218415953,9304.28574822292
104707,BANANAS,bonus,1,0.9904357066950054,9265.865919434726
155271,BANANAS,bonus,1,0.9902481715321624,9031.951845975218
146218,BANANAS,bonus,1,0.9901856598112146,8938.81016728708
97043,BANANAS,bonus,1,0.9900606363693192,8831.494658063848
140881,BANANAS,bonus,1,0.989935612927424,8738.03669375568
152258,BANANAS,bonus,1,0.9896230543226856,8510.151876258893
152938,BANANAS,bonus,1,0.989560542601738,8435.14189855905
78842,BANANAS,bonus,1,0.9893730074388948,8308.426717578535
140839,BANANAS,bonus,1,0.989122960555104,8147.112737432483
148232,BANANAS,bonus,1,0.9890604488341564,8082.04724339168
139876,BANANAS,bonus,1,0.988747890229418,7872.263497536158
194411,BANANAS,bonus,1,0.9884978433456272,7761.4507566080065
75572,BANANAS,bonus,1,0.9884353316246796,7738.195175705877
148234,BANANAS,bonus,1,0.987997749578046,7470.63504831848
74526,BANANAS,bonus,1,0.9876851909733076,7398.472316756625
183356,BANANAS,bonus,1,0.9876226792523598,7392.564178108665
130129,BANANAS,bonus,1,0.9874976558104644,7360.280282390207
102041,BANANAS,bonus,1,0.9873101206476216,7161.624406685705
210161,BANANAS,bonus,1,0.9868725386009876,6886.298864070013
185703,BANANAS,bonus,1,0.98681002688004,6851.123621750103
71200,BANANAS,bonus,1,0.9865599799962492,6778.107793518099
149915,BANANAS,bonus,1,0.986434956554354,6727.818254816147
145213,BANANAS,bonus,1,0.9861849096705632,6640.67532963454
71857,BANANAS,bonus,1,0.9861223979496156,6623.837221564888
99030,BANANAS,bonus,1,0.9858723510658248,6578.020879289685
185043,BANANAS,bonus,1,0.9854972807401388,6401.588347451005
130466,BANANAS,bonus,1,0.9853097455772958,6340.897065835398
101681,BANANAS,bonus,1,0.9849346752516096,6296.071984516816
184376,BANANAS,bonus,1,0.9846221166468712,6251.211265032841
135494,BANANAS,bonus,1,0.9843095580421328,6218.4033272531215
237696,BANANAS,bonus,1,0.9841845346002376,6179.874429168856
141900,BANANAS,bonus,1,0.9838719759954992,6121.985809956752
155964,BANANAS,bonus,1,0.9837469525536038,6036.675674417989
76159,BANANAS,bonus,1,0.9836219291117084,5988.702136820464
154274,BANANAS,bonus,1,0.9834969056698132,5953.391324293004
75566,BANANAS,bonus,1,0.983121835344127,5881.073514231663
74514,BANANAS,bonus,1,0.9830593236231794,5856.8245323605
223593,BANANAS,bonus,1,0.982559229855598,5760.9548565270425
126782,BANANAS,bonus,1,0.9824967181346502,5755.563701446195
186397,BANANAS,bonus,1,0.9819966243670688,5640.323006385743
223251,BANANAS,bonus,1,0.9819341126461212,5637.428887426009
74524,BANANAS,bonus,1,0.9818090892042258,5620.041151842501
78867,BANANAS,bonus,1,0.9814965305994874,5552.522756795543
187738,BANANAS,bonus,1,0.9814340188785398,5545.689410246866
134481,BANANAS,bonus,1,0.981371507157592,5542.108913654627
189710,BANANAS,bonus,1,0.980996436831906,5430.29804239057
75564,BANANAS,bonus,1,0.9805588547852724,5321.625514482135
140890,BANANAS,bonus,1,0.9804963430643244,5316.384351123093
101723,BANANAS,bonus,1,0.9803713196224292,5282.971970130516
183361,BANANAS,bonus,1,0.9801837844595862,5254.467843105929
96051,BANANAS,bonus,1,0.9798712258548478,5135.078656794294
126110,BANANAS,bonus,1,0.9798087141339,5132.0739683011925
129461,BANANAS,bonus,1,0.9794961555291616,5075.00953218075
127453,BANANAS,bonus,1,0.9787460148777896,4874.41951275813
71196,BANANAS,bonus,1,0.9785584797149466,4862.137808448053
140899,BANANAS,bonus,1,0.9783709445521036,4821.743106717615
77505,BANANAS,bonus,1,0.978308432831156,4801.64989544908
83961,BANANAS,bonus,1,0.9781208976683128,4789.072783758154
60750,BANANAS,bonus,1,0.9776208039007314,4710.320839774546
205152,BANANAS,bonus,1,0.9775582921797836,4702.0345922100905
188401,BANANAS,bonus,1,0.977308245295993,4683.281899815837
158956,BANANAS,bonus,1,0.97712071013315,4665.013085969903
96378,BANANAS,bonus,1,0.9769956866912546,4654.956445264952
126442,BANANAS,bonus,1,0.9766831280865164,4613.663981963216
65454,BANANAS,bonus,1,0.9764330812027257,4567.5275358797
150928,BANANAS,bonus,1,0.975745452272301,4409.719210007224
145215,BANANAS,bonus,1,0.9753078702256672,4340.492945406296
208845,BANANAS,bonus,1,0.9752453585047196,4339.466250746268
190426,BANANAS,bonus,1,0.9749953116209288,4313.861734824476
153252,BANANAS,bonus,1,0.974807776458086,4283.332772503887
127451,BANANAS,bonus,1,0.9746827530161906,4272.105172907272
74516,BANANAS,bonus,1,0.9744327061324,4239.921094079974
78844,BANANAS,bonus,1,0.9741201475276614,4201.415089173256
135492,BANANAS,bonus,1,0.9740576358067138,4199.159258595285
188373,BANANAS,bonus,1,0.9739326123648184,4173.750104519995
158289,BANANAS,bonus,1,0.9734950303181846,4127.524717504815
130127,BANANAS,bonus,1,0.9733700068762892,4081.8901603763857
158603,BANANAS,bonus,1,0.9731824717134464,4067.783353250154
192724,BANANAS,bonus,1,0.9729324248296556,4038.6095428898434
209492,BANANAS,bonus,1,0.9726198662249173,4006.211481617472
187070,BANANAS,bonus,1,0.9724323310620742,3992.9600526757968
136163,BANANAS,bonus,1,0.9723073076201788,3976.2627041591873
63444,BANANAS,bonus,1,0.9722447958992312,3968.964496244634
129122,BANANAS,bonus,1,0.9721822841782836,3968.159912519754
85893,BANANAS,bonus,1,0.9718072138525974,3923.715002042613
136834,BANANAS,bonus,1,0.9717447021316497,3916.7739970933135
208847,BANANAS,bonus,1,0.9716196786897544,3905.504078012653
128792,BANANAS,bonus,1,0.9714321435269112,3881.144065993068
146220,BANANAS,bonus,1,0.9707445145964868,3790.376667839688
133477,BANANAS,bonus,1,0.9701819091079578,3755.443824305696
67806,BANANAS,bonus,1,0.97011939738701,3748.37542221024
223591,BANANAS,bonus,1,0.969931862224167,3739.737138967027
74481,BANANAS,bonus,1,0.9698693505032192,3735.240994829872
222589,BANANAS,bonus,1,0.9696818153403765,3728.485820450384
208885,BANANAS,bonus,1,0.9692442332937424,3694.6303525218377
218541,BANANAS,bonus,1,0.9691817215727948,3686.009827440728
136161,BANANAS,bonus,1,0.9687441395261612,3664.755207098665
136165,BANANAS,bonus,1,0.968556604363318,3643.025447729821
157290,BANANAS,bonus,1,0.9682440457585796,3589.262824405562
187733,BANANAS,bonus,1,0.9680565105957368,3585.6736080344726
73139,BANANAS,bonus,1,0.9678689754328936,3573.4436814158166
98378,BANANAS,bonus,1,0.9676814402700508,3535.3132292089026
159979,BANANAS,bonus,1,0.9672438582234169,3498.276094836542
74183,BANANAS,bonus,1,0.9671188347815216,3493.429413777109
119061,BANANAS,bonus,1,0.967056323060574,3488.081743953789
152595,BANANAS,bonus,1,0.9666812527348878,3466.8473522330714
95981,BANANAS,bonus,1,0.9664937175720448,3453.485167532801
209823,BANANAS,bonus,1,0.9663061824092016,3440.481362745625
193398,BANANAS,bonus,1,0.9661811589673064,3421.9468371610064
67133,BANANAS,bonus,1,0.9657435769206726,3384.5303563221564
129463,BANANAS,bonus,1,0.9654310183159344,3366.0730249971302
74555,BANANAS,bonus,1,0.9649934362693005,3333.363232906008
74866,BANANAS,bonus,1,0.9648059011064576,3313.430796196229
157639,BANANAS,bonus,1,0.9645558542226668,3296.325410908165
206829,BANANAS,bonus,1,0.964493342501719,3292.7786916298883
195071,BANANAS,bonus,1,0.9641807838969808,3269.203659571678
155235,BANANAS,bonus,1,0.96393073701319,3240.1636924756463
157263,BANANAS,bonus,1,0.9636181784084517,3215.954976471323
139525,BANANAS,bonus,1,0.9633681315246608,3206.8961794160814
158265,BANANAS,bonus,1,0.9632431080827656,3180.573914438005
216854,BANANAS,bonus,1,0.962180408826655,3105.279923040732
75538,BANANAS,bonus,1,0.9621178971057072,3101.0122755122397
209494,BANANAS,bonus,1,0.9620553853847597,3100.4825610879925
159639,BANANAS,bonus,1,0.9612427330124398,3050.111398687065
73810,BANANAS,bonus,1,0.9611177095705444,3047.7397043359315
188414,BANANAS,bonus,1,0.9610551978495968,3044.717169689488
75562,BANANAS,bonus,1,0.960055010314434,2970.312161179506
77527,BANANAS,bonus,1,0.9599299868725386,2955.400053966011
138861,BANANAS,bonus,1,0.9596174282678002,2930.4217463961345
140902,BANANAS,bonus,1,0.9594924048259048,2923.137414686201
138853,BANANAS,bonus,1,0.9593048696630618,2912.857535553114
150257,BANANAS,bonus,1,0.9591173345002189,2905.5032977822566
80518,BANANAS,bonus,1,0.9590548227792712,2900.3178894232897
222920,BANANAS,bonus,1,0.9589923110583234,2894.21870347367
148252,BANANAS,bonus,1,0.958867287616428,2893.013636167037
76203,BANANAS,bonus,1,0.9588047758954804,2885.6694612944048
208176,BANANAS,bonus,1,0.958679752453585,2870.859379670247
141891,BANANAS,bonus,1,0.9584297055697945,2862.282053877003
128790,BANANAS,bonus,1,0.9582421704069513,2858.547704010032
141883,BANANAS,bonus,1,0.9579921235231604,2840.7844645816085
74856,BANANAS,bonus,1,0.9573670063136838,2813.5298985046857
71867,BANANAS,bonus,1,0.957304494592736,2812.462808226923
150248,BANANAS,bonus,1,0.9570544477089454,2802.508284787877
78204,BANANAS,bonus,1,0.95692942426705,2799.449164869734
187409,BANANAS,bonus,1,0.956741889104207,2785.3404881007223
104374,BANANAS,bonus,1,0.9566793773832594,2782.4060792324144
127449,BANANAS,bonus,1,0.9566168656623116,2779.602894657816
80943,BANANAS,bonus,1,0.9562417953366256,2753.262551356021
156985,BANANAS,bonus,1,0.9559917484528349,2742.245777319285
157287,BANANAS,bonus,1,0.9555541664062012,2721.9019608634067
77530,BANANAS,bonus,1,0.9554916546852534,2721.1558044217795
159308,BANANAS,bonus,1,0.9552416078014628,2715.130175019984
102690,BANANAS,bonus,1,0.954991560917672,2709.5507677065148
148228,BANANAS,bonus,1,0.9544914671500906,2689.18179239374
190094,BANANAS,bonus,1,0.9538038382196662,2659.173130206693
220569,BANANAS,bonus,1,0.9535537913358756,2647.6878024072084
91944,BANANAS,bonus,1,0.9534912796149276,2641.600610699064
184035,BANANAS,bonus,1,0.9533037444520848,2631.2555793311726
182350,BANANAS,bonus,1,0.9529911858473464,2612.135387502087
190734,BANANAS,bonus,1,0.9526161155216604,2593.375500874509
99361,BANANAS,bonus,1,0.952303556916922,2579.162960897549
150588,BANANAS,bonus,1,0.9522410451959744,2574.196157218091
239038,BANANAS,bonus,1,0.9517409514283928,2542.587517108986
78199,BANANAS,bonus,1,0.9515534162655498,2537.898329103814
120066,BANANAS,bonus,1,0.9494280177533287,2447.4723545792413
148254,BANANAS,bonus,1,0.948802900543852,2409.1380473172885
128447,BANANAS,bonus,1,0.9487403888229043,2405.635624749077
94996,BANANAS,bonus,1,0.9484903419391136,2397.7612445281284
199093,BANANAS,bonus,1,0.9483653184972184,2391.6551878589307
126439,BANANAS,bonus,1,0.9480527598924798,2376.471722894282
184032,BANANAS,bonus,1,0.9479902481715322,2373.8487266424218
195747,BANANAS,bonus,1,0.9478027130086892,2367.046311986811
209895,BANANAS,bonus,1,0.947615177845846,2363.0649521359464
137165,BANANAS,bonus,1,0.9475526661248984,2362.813553473298
186390,BANANAS,bonus,1,0.9474901544039508,2357.282174616769
126113,BANANAS,bonus,1,0.9474276426830032,2356.497614186348
76519,BANANAS,bonus,1,0.9471150840782648,2343.600341141273
83290,BANANAS,bonus,1,0.9464274551478402,2318.710235733067
190765,BANANAS,bonus,1,0.9459898731012064,2303.3831956032477
211160,BANANAS,bonus,1,0.9458648496593112,2298.719607036115
221242,BANANAS,bonus,1,0.9458023379383634,2296.109737921244
205823,BANANAS,bonus,1,0.9454897793336252,2286.329586971106
83622,BANANAS,bonus,1,0.9454272676126774,2274.6519104607414
213503,BANANAS,bonus,1,0.945302244170782,2268.029790148248
158971,BANANAS,bonus,1,0.9450521972869912,2261.4180422362547
206473,BANANAS,bonus,1,0.9448646621241484,2253.535927200878
210492,BANANAS,bonus,1,0.944739638682253,2250.5380993620056
75153,BANANAS,bonus,1,0.9446146152403576,2248.7357519524567
219215,BANANAS,bonus,1,0.9444270800775144,2244.0426288897474
73863,BANANAS,bonus,1,0.9443645683565668,2241.4061783156385
200118,BANANAS,bonus,1,0.9440520097518283,2223.7751895131496
156614,BANANAS,bonus,1,0.9438644745889856,2215.6958738935264
154898,BANANAS,bonus,1,0.9438019628680376,2207.5779018337244
75490,BANANAS,bonus,1,0.943364380821404,2193.04715999282
199781,BANANAS,bonus,1,0.942989310495718,2186.8237749813084
159300,BANANAS,bonus,1,0.942176658123398,2155.056491260157
99377,BANANAS,bonus,1,0.9419891229605551,2149.994648525864
204808,BANANAS,bonus,1,0.9419266112396074,2149.2995186865737
76529,BANANAS,bonus,1,0.9417390760767644,2143.5503502854317
196754,BANANAS,bonus,1,0.9416140526348692,2142.3502586204804
73192,BANANAS,bonus,1,0.9413014940301306,2123.626220587872
221916,BANANAS,bonus,1,0.9411764705882352,2120.7941292148325
208508,BANANAS,bonus,1,0.9400512596111772,2090.969157199546
150245,BANANAS,bonus,1,0.9399887478902296,2088.958214858037
74559,BANANAS,bonus,1,0.939863724448334,2077.7180925187654
237027,BANANAS,bonus,1,0.9397387010064387,2071.3401948885103
148899,BANANAS,bonus,1,0.9396136775645434,2064.802618871251
156317,BANANAS,bonus,1,0.939301118959805,2054.251319541004
123431,BANANAS,bonus,1,0.9389885603550666,2041.1645816679409
135154,BANANAS,bonus,1,0.9383634431455898,2022.7236127867868
208833,BANANAS,bonus,1,0.9381759079827467,2011.667264500746
212830,BANANAS,bonus,1,0.9381133962617992,2007.770276279548
186394,BANANAS,bonus,1,0.9376758142151652,1996.0120298743916
210564,BANANAS,bonus,1,0.9374882790523223,1993.3038942441729
73534,BANANAS,bonus,1,0.9370506970056884,1984.8183729721068
204121,BANANAS,bonus,1,0.9369256735637932,1982.0223998707352
127107,BANANAS,bonus,1,0.9368006501218978,1974.3849235968955
188399,BANANAS,bonus,1,0.9358629743076828,1950.970614488553
197747,BANANAS,bonus,1,0.9355504157029444,1947.6864408110616
154903,BANANAS,bonus,1,0.935237857098206,1943.2003408492328
220561,BANANAS,bonus,1,0.9344877164468338,1926.788328921257
127445,BANANAS,bonus,1,0.9343626930049383,1921.1812531894504
81615,BANANAS,bonus,1,0.9342376695630432,1919.294961237399
99719,BANANAS,bonus,1,0.9341751578420954,1917.906165051001
159647,BANANAS,bonus,1,0.9341126461211476,1915.554054528684
72860,BANANAS,bonus,1,0.9339251109583048,1903.9037657839235
104704,BANANAS,bonus,1,0.9336125523535664,1894.5273285597737
207839,BANANAS,bonus,1,0.933299993748828,1887.035252439441
86595,BANANAS,bonus,1,0.9330499468650372,1871.4555485929905
236385,BANANAS,bonus,1,0.9327998999812463,1859.6401914013527
236387,BANANAS,bonus,1,0.9325498530974556,1850.5135866072744
72209,BANANAS,bonus,1,0.9316746890041884,1825.977650022777
216516,BANANAS,bonus,1,0.93136213039945,1815.071952640713
102044,BANANAS,bonus,1,0.9310495717947116,1806.183580999905
189080,BANANAS,bonus,1,0.9301118959804964,1781.2489702449966
77188,BANANAS,bonus,1,0.9300493842595486,1780.6208170333853
73202,BANANAS,bonus,1,0.929986872538601,1779.7266587214554
159612,BANANAS,bonus,1,0.929799337375758,1771.1990567529751
155632,BANANAS,bonus,1,0.929611802212915,1767.5629269398623
78256,BANANAS,bonus,1,0.9293617553291242,1757.793355588372
223261,BANANAS,bonus,1,0.9290491967243858,1750.4462561803048
101693,BANANAS,bonus,1,0.9289866850034382,1750.4427405982576
212498,BANANAS,bonus,1,0.9289241732824904,1749.3731705463188
102026,BANANAS,bonus,1,0.9285491029568044,1744.5325970576478
103695,BANANAS,bonus,1,0.928424079514909,1743.4615571926806
130798,BANANAS,bonus,1,0.9283615677939614,1742.3409782142996
146909,BANANAS,bonus,1,0.9282990560730136,1741.5215215831429
126101,BANANAS,bonus,1,0.92786147402638,1730.7890478062004
72133,BANANAS,bonus,1,0.9276114271425892,1724.7813004914317
155305,BANANAS,bonus,1,0.9275489154216416,1717.4412129437032
185045,BANANAS,bonus,1,0.927486403700694,1715.9914880974466
186051,BANANAS,bonus,1,0.9273613802587986,1714.3360617846977
128118,BANANAS,bonus,1,0.9269863099331124,1708.180380869122
211157,BANANAS,bonus,1,0.9267362630493218,1704.291493603026
196744,BANANAS,bonus,1,0.9266112396074264,1701.2795624654236
133144,BANANAS,bonus,1,0.9265487278864788,1701.263323850343
138523,BANANAS,bonus,1,0.9263611927236356,1697.0823199531417
150259,BANANAS,bonus,1,0.926298681002688,1694.6258636250948
157969,BANANAS,bonus,1,0.9257985872351066,1675.9228798596148
191403,BANANAS,bonus,1,0.9256735637932112,1673.8313957613575
158302,BANANAS,bonus,1,0.9254860286303682,1671.8803892675903
196749,BANANAS,bonus,1,0.9252984934675252,1662.3519461085564
151844,BANANAS,bonus,1,0.924735887978996,1655.8364107054776
122759,BANANAS,bonus,1,0.9241732824904668,1645.4305062181925
205463,BANANAS,bonus,1,0.9237982121647808,1641.2210792371077
158640,BANANAS,bonus,1,0.923610677001938,1638.5021231717735
145211,BANANAS,bonus,1,0.9235481652809902,1638.0798128373494
136159,BANANAS,bonus,1,0.9234856535600424,1637.7902628739714
145903,BANANAS,bonus,1,0.9231105832343564,1629.9324114545375
153925,BANANAS,bonus,1,0.9228605363505658,1624.173032307781
55392,BANANAS,bonus,1,0.9227355129086704,1621.3041933775835
187395,BANANAS,bonus,1,0.9226730011877228,1621.0941127575193
195739,BANANAS,bonus,1,0.9221729074201412,1611.3175820504669
149935,BANANAS,bonus,1,0.9219228605363504,1604.6539229536215
84290,BANANAS,bonus,1,0.9218603488154028,1603.060228660566
141571,BANANAS,bonus,1,0.9216728136525598,1597.9021305007514
187072,BANANAS,bonus,1,0.9214852784897168,1594.6002548907136
196751,BANANAS,bonus,1,0.9212977433268738,1583.684111686494
184029,BANANAS,bonus,1,0.921235231605926,1582.7178018260363
165375,BANANAS,bonus,1,0.9211102081640308,1580.8114085677073
144542,BANANAS,bonus,1,0.9209226730011876,1578.010606574358
71502,BANANAS,bonus,1,0.9196099268612864,1557.9892786991873
152849,BANANAS,bonus,1,0.9194223916984434,1555.6329274742195
203815,BANANAS,bonus,1,0.918547227605176,1540.310974457499
134486,BANANAS,bonus,1,0.9184222041632806,1538.9790117559796
71855,BANANAS,bonus,1,0.9182971807213852,1535.20999975052
72536,BANANAS,bonus,1,0.91817215727949,1527.966361310109
202128,BANANAS,bonus,1,0.9177970869538038,1516.335458584496
70160,BANANAS,bonus,1,0.9176095517909608,1513.4188334639514
146550,BANANAS,bonus,1,0.9172969931862224,1505.1456909652964
63437,BANANAS,bonus,1,0.9171094580233794,1502.4622960501968
179662,BANANAS,bonus,1,0.9170469463024316,1499.5984622357398
206855,BANANAS,bonus,1,0.9162968056510596,1482.5273126863328
209484,BANANAS,bonus,1,0.9161092704882166,1480.3521143831267
202451,BANANAS,bonus,1,0.9160467587672688,1478.5754695085673
100341,BANANAS,bonus,1,0.9159842470463212,1478.436893125922
208475,BANANAS,bonus,1,0.9156091767206352,1469.2225924638533
212912,BANANAS,bonus,1,0.9152966181158968,1465.6485241407463
96376,BANANAS,bonus,1,0.9149840595111584,1461.5301352916426
156640,BANANAS,bonus,1,0.9149215477902106,1461.4683392506358
205458,BANANAS,bonus,1,0.9145464774645246,1453.9238300136888
210901,BANANAS,bonus,1,0.9144839657435768,1452.3176989960132
74202,BANANAS,bonus,1,0.9142339188597862,1449.0920908418375
144261,BANANAS,bonus,1,0.9140463836969432,1445.992895409804
207828,BANANAS,bonus,1,0.9137963368131524,1441.688621875007
222580,BANANAS,bonus,1,0.9133587547665188,1433.324162357413
142892,BANANAS,bonus,1,0.913296243045571,1432.7289465600973
208481,BANANAS,bonus,1,0.912733637557042,1423.9730831024897
74864,BANANAS,bonus,1,0.9119834969056698,1412.43049273816
134149,BANANAS,bonus,1,0.9118584734637744,1411.028702029017
178317,BANANAS,bonus,1,0.9117334500218792,1409.0815038532646
140871,BANANAS,bonus,1,0.9110458210914546,1397.636379388493
207501,BANANAS,bonus,1,0.910983309370507,1396.9401376181056
195749,BANANAS,bonus,1,0.9104207038819778,1385.9618977503558
157662,BANANAS,bonus,1,0.909983121835344,1374.6020399071808
214171,BANANAS,bonus,1,0.9096705632306056,1370.0845455465628
81264,BANANAS,bonus,1,0.9094830280677628,1363.563007713612
187694,BANANAS,bonus,1,0.9091704694630244,1362.1101638350935
219554,BANANAS,bonus,1,0.9091079577420766,1362.0397045182212
203131,BANANAS,bonus,1,0.9084828405326,1355.2655986266227
214169,BANANAS,bonus,1,0.9082327936488092,1350.6599343814669
76870,BANANAS,bonus,1,0.9081702819278614,1350.4821600119587
143529,BANANAS,bonus,1,0.9079827467650184,1346.706686127479
187696,BANANAS,bonus,1,0.9077952116021754,1345.1936095884837
149257,BANANAS,bonus,1,0.9077326998812276,1341.9624173641032
196747,BANANAS,bonus,1,0.9076076764393324,1340.5398249593886
157241,BANANAS,bonus,1,0.9073576295555416,1336.42797281723
131135,BANANAS,bonus,1,0.9065449771832218,1321.134790074437
146243,BANANAS,bonus,1,0.9056698130899544,1303.71469051841
125429,BANANAS,bonus,1,0.9056073013690068,1302.3305001412425
79850,BANANAS,bonus,1,0.9052322310433206,1294.064051691276
209837,BANANAS,bonus,1,0.9050446958804776,1291.863293269852
101054,BANANAS,bonus,1,0.90498218415953,1290.746655139844
143249,BANANAS,bonus,1,0.9049196724385822,1290.189636516636
203813,BANANAS,bonus,1,0.9044195786710008,1284.1021960104354
199450,BANANAS,bonus,1,0.9041070200662624,1277.9412252506015
199765,BANANAS,bonus,1,0.9039194849034194,1276.393680867257
71190,BANANAS,bonus,1,0.9035444145777334,1271.5507421443
210486,BANANAS,bonus,1,0.9033568794148904,1270.3365076320658
153923,BANANAS,bonus,1,0.9032943676939428,1270.1293729167362
208170,BANANAS,bonus,1,0.9032318559729948,1269.6313507973011
140893,BANANAS,bonus,1,0.9029192973682566,1266.1396258242455
130796,BANANAS,bonus,1,0.9028567856473088,1264.438497530813
89963,BANANAS,bonus,1,0.9027317622054136,1261.843983103478
155627,BANANAS,bonus,1,0.9025442270425704,1257.9620876519814
128450,BANANAS,bonus,1,0.9019816215540414,1244.896801484654
71193,BANANAS,bonus,1,0.9015440395074076,1240.3382410541262
201780,BANANAS,bonus,1,0.901293992623617,1236.1231170215635
158941,BANANAS,bonus,1,0.9004188285303495,1225.2404090673483
64450,BANANAS,bonus,1,0.8999187347627681,1212.4976232822216
160973,BANANAS,bonus,1,0.899731199599925,1211.4648534038338
74900,BANANAS,bonus,1,0.8996686878789774,1211.2869677312951
151933,BANANAS,bonus,1,0.8994811527161343,1209.3317829749108
165043,BANANAS,bonus,1,0.8987935237857099,1203.7009254486102
123763,BANANAS,bonus,1,0.8986059886228668,1200.9042492133194
81211,BANANAS,bonus,1,0.8982934300181284,1197.170282171344
203456,BANANAS,bonus,1,0.8981684065762331,1195.6418070839206
211155,BANANAS,bonus,1,0.8981058948552854,1194.7055742309135
206134,BANANAS,bonus,1,0.8978558479714946,1192.090441601938
56064,BANANAS,bonus,1,0.897793336250547,1191.9413555301726
160274,BANANAS,bonus,1,0.8975432893667563,1188.1253425901043
66454,BANANAS,bonus,1,0.8974807776458086,1187.1009252821048
222577,BANANAS,bonus,1,0.8970431955991749,1184.1038674188612
206492,BANANAS,bonus,1,0.8968556604363318,1183.479204012038
66795,BANANAS,bonus,1,0.8964180783896981,1177.1487581481808
143223,BANANAS,bonus,1,0.8962930549478028,1174.629358306305
148237,BANANAS,bonus,1,0.8957304494592736,1166.6510333640567
142549,BANANAS,bonus,1,0.8951053322497968,1155.6517562172116
220915,BANANAS,bonus,1,0.8950428205288492,1155.2535265213858
201442,BANANAS,bonus,1,0.8947302619241108,1150.0883614751583
70795,BANANAS,bonus,1,0.89448021504032,1147.8509324356914
190763,BANANAS,bonus,1,0.8942926798774771,1142.1325719351023
155978,BANANAS,bonus,1,0.8941676564355817,1141.8998303540868
195076,BANANAS,bonus,1,0.8938550978308433,1135.6841014094443
203453,BANANAS,bonus,1,0.8936050509470526,1132.101682208268
149939,BANANAS,bonus,1,0.8935425392261049,1131.5707247085686
55387,BANANAS,bonus,1,0.8934800275051572,1130.038962715478
75516,BANANAS,bonus,1,0.8933550040632618,1129.6698257348912
188412,BANANAS,bonus,1,0.8932299806213665,1129.3499591341497
156277,BANANAS,bonus,1,0.8929799337375758,1126.9468941524658
155946,BANANAS,bonus,1,0.8925423516909421,1114.7851596147257
85560,BANANAS,bonus,1,0.8924173282490467,1114.115414361464
80540,CATTLE,bonus,1,0.999982834975454,12.560652327689477
142854,CATTLE,bonus,1,0.99991417487727,12.303648963136768
193061,CATTLE,bonus,1,0.999862679803632,12.215852201463797
193404,CATTLE,bonus,1,0.9996566995090804,12.098701360527084
193067,CATTLE,bonus,1,0.9995365443372584,12.064689280974086
159610,CATTLE,bonus,1,0.9995022142881664,12.046657604730834
192395,CATTLE,bonus,1,0.9993648940917984,12.009816475343596
158939,CATTLE,bonus,1,0.9993305640427066,12.00174859643866
194404,CATTLE,bonus,1,0.9991245837481548,11.931197943750613
195075,CATTLE,bonus,1,0.9991074187236088,11.926810076753188
193406,CATTLE,bonus,1,0.9989357684781488,11.879727184284375
158601,CATTLE,bonus,1,0.9988842734045108,11.868663185756583
192393,CATTLE,bonus,1,0.9987297881835971,11.83872719672632
179987,CATTLE,bonus,1,0.9985238078890452,11.78926113904332
193736,CATTLE,bonus,1,0.9984551477908612,11.780222414159503
156607,CATTLE,bonus,1,0.9982148374472176,11.728865724877444
94315,CATTLE,bonus,1,0.9981976724226715,11.726566457079684
194073,CATTLE,bonus,1,0.9981805073981256,11.725430746818114
134043,CATTLE,bonus,1,0.9978715369562978,11.662513260362324
88311,CATTLE,bonus,1,0.997751381784476,11.65051066402624
84948,CATTLE,bonus,1,0.997699886710838,11.64451406233059
247825,CATTLE,bonus,1,0.9972192660235504,11.553222470474154
159268,CATTLE,bonus,1,0.9971677709499124,11.550002399690696
157924,CATTLE,bonus,1,0.9970647808026364,11.536185420644006
158592,CATTLE,bonus,1,0.9969961207044526,11.52252673366193
155278,CATTLE,bonus,1,0.9969617906553606,11.520894866784255
153598,CATTLE,bonus,1,0.9969446256308148,11.51123821947384
156269,CATTLE,bonus,1,0.9967901404099008,11.4872085609471
195078,CATTLE,bonus,1,0.9967386453362628,11.483290633023191
77864,CATTLE,bonus,1,0.9966871502626248,11.479920443337354
179306,CATTLE,bonus,1,0.9966356551889868,11.47887831393776
57722,CATTLE,bonus,1,0.9966184901644408,11.476942313570309
75824,CATTLE,bonus,1,0.9965669950908028,11.47177914741647
199436,CATTLE,bonus,1,0.996515500017165,11.46513371085585
159607,CATTLE,bonus,1,0.9964125098698892,11.445670363769034
61385,CATTLE,bonus,1,0.9962923546980672,11.43516491985031
190050,CATTLE,bonus,1,0.9962751896735212,11.43441167144577
178652,CATTLE,bonus,1,0.9962580246489752,11.433866180593697
142185,CATTLE,bonus,1,0.9962408596244292,11.432128971232094
80853,CATTLE,bonus,1,0.9962236945998832,11.431551595613044
155945,CATTLE,bonus,1,0.9962065295753372,11.430464861074562
179648,CATTLE,bonus,1,0.9960005492807856,11.409467606640607
213579,CATTLE,bonus,1,0.9956572487898656,11.371305781509705
92687,CATTLE,bonus,1,0.9956057537162278,11.366951241925852
94679,CATTLE,bonus,1,0.995588588691682,11.361860070371172
195750,CATTLE,bonus,1,0.9955542586425898,11.360956784606412
158264,CATTLE,bonus,1,0.995537093618044,11.3582508064131
85620,CATTLE,bonus,1,0.995485598544406,11.35538267599186
93699,CATTLE,bonus,1,0.995399773421676,11.350131145354736
64785,CATTLE,bonus,1,0.995313948298946,11.342567912441377
159931,CATTLE,bonus,1,0.9951422980534862,11.331125691274648
194401,CATTLE,bonus,1,0.9951251330289402,11.329838627826492
94022,CATTLE,bonus,1,0.9949363177589344,11.322103704743814
188706,CATTLE,bonus,1,0.9949191527343884,11.319694630151968
94653,CATTLE,bonus,1,0.9948676576607504,11.317634659861618
155938,CATTLE,bonus,1,0.9948333276116584,11.315392910770624
160944,CATTLE,bonus,1,0.9946960074152906,11.301255018822156
186052,CATTLE,bonus,1,0.9945586872189228,11.293835960900994
157921,CATTLE,bonus,1,0.9945243571698308,11.292958994401966
198730,CATTLE,bonus,1,0.9944556970716468,11.290846255545164
137148,CATTLE,bonus,1,0.9944042019980088,11.286081818902751
160269,CATTLE,bonus,1,0.9943870369734628,11.28549017800383
85622,CATTLE,bonus,1,0.994284046826187,11.279247251334116
77526,CATTLE,bonus,1,0.9941982217034572,11.273909305607138
160275,CATTLE,bonus,1,0.9941467266298192,11.273023629102775
189413,CATTLE,bonus,1,0.9939922414089052,11.25824392144571
156948,CATTLE,bonus,1,0.9933743005252498,11.22620479631268
74849,CATTLE,bonus,1,0.993236980328882,11.21802237222352
92004,CATTLE,bonus,1,0.99320265027979,11.214790544618555
192062,CATTLE,bonus,1,0.993099660132514,11.202030440976648
125334,CATTLE,bonus,1,0.993048165058876,11.199367044111495
154599,CATTLE,bonus,1,0.9928765148134162,11.18659869352992
154901,CATTLE,bonus,1,0.9928078547152324,11.182373723780223
68736,CATTLE,bonus,1,0.9927906896906864,11.182042501034331
245819,CATTLE,bonus,1,0.9927563596415944,11.178679866744716
93019,CATTLE,bonus,1,0.9927391946170484,11.178435491537131
154234,CATTLE,bonus,1,0.9925675443715885,11.172717352310686
89302,CATTLE,bonus,1,0.9925160492979505,11.17042892128154
94008,CATTLE,bonus,1,0.9924817192488584,11.168779674663485
189386,CATTLE,bonus,1,0.9924645542243126,11.16851620393216
153259,CATTLE,bonus,1,0.9923615640770368,11.163994985272762
161947,CATTLE,bonus,1,0.9923443990524906,11.162678702584865
159644,CATTLE,bonus,1,0.9923100690033988,11.161401728239875
212577,CATTLE,bonus,1,0.9922585739297608,11.155470052823988
179663,CATTLE,bonus,1,0.9922242438806688,11.1545995737322
130782,CATTLE,bonus,1,0.9922070788561228,11.154234499029078
78870,CATTLE,bonus,1,0.9920869236843008,11.145601965289426
147197,CATTLE,bonus,1,0.9920182635861168,11.143810044219183
93015,CATTLE,bonus,1,0.9920010985615708,11.139005593631625
195741,CATTLE,bonus,1,0.991915273438841,11.13386710311294
63388,CATTLE,bonus,1,0.9918809433897492,11.131975921731694
157292,CATTLE,bonus,1,0.991863778365203,11.130329568826442
75518,CATTLE,bonus,1,0.9917264581688352,11.12150420688209
160636,CATTLE,bonus,1,0.9910398571869958,11.087987874768384
153922,CATTLE,bonus,1,0.9910226921624498,11.087898985175284
157919,CATTLE,bonus,1,0.9909368670397198,11.08295023104867
87630,CATTLE,bonus,1,0.990833876892444,11.079952436923886
89974,CATTLE,bonus,1,0.99076521679426,11.07827169786528
93362,CATTLE,bonus,1,0.990730886745168,11.077495203502767
158931,CATTLE,bonus,1,0.990662226646984,11.075533843618755
155233,CATTLE,bonus,1,0.9906450616224382,11.07540278444576
193075,CATTLE,bonus,1,0.9906278965978922,11.073361916360549
156924,CATTLE,bonus,1,0.9905420714751622,11.071601848525209
86631,CATTLE,bonus,1,0.9903189261560644,11.061141305645869
191393,CATTLE,bonus,1,0.9903017611315184,11.060553947480628
181326,CATTLE,bonus,1,0.9902502660578804,11.05948944383303
84277,CATTLE,bonus,1,0.9902331010333344,11.058736571418189
93985,CATTLE,bonus,1,0.9901987709842424,11.056402113359155
134712,CATTLE,bonus,1,0.9901816059596964,11.055436484509611
195746,CATTLE,bonus,1,0.9901644409351504,11.054915955513724
192406,CATTLE,bonus,1,0.9898726355178687,11.042678811393795
192404,CATTLE,bonus,1,0.9896838202478628,11.03178939816397
181992,CATTLE,bonus,1,0.989666655223317,11.031161677706306
189378,CATTLE,bonus,1,0.9895293350269492,11.02295060366851
154905,CATTLE,bonus,1,0.9894950049778573,11.020106658245234
152929,CATTLE,bonus,1,0.9893061897078512,11.01283002696859
76186,CATTLE,bonus,1,0.9891860345360294,11.00724339988628
56677,CATTLE,bonus,1,0.9891002094132996,11.002721468293142
90671,CATTLE,bonus,1,0.9890658793642076,11.001135962472624
142508,CATTLE,bonus,1,0.9890315493151156,11.000535859597392
94002,CATTLE,bonus,1,0.9889972192660236,10.999887790505976
155281,CATTLE,bonus,1,0.9889628892169317,10.99942595992482
158921,CATTLE,bonus,1,0.9889113941432937,10.99624838401747
184695,CATTLE,bonus,1,0.9888770640942016,10.99485436350978
130030,CATTLE,bonus,1,0.9888084039960175,10.991838236254717
94005,CATTLE,bonus,1,0.988568093652374,10.977475131744836
147535,CATTLE,bonus,1,0.988516598578736,10.975793694399664
190041,CATTLE,bonus,1,0.988465103505098,10.974526436959676
154269,CATTLE,bonus,1,0.988447938480552,10.97424829666664
197412,CATTLE,bonus,1,0.9883277833087302,10.970025098764594
180310,CATTLE,bonus,1,0.9882762882350922,10.968604759382494
94030,CATTLE,bonus,1,0.9881732980878164,10.96248113573032
188718,CATTLE,bonus,1,0.9881389680387244,10.961704153836692
189383,CATTLE,bonus,1,0.9881218030141784,10.960902025803737
78202,CATTLE,bonus,1,0.9881046379896324,10.960860962607375
91329,CATTLE,bonus,1,0.9880874729650864,10.960115452423182
199774,CATTLE,bonus,1,0.9879844828178104,10.955422904057206
71522,CATTLE,bonus,1,0.9879501527687184,10.9540327869461
192064,CATTLE,bonus,1,0.9879158227196264,10.952455531315431
126336,CATTLE,bonus,1,0.9878299975968966,10.950513063142749
180317,CATTLE,bonus,1,0.9877270074496206,10.946234726211172
178974,CATTLE,bonus,1,0.9876411823268908,10.943812577563603
155947,CATTLE,bonus,1,0.9876240173023448,10.943703769509472
126669,CATTLE,bonus,1,0.9876068522777988,10.94245808791512
93680,CATTLE,bonus,1,0.9875896872532528,10.941513975951851
191056,CATTLE,bonus,1,0.9875725222287068,10.940928148564508
100721,CATTLE,bonus,1,0.9875038621305228,10.939594591681054
94677,CATTLE,bonus,1,0.9874695320814308,10.93745538377347
157595,CATTLE,bonus,1,0.9874523670568848,10.937359607316653
93017,CATTLE,bonus,1,0.9874352020323388,10.936875544819683
188742,CATTLE,bonus,1,0.987418037007793,10.935666937655975
159277,CATTLE,bonus,1,0.9873837069587008,10.935407864967264
75860,CATTLE,bonus,1,0.987366541934155,10.935230976444249
160271,CATTLE,bonus,1,0.987349376909609,10.9344152674205
94992,CATTLE,bonus,1,0.987297881835971,10.93427020945157
68809,CATTLE,bonus,1,0.9872463867623332,10.9333296887969
156623,CATTLE,bonus,1,0.9870747365168732,10.925446802409336
91338,CATTLE,bonus,1,0.9870404064677812,10.92465457099028
90642,CATTLE,bonus,1,0.9869374163205054,10.921399784861084
161305,CATTLE,bonus,1,0.9868172611486834,10.917599902632592
94686,CATTLE,bonus,1,0.9864567956332178,10.901350975063432
95016,CATTLE,bonus,1,0.9864053005595798,10.900774859441167
188710,CATTLE,bonus,1,0.986302310412304,10.897758192737388
86291,CATTLE,bonus,1,0.986216485289574,10.895104820968053
199737,CATTLE,bonus,1,0.986113495142298,10.89088892487522
91335,CATTLE,bonus,1,0.986096330117752,10.88803562943851
76526,CATTLE,bonus,1,0.9859590099213842,10.883986788359572
81262,CATTLE,bonus,1,0.9858560197741084,10.881116432382584
188405,CATTLE,bonus,1,0.9857701946513784,10.877169947769952
157597,CATTLE,bonus,1,0.9856500394795564,10.873455205613311
155266,CATTLE,bonus,1,0.9855298843077346,10.86937594984203
156609,CATTLE,bonus,1,0.9855127192831886,10.868644926513944
90669,CATTLE,bonus,1,0.9854440591850048,10.867729429738676
101715,CATTLE,bonus,1,0.9854268941604588,10.86770279978632
158606,CATTLE,bonus,1,0.9852380788904528,10.865426162337569
155950,CATTLE,bonus,1,0.9852209138659068,10.863657196854197
91681,CATTLE,bonus,1,0.9851865838168148,10.863554451183768
155912,CATTLE,bonus,1,0.985032098595901,10.85872118594286
93682,CATTLE,bonus,1,0.9848947783995332,10.853164388115625
94673,CATTLE,bonus,1,0.9848089532768032,10.85126924902467
94028,CATTLE,bonus,1,0.9846373030313432,10.84758951592111
227726,CATTLE,bonus,1,0.9845343128840676,10.846477510795712
157619,CATTLE,bonus,1,0.9843969926876996,10.842399861009984
180658,CATTLE,bonus,1,0.9843798276631536,10.841594134672423
199099,CATTLE,bonus,1,0.9841738473686016,10.835240775200557
183690,CATTLE,bonus,1,0.9841395173195098,10.83446598211914
190047,CATTLE,bonus,1,0.9841223522949638,10.83355967866271
154855,CATTLE,bonus,1,0.9841051872704178,10.833253683485973
97662,CATTLE,bonus,1,0.9835730715094922,10.816807273352824
155270,CATTLE,bonus,1,0.9835387414604004,10.816023133772866
179977,CATTLE,bonus,1,0.9835044114113084,10.815652278705407
92362,CATTLE,bonus,1,0.9833155961413024,10.811044559999305
159600,CATTLE,bonus,1,0.9832126059940266,10.80806378046178
141504,CATTLE,bonus,1,0.9830409557485668,10.804392880233348
91010,CATTLE,bonus,1,0.9829894606749288,10.803159160614223
136142,CATTLE,bonus,1,0.9829722956503828,10.801986769146316
93337,CATTLE,bonus,1,0.9829551306258368,10.801599397344296
125332,CATTLE,bonus,1,0.982749150331285,10.796863155640503
49989,CATTLE,bonus,1,0.9825260050121872,10.787355359758084
138507,CATTLE,bonus,1,0.9825088399876412,10.785766702876868
157926,CATTLE,bonus,1,0.9824230148649112,10.781141623098526
241138,CATTLE,bonus,1,0.9823200247176354,10.776708730631432
92644,CATTLE,bonus,1,0.9823028596930894,10.77611101111038
184022,CATTLE,bonus,1,0.9822856946685434,10.775804533190584
84951,CATTLE,bonus,1,0.9821312094476295,10.770605435010884
200789,CATTLE,bonus,1,0.9820453843248996,10.768733938730792
94370,CATTLE,bonus,1,0.9820110542758076,10.76833481698839
196078,CATTLE,bonus,1,0.9819938892512616,10.767346172375392
95028,CATTLE,bonus,1,0.9817879089567098,10.759958918988744
142852,CATTLE,bonus,1,0.981736413883072,10.758862826226204
157935,CATTLE,bonus,1,0.981719248858526,10.758585400216498
88636,CATTLE,bonus,1,0.98161625871125,10.755398719599022
79875,CATTLE,bonus,1,0.98144460846579,10.75209025136878
96683,CATTLE,bonus,1,0.981410278416698,10.75164102309754
67734,CATTLE,bonus,1,0.9813931133921522,10.7505194232422
158252,CATTLE,bonus,1,0.9813244532939682,10.749457444931314
93642,CATTLE,bonus,1,0.9812557931957844,10.746642252777416
101383,CATTLE,bonus,1,0.9811699680730545,10.743739129269224
137817,CATTLE,bonus,1,0.9811356380239624,10.741867643847396
178990,CATTLE,bonus,1,0.9811013079748704,10.741675373117536
101711,CATTLE,bonus,1,0.9810498129012324,10.739394585770064
177282,CATTLE,bonus,1,0.9808609976312266,10.733538135076705
184367,CATTLE,bonus,1,0.9807408424594048,10.730923115849352
80184,CATTLE,bonus,1,0.9806378523121289,10.726603981309657
199441,CATTLE,bonus,1,0.9806206872875828,10.726393516934303
63779,CATTLE,bonus,1,0.9806035222630368,10.726358853420914
185366,CATTLE,bonus,1,0.9805863572384907,10.725833129471214
68477,CATTLE,bonus,1,0.980483367091215,10.72233292026454
92987,CATTLE,bonus,1,0.980380376943939,10.719394771161593
180319,CATTLE,bonus,1,0.9802773867966632,10.717343777245311
154230,CATTLE,bonus,1,0.9802602217721172,10.716106757664388
191070,CATTLE,bonus,1,0.9802087266984792,10.714839977832163
90002,CATTLE,bonus,1,0.9801915616739332,10.714380278508065
95367,CATTLE,bonus,1,0.9801400666002952,10.713134298878437
158626,CATTLE,bonus,1,0.9800714065021112,10.711593443045016
141183,CATTLE,bonus,1,0.9800370764530192,10.711480929001976
147872,CATTLE,bonus,1,0.9800199114284732,10.711205126793276
73195,CATTLE,bonus,1,0.9799169212811976,10.709608451471066
185013,CATTLE,bonus,1,0.9798310961584676,10.707702976883926
160273,CATTLE,bonus,1,0.9796594459130076,10.703260226331352
57398,CATTLE,bonus,1,0.9795392907411856,10.700877623376632
131450,CATTLE,bonus,1,0.9794363005939098,10.69926746459454
92032,CATTLE,bonus,1,0.979367640495726,10.697927538257147
95321,CATTLE,bonus,1,0.979333310446634,10.6962555642921
188744,CATTLE,bonus,1,0.979247485323904,10.694808340127366
190724,CATTLE,bonus,1,0.979213155274812,10.694286290836729
98372,CATTLE,bonus,1,0.979195990250266,10.69364490512848
91713,CATTLE,bonus,1,0.97917882522572,10.69345301972314
155910,CATTLE,bonus,1,0.9789900099557144,10.688830841717184
94689,CATTLE,bonus,1,0.9789556799066222,10.688428545151767
178635,CATTLE,bonus,1,0.9789041848329844,10.685763636089549
119726,CATTLE,bonus,1,0.9786982045384324,10.676499802694783
50327,CATTLE,bonus,1,0.9786467094647944,10.675581404376738
93339,CATTLE,bonus,1,0.9785952143911566,10.67476777267776
152936,CATTLE,bonus,1,0.9785093892684268,10.672107404086944
193059,CATTLE,bonus,1,0.9783377390229668,10.668847592448977
151228,CATTLE,bonus,1,0.9783205739984208,10.668373567757907
90673,CATTLE,bonus,1,0.9782347488756908,10.665897553302962
181988,CATTLE,bonus,1,0.9782004188265988,10.665085125253531
182345,CATTLE,bonus,1,0.978183253802053,10.66432197872458
198768,CATTLE,bonus,1,0.978131758728415,10.663735902196352
207838,CATTLE,bonus,1,0.978097428679323,10.662329050462647
101709,CATTLE,bonus,1,0.9777712932129492,10.654090613989604
98043,CATTLE,bonus,1,0.9777369631638572,10.653692420106262
92711,CATTLE,bonus,1,0.9775824779429436,10.651007251562032
84282,CATTLE,bonus,1,0.9775481478938516,10.650409079852828
95990,CATTLE,bonus,1,0.9774966528202136,10.648350197769082
96718,CATTLE,bonus,1,0.9773936626729376,10.646309193616563
96023,CATTLE,bonus,1,0.9773421675992996,10.64450233588103
91014,CATTLE,bonus,1,0.9772735075011156,10.64350235508253
92701,CATTLE,bonus,1,0.977119022280202,10.639181720850551
248156,CATTLE,bonus,1,0.977050362182018,10.63585555377868
91333,CATTLE,bonus,1,0.976810051838374,10.62898804531554
95005,CATTLE,bonus,1,0.9762092759792648,10.614326069978173
92045,CATTLE,bonus,1,0.9761921109547188,10.613373004100907
183016,CATTLE,bonus,1,0.9759689656356209,10.609303716334448
127438,CATTLE,bonus,1,0.9758831405128908,10.606981248882157
86970,CATTLE,bonus,1,0.9758316454392528,10.606011588076132
94025,CATTLE,bonus,1,0.975797315390161,10.60575667609736
195081,CATTLE,bonus,1,0.975745820316523,10.604952663328715
155294,CATTLE,bonus,1,0.9756256651447012,10.60389069384878
160612,CATTLE,bonus,1,0.9756085001201552,10.603642748055092
86293,CATTLE,bonus,1,0.9755913350956092,10.602729992667935
62097,CATTLE,bonus,1,0.9755055099728792,10.60202584871484
200117,CATTLE,bonus,1,0.9754196848501492,10.601020964880036
139827,CATTLE,bonus,1,0.9752651996292356,10.598681941147262
92010,CATTLE,bonus,1,0.9751793745065056,10.59704910322034
189389,CATTLE,bonus,1,0.9750935493837756,10.593854262846664
90374,CATTLE,bonus,1,0.9750592193346836,10.59237193221621
154609,CATTLE,bonus,1,0.9748704040646778,10.58922618632149
61718,CATTLE,bonus,1,0.974801743966494,10.587790766984511
158296,CATTLE,bonus,1,0.97464725874558,10.583796394562604
92014,CATTLE,bonus,1,0.97456143362285,10.58311676604685
189374,CATTLE,bonus,1,0.974544268598304,10.582933755414128
134466,CATTLE,bonus,1,0.9744756085001202,10.580329065673586
95348,CATTLE,bonus,1,0.9744584434755742,10.579763132956424
159590,CATTLE,bonus,1,0.9743897833773902,10.578025519942267
77872,CATTLE,bonus,1,0.9742696282055684,10.57563288430606
163342,CATTLE,bonus,1,0.9742524631810224,10.575341143210265
101058,CATTLE,bonus,1,0.9742009681073844,10.57480327667472
142177,CATTLE,bonus,1,0.9740979779601084,10.5731172759292
90341,CATTLE,bonus,1,0.9740636479110164,10.57087206092943
97700,CATTLE,bonus,1,0.9739434927391948,10.568375805848856
157264,CATTLE,bonus,1,0.9738919976655568,10.568053249429886
219938,CATTLE,bonus,1,0.9737890075182808,10.566545922025758
215257,CATTLE,bonus,1,0.9737031823955508,10.565632915346296
138076,CATTLE,bonus,1,0.973480037076453,10.556153890488348
133040,CATTLE,bonus,1,0.9733770469291771,10.553760513306852
87963,CATTLE,bonus,1,0.9733427168800852,10.553500549120963
187398,CATTLE,bonus,1,0.9731882316591712,10.551243846653728
92704,CATTLE,bonus,1,0.9730337464382574,10.547594657519092
155284,CATTLE,bonus,1,0.9729135912664356,10.545540183721888
174604,CATTLE,bonus,1,0.9728964262418895,10.54469975332247
94990,CATTLE,bonus,1,0.9728792612173436,10.544360063526428
137066,CATTLE,bonus,1,0.9727419410209756,10.539411693530704
90015,CATTLE,bonus,1,0.97229565038278,10.530698062501935
159973,CATTLE,bonus,1,0.9721411651618662,10.527317218536288
76197,CATTLE,bonus,1,0.9718321947200383,10.52096988502281
93376,CATTLE,bonus,1,0.9717463695973084,10.518586025662652
159594,CATTLE,bonus,1,0.9717292045727626,10.518575702337538
183695,CATTLE,bonus,1,0.9715918843763948,10.517083408488883
135381,CATTLE,bonus,1,0.9714545641800268,10.51439320393926
74763,CATTLE,bonus,1,0.9712142538363828,10.509960954168664
95355,CATTLE,bonus,1,0.971179923787291,10.509775078226074
90706,CATTLE,bonus,1,0.971162758762745,10.509193647459924
78531,CATTLE,bonus,1,0.9710769336400152,10.507975179037995
215816,CATTLE,bonus,1,0.9709739434927392,10.506334247897689
88348,CATTLE,bonus,1,0.9709224484191012,10.505709751862051
142183,CATTLE,bonus,1,0.9708194582718254,10.50351572361886
154232,CATTLE,bonus,1,0.9706821380754574,10.501150535531464
60410,CATTLE,bonus,1,0.9706478080263656,10.500214255517704
158622,CATTLE,bonus,1,0.9705276528545436,10.498119484455732
66797,CATTLE,bonus,1,0.9705104878299976,10.49804673357007
190057,CATTLE,bonus,1,0.9703045075354456,10.494500153440956
62387,CATTLE,bonus,1,0.9702186824127158,10.4931816101063
82530,CATTLE,bonus,1,0.97011569226544,10.491592271552026
96021,CATTLE,bonus,1,0.970098527240894,10.491579511212777
95993,CATTLE,bonus,1,0.970081362216348,10.49140081860804
121743,CATTLE,bonus,1,0.970012702118164,10.490219862680805
155952,CATTLE,bonus,1,0.969961207044526,10.489258191538635
184340,CATTLE,bonus,1,0.969892546946342,10.486478360309269
191739,CATTLE,bonus,1,0.9698582168972502,10.485354831932144
75528,CATTLE,bonus,1,0.9697895567990662,10.483943053502308
103374,CATTLE,bonus,1,0.9697208967008822,10.483403663415192
65727,CATTLE,bonus,1,0.9696350715781524,10.481668282040223
97370,CATTLE,bonus,1,0.9694634213326924,10.477589544104438
94334,CATTLE,bonus,1,0.9694119262590546,10.476575646823646
127338,CATTLE,bonus,1,0.9693775962099626,10.476001994943742
89998,CATTLE,bonus,1,0.9693604311854166,10.475886449182676
77204,CATTLE,bonus,1,0.9693261011363248,10.475166372465155
93644,CATTLE,bonus,1,0.9692574410381408,10.47441871570873
87993,CATTLE,bonus,1,0.9691716159154108,10.472983103049213
78841,CATTLE,bonus,1,0.9691544508908648,10.472798443127946
94711,CATTLE,bonus,1,0.968931305571767,10.469006197398569
188379,CATTLE,bonus,1,0.968914140547221,10.467753693916793
94348,CATTLE,bonus,1,0.9688454804490372,10.467023360753991
182337,CATTLE,bonus,1,0.968811150399945,10.4669026822017
94691,CATTLE,bonus,1,0.9687596553263071,10.465416242286349
192402,CATTLE,bonus,1,0.9687081602526691,10.464915650492069
92006,CATTLE,bonus,1,0.9686566651790312,10.464635383048815
128016,CATTLE,bonus,1,0.9686395001544852,10.464354804233547
144186,CATTLE,bonus,1,0.9685708400563012,10.463693704473974
99384,CATTLE,bonus,1,0.9683991898108414,10.460892737047196
68138,CATTLE,bonus,1,0.9683648597617496,10.459327041318
61077,CATTLE,bonus,1,0.9683133646881116,10.458404252502907
90692,CATTLE,bonus,1,0.9682790346390197,10.45821950038452
84946,CATTLE,bonus,1,0.9681245494181056,10.456481184733535
210852,CATTLE,bonus,1,0.9680902193690136,10.45534894070944
128013,CATTLE,bonus,1,0.9680558893199216,10.453473646008153
154601,CATTLE,bonus,1,0.96784990902537,10.449348453875178
89685,CATTLE,bonus,1,0.96776408390264,10.447467275914574
246490,CATTLE,bonus,1,0.9675924336571802,10.445475908853192
188038,CATTLE,bonus,1,0.9675409385835422,10.44495172320891
98374,CATTLE,bonus,1,0.9672148031171685,10.43916246401059
96680,CATTLE,bonus,1,0.9670603178962546,10.43628064627333
156926,CATTLE,bonus,1,0.9670431528717086,10.436253901110394
104040,CATTLE,bonus,1,0.9669573277489788,10.434867298432804
94994,CATTLE,bonus,1,0.9668543376017028,10.43358604438229
77859,CATTLE,bonus,1,0.9668028425280648,10.4331294769034
83346,CATTLE,bonus,1,0.9666655223316968,10.431283847269022
80594,CATTLE,bonus,1,0.966614027258059,10.428853801582743
189730,CATTLE,bonus,1,0.966579697208967,10.427378922578889
51675,CATTLE,bonus,1,0.966562532184421,10.4271704502663
142506,CATTLE,bonus,1,0.9664595420371452,10.424906968058217
185686,CATTLE,bonus,1,0.9663565518898692,10.423370626291344
96705,CATTLE,bonus,1,0.9662707267671392,10.42246068811519
143177,CATTLE,bonus,1,0.9662535617425932,10.420433965129464
175942,CATTLE,bonus,1,0.9662020666689554,10.41970464927565
78510,CATTLE,bonus,1,0.9661677366198632,10.419419730905547
91019,CATTLE,bonus,1,0.9660990765216796,10.418411523456909
73811,CATTLE,bonus,1,0.9660647464725874,10.417955512299557
129351,CATTLE,bonus,1,0.9659102612516736,10.4152750384938
90359,CATTLE,bonus,1,0.9658930962271276,10.415029121685237
100052,CATTLE,bonus,1,0.9658759312025816,10.41467413428019
94049,CATTLE,bonus,1,0.9658587661780356,10.414618794340363
155573,CATTLE,bonus,1,0.9658072711043976,10.413973701082288
158624,CATTLE,bonus,1,0.965601290809846,10.407831056186202
186701,CATTLE,bonus,1,0.965566960760754,10.407525592215254
100048,CATTLE,bonus,1,0.965549795736208,10.407457807699506
90037,CATTLE,bonus,1,0.965446805588932,10.406162738838272
92382,CATTLE,bonus,1,0.9651721651961962,10.40143806389581
157286,CATTLE,bonus,1,0.9650691750489204,10.400598023387555
226051,CATTLE,bonus,1,0.9648631947543684,10.397123174525255
192718,CATTLE,bonus,1,0.9648460297298224,10.39643882354562
210510,CATTLE,bonus,1,0.9648288647052764,10.396185036633812
93316,CATTLE,bonus,1,0.9648116996807306,10.39616659896292
121741,CATTLE,bonus,1,0.9647945346561846,10.396152687239322
157269,CATTLE,bonus,1,0.9646572144598168,10.394412304477974
148204,CATTLE,bonus,1,0.9645885543616328,10.39363431935158
127431,CATTLE,bonus,1,0.9644169041161728,10.3907814537828
56729,CATTLE,bonus,1,0.964365409042535,10.389842915312276
92670,CATTLE,bonus,1,0.964296748944351,10.38910915576624
92371,CATTLE,bonus,1,0.964245253870713,10.38811243813224
61426,CATTLE,bonus,1,0.9642280888461672,10.387851169324318
156922,CATTLE,bonus,1,0.9641079336743452,10.385602054562982
91365,CATTLE,bonus,1,0.9640736036252532,10.385341760499845
93684,CATTLE,bonus,1,0.9640564386007072,10.385067876759788
92664,CATTLE,bonus,1,0.9640049435270692,10.3841985943066
149483,CATTLE,bonus,1,0.9639534484534312,10.382486150774737
132382,CATTLE,bonus,1,0.9638332932816094,10.378484487665885
77170,CATTLE,bonus,1,0.9637131381097876,10.377171676637854
93382,CATTLE,bonus,1,0.9634728277661436,10.373936489698693
76537,CATTLE,bonus,1,0.96331834254523,10.372139540208837
63771,CATTLE,bonus,1,0.963266847471592,10.371470157539822
100380,CATTLE,bonus,1,0.963043702152494,10.36804318894785
74180,CATTLE,bonus,1,0.962957877029764,10.366891197014532
213248,CATTLE,bonus,1,0.9629235469806722,10.366624579757108
186364,CATTLE,bonus,1,0.9628892169315802,10.365079373540835
93708,CATTLE,bonus,1,0.9628033918088504,10.363763688136206
180649,CATTLE,bonus,1,0.9627690617597584,10.363311374543644
90704,CATTLE,bonus,1,0.9625287514161144,10.35823360114234
75181,CATTLE,bonus,1,0.9624429262933846,10.355470016519996
137492,CATTLE,bonus,1,0.9623399361461088,10.353774495321437
195073,CATTLE,bonus,1,0.9622026159497408,10.350847214456335
157938,CATTLE,bonus,1,0.9621682859006488,10.350567334264476
88978,CATTLE,bonus,1,0.9621167908270108,10.349844123210158
125352,CATTLE,bonus,1,0.9620824607779188,10.34941993547145
154288,CATTLE,bonus,1,0.9617391602869992,10.343009750457073
178659,CATTLE,bonus,1,0.9616876652133612,10.34250296840679
182332,CATTLE,bonus,1,0.9616361701397232,10.340433008394127
134046,CATTLE,bonus,1,0.9614645198942634,10.33596030906894
121072,CATTLE,bonus,1,0.9614473548697174,10.335691577822038
92689,CATTLE,bonus,1,0.9613786947715336,10.334370579761178
92678,CATTLE,bonus,1,0.9613271996978956,10.33284173178171
143848,CATTLE,bonus,1,0.9613100346733496,10.33280296251532
135135,CATTLE,bonus,1,0.9612757046242576,10.33142050792492
138840,CATTLE,bonus,1,0.9611727144769816,10.330198725891822
130784,CATTLE,bonus,1,0.960932404133338,10.326831886154965
161293,CATTLE,bonus,1,0.960863744035154,10.325786803924908
97029,CATTLE,bonus,1,0.960777918912424,10.32457850952617
130034,CATTLE,bonus,1,0.960692093789694,10.323462709527632
92040,CATTLE,bonus,1,0.9606749287651482,10.323460181020067
125330,CATTLE,bonus,1,0.9603659583233204,10.31846783924993
101052,CATTLE,bonus,1,0.9602801332005904,10.31638998073164
84966,CATTLE,bonus,1,0.9602286381269524,10.315470213015706
94051,CATTLE,bonus,1,0.9601084829551306,10.314567729022208
57046,CATTLE,bonus,1,0.9598853376360328,10.30875850553533
152596,CATTLE,bonus,1,0.9598681726114868,10.308133090274854
57396,CATTLE,bonus,1,0.9597995125133028,10.306869467998917
157278,CATTLE,bonus,1,0.9597651824642108,10.306526969546663
92668,CATTLE,bonus,1,0.9594218819732911,10.299747413716297
129020,CATTLE,bonus,1,0.9590957465069176,10.29326224618019
61687,CATTLE,bonus,1,0.9590614164578256,10.29311778901889
95697,CATTLE,bonus,1,0.958683785917814,10.288923977275036
157296,CATTLE,bonus,1,0.958649455868722,10.28781806996347
187372,CATTLE,bonus,1,0.95844347557417,10.283571004641416
100378,CATTLE,bonus,1,0.9583576504514402,10.280905093781064
222631,CATTLE,bonus,1,0.9581860002059804,10.278014794823772
90018,CATTLE,bonus,1,0.9581688351814344,10.27778801497679
157298,CATTLE,bonus,1,0.9580830100587044,10.277247785207956
88982,CATTLE,bonus,1,0.9580315149850664,10.276656148899235
132045,CATTLE,bonus,1,0.9580143499605204,10.276436633212782
74854,CATTLE,bonus,1,0.9579800199114284,10.275895162239744
170580,CATTLE,bonus,1,0.9578426997150606,10.274174787180852
245821,CATTLE,bonus,1,0.9578083696659686,10.273969873935073
183685,CATTLE,bonus,1,0.9577053795186928,10.27336391891312
127440,CATTLE,bonus,1,0.9576195543959628,10.270266857479085
145856,CATTLE,bonus,1,0.9576023893714168,10.270138818163629
200115,CATTLE,bonus,1,0.957396409076865,10.268203262885702
184013,CATTLE,bonus,1,0.9572075938068592,10.26594135989212
186687,CATTLE,bonus,1,0.9571389337086752,10.265178449757876
151900,CATTLE,bonus,1,0.9569501184386694,10.262720777407232
93653,CATTLE,bonus,1,0.9568299632668474,10.261807293534954
95360,CATTLE,bonus,1,0.9567441381441176,10.259763730341636
62771,CATTLE,bonus,1,0.9566926430704796,10.25788645984025
162952,CATTLE,bonus,1,0.9566583130213876,10.2575913747203
83273,CATTLE,bonus,1,0.9566239829722956,10.2572863063214
136384,CATTLE,bonus,1,0.9565724878986576,10.256676817376649
72878,CATTLE,bonus,1,0.9564866627759278,10.25560231333727
80543,CATTLE,bonus,1,0.9564523327268358,10.255385681270734
138488,CATTLE,bonus,1,0.956366507604106,10.25414796425708
89326,CATTLE,bonus,1,0.956332177555014,10.253877556722752
91965,CATTLE,bonus,1,0.956280682481376,10.253382828382106
89364,CATTLE,bonus,1,0.95626351745683,10.25333759962614
93378,CATTLE,bonus,1,0.9558000617940884,10.246806715071852
91363,CATTLE,bonus,1,0.9557657317449963,10.24640946344894
157280,CATTLE,bonus,1,0.9556112465240826,10.245094504423276
91016,CATTLE,bonus,1,0.9554910913522606,10.243267660831366
185353,CATTLE,bonus,1,0.9554224312540768,10.242629847579131
158925,CATTLE,bonus,1,0.9554052662295308,10.24249433134984
94053,CATTLE,bonus,1,0.9553366061313469,10.2419991336664
140905,CATTLE,bonus,1,0.9553194411068008,10.241902504593526
75203,CATTLE,bonus,1,0.9553022760822548,10.241777086903951
94709,CATTLE,bonus,1,0.955027635689519,10.236844220565397
208780,CATTLE,bonus,1,0.9548731504686052,10.23361358734656
157967,CATTLE,bonus,1,0.9547358302722372,10.23216997790944
144855,CATTLE,bonus,1,0.9544440248549556,10.228487229176448
209123,CATTLE,bonus,1,0.9543410347076796,10.226838600207868
182335,CATTLE,bonus,1,0.9543067046585876,10.226733795157005
63103,CATTLE,bonus,1,0.9542895396340416,10.226678252265105
199443,CATTLE,bonus,1,0.9541865494867656,10.225288826115817
179990,CATTLE,bonus,1,0.9541178893885818,10.224646650976103
76524,CATTLE,bonus,1,0.9541007243640358,10.22433722203512
184369,CATTLE,bonus,1,0.954014899241306,10.22363584671561
188047,CATTLE,bonus,1,0.953980569192214,10.222957800380904
87690,CATTLE,bonus,1,0.953843248995846,10.221215303752006
146194,CATTLE,bonus,1,0.953808918946754,10.221111307568808
66126,CATTLE,bonus,1,0.9537917539222082,10.221098362792878
91367,CATTLE,bonus,1,0.953774588897662,10.221073201818534
94699,CATTLE,bonus,1,0.9536715987503862,10.21981618531307
135732,CATTLE,bonus,1,0.9535857736276564,10.218661364730586
197429,CATTLE,bonus,1,0.9534484534312884,10.2180114899971
201794,CATTLE,bonus,1,0.9532424731367366,10.216377473607356
153930,CATTLE,bonus,1,0.9532081430876446,10.216154114101991
183682,CATTLE,bonus,1,0.9531738130385526,10.2152523299182
133385,CATTLE,bonus,1,0.952761852449449,10.208043836371049
143179,CATTLE,bonus,1,0.952744687424903,10.207824056267368
147530,CATTLE,bonus,1,0.952693192351265,10.207542473328331
91012,CATTLE,bonus,1,0.9524357169830752,10.2052801382489
74818,CATTLE,bonus,1,0.9521782416148856,10.201258530649785
150557,CATTLE,bonus,1,0.9520409214185176,10.199022265380938
130702,CATTLE,bonus,1,0.9519894263448796,10.1985743668522
95319,CATTLE,bonus,1,0.9518349411239658,10.195413991166385
96026,CATTLE,bonus,1,0.95181777609942,10.19534048597033
127436,CATTLE,bonus,1,0.951663290878506,10.1914487534437
91361,CATTLE,bonus,1,0.951628960829414,10.190880186443728
200786,CATTLE,bonus,1,0.951577465755776,10.189587820245098
224710,CATTLE,bonus,1,0.95156030073123,10.189265787333207
160956,CATTLE,bonus,1,0.9514744756085,10.188378985947953
189391,CATTLE,bonus,1,0.95138865048577,10.187691595564548
94997,CATTLE,bonus,1,0.9510796800439424,10.182322425246335
92709,CATTLE,bonus,1,0.9510625150193964,10.18213592567362
183692,CATTLE,bonus,1,0.9510281849703044,10.181853963875556
186056,CATTLE,bonus,1,0.9503244189639192,10.172956726401845
185704,CATTLE,bonus,1,0.9502729238902812,10.171580059567614
67461,CATTLE,bonus,1,0.9502557588657352,10.171574406827972
187052,CATTLE,bonus,1,0.9501184386693672,10.169607976518144
68814,CATTLE,bonus,1,0.9501012736448212,10.169599753168754
135727,CATTLE,bonus,1,0.9500669435957292,10.169342103131685
128107,CATTLE,bonus,1,0.9500326135466374,10.169177617345175
235738,CATTLE,bonus,1,0.9499296233993616,10.168038341158042
172928,CATTLE,bonus,1,0.9497408081293556,10.165419499425555
184364,CATTLE,bonus,1,0.9495863229084418,10.163779767690237
90322,CATTLE,bonus,1,0.949500497785712,10.1629017498764
156305,CATTLE,bonus,1,0.9494661677366198,10.1623088996
185041,CATTLE,bonus,1,0.94938034261389,10.159721514833697
95041,CATTLE,bonus,1,0.949363177589344,10.159675290950204
191737,CATTLE,bonus,1,0.94929451749116,10.159392441911791
143517,CATTLE,bonus,1,0.949243022417522,10.158276430150783
60412,CATTLE,bonus,1,0.949191527343884,10.15796583442452
210848,CATTLE,bonus,1,0.949157197294792,10.157437775936708
188703,CATTLE,bonus,1,0.9490027120738784,10.15566667586559
202418,CATTLE,bonus,1,0.9488653918775104,10.1540877408153
92318,CATTLE,bonus,1,0.9488310618284184,10.153908053935783
190062,CATTLE,bonus,1,0.9487280716811424,10.153230851489644
158919,CATTLE,bonus,1,0.9483676061656768,10.150322363457985
67469,CATTLE,bonus,1,0.948127295822033,10.148167460557293
78873,CATTLE,bonus,1,0.9479213155274812,10.14477068412704
186689,CATTLE,bonus,1,0.9479041505029352,10.144762927124152
148877,CATTLE,bonus,1,0.9478526554292972,10.144479813025782
92720,CATTLE,bonus,1,0.9478011603556592,10.143855107801018
185372,CATTLE,bonus,1,0.9475780150365616,10.13950712417255
219556,CATTLE,bonus,1,0.9475265199629236,10.138825409394885
185035,CATTLE,bonus,1,0.9473033746438256,10.1350636319571
144853,CATTLE,bonus,1,0.9471832194720038,10.133872229322233
91045,CATTLE,bonus,1,0.947097394349274,10.133158934717038
185363,CATTLE,bonus,1,0.947045899275636,10.132463114893234
87639,CATTLE,bonus,1,0.947011569226544,10.1320134585149
93009,CATTLE,bonus,1,0.946908579079268,10.131261949294757
67782,CATTLE,bonus,1,0.946839918981084,10.12952653913796
179661,CATTLE,bonus,1,0.946822753956538,10.12927257829567
128690,CATTLE,bonus,1,0.9467884239074462,10.12885592936492
67808,CATTLE,bonus,1,0.9467540938583542,10.128532955785763
90343,CATTLE,bonus,1,0.9466339386865325,10.127215654193016
97027,CATTLE,bonus,1,0.9465996086374404,10.126127413959624
90027,CATTLE,bonus,1,0.9465652785883484,10.125290457933264
126667,CATTLE,bonus,1,0.9464622884410724,10.123746703644333
100050,CATTLE,bonus,1,0.9463764633183426,10.122437543577057
185710,CATTLE,bonus,1,0.9462563081465206,10.120593522980826
138406,CATTLE,bonus,1,0.9461876480483368,10.120154894720825
95647,CATTLE,bonus,1,0.9460846579010608,10.11970624002076
187042,CATTLE,bonus,1,0.9460159978028768,10.117862306740667
54710,CATTLE,bonus,1,0.9459816677537848,10.117282773258417
150552,CATTLE,bonus,1,0.9455868721892272,10.113772115644608
182340,CATTLE,bonus,1,0.9454323869683132,10.111828071485196
70831,CATTLE,bonus,1,0.9453122317964916,10.110211547783903
187402,CATTLE,bonus,1,0.9452950667719456,10.109395022686211
89017,CATTLE,bonus,1,0.9452435716983076,10.108795781770684
187030,CATTLE,bonus,1,0.9452092416492156,10.108513884490094
127763,CATTLE,bonus,1,0.9451920766246696,10.108458001520528
196410,CATTLE,bonus,1,0.9451749116001236,10.108427878733805
186371,CATTLE,bonus,1,0.9450375914037558,10.106628178443376
63100,CATTLE,bonus,1,0.944831611109204,10.104697813584064
212908,CATTLE,bonus,1,0.944745785986474,10.103943334202198
137146,CATTLE,bonus,1,0.944574135741014,10.102581462074674
156267,CATTLE,bonus,1,0.9445569707164682,10.102549985099524
57400,CATTLE,bonus,1,0.9443853204710084,10.100423094624825
208886,CATTLE,bonus,1,0.9442994953482784,10.099487656380012
143523,CATTLE,bonus,1,0.9441793401764564,10.09853408851801
178985,CATTLE,bonus,1,0.9440591850046346,10.096773936380874
89020,CATTLE,bonus,1,0.9440076899309966,10.096481579981294
139075,CATTLE,bonus,1,0.9439218648082668,10.09526504060739
91371,CATTLE,bonus,1,0.943647224415531,10.09322113675939
143446,CATTLE,bonus,1,0.9436128943664388,10.09306466108023
133135,CATTLE,bonus,1,0.943595729341893,10.092991276121836
207784,CATTLE,bonus,1,0.943527069243709,10.09235571708398
90035,CATTLE,bonus,1,0.9434412441209792,10.090713081105104
189752,CATTLE,bonus,1,0.9432695938755192,10.088325836166405
120735,CATTLE,bonus,1,0.9431322736791512,10.086847249411846
85298,CATTLE,bonus,1,0.9427203130900476,10.082152637666384
95310,CATTLE,bonus,1,0.94258299289368,10.0813899383502
207806,DEER,bonus,1,1.0,9.6
208143,DEER,bonus,1,1.0,9.6
207137,DEER,bonus,1,0.999756744265246,9.554859540952725
208145,DEER,bonus,1,0.99968376754482,9.47251265256983
209817,DEER,bonus,1,0.9996107908243936,9.210842352656076
207152,DEER,bonus,1,0.999197256075312,8.4
213500,DEER,bonus,1,0.999197256075312,8.4
211159,DEER,bonus,1,0.999197256075312,8.4
205461,DEER,bonus,1,0.999197256075312,8.4
212494,DEER,bonus,1,0.999197256075312,8.4
211161,DEER,bonus,1,0.999197256075312,8.4
194398,DEER,bonus,1,0.999197256075312,8.4
212831,DEER,bonus,1,0.999197256075312,8.4
212833,DEER,bonus,1,0.999197256075312,8.4
210490,DEER,bonus,1,0.999197256075312,8.4
213162,DEER,bonus,1,0.999197256075312,8.4
203788,DEER,bonus,1,0.999197256075312,8.4
210821,DEER,bonus,1,0.999197256075312,8.4
202097,DEER,bonus,1,0.999197256075312,8.4
199756,DEER,bonus,1,0.999197256075312,8.4
212162,DEER,bonus,1,0.999197256075312,8.4
208159,DEER,bonus,1,0.999197256075312,8.4
207474,DEER,bonus,1,0.999197256075312,8.4
209819,DEER,bonus,1,0.999197256075312,8.4
212164,DEER,bonus,1,0.999197256075312,8.4
206466,DEER,bonus,1,0.999197256075312,8.4
206468,DEER,bonus,1,0.999197256075312,8.4
209146,DEER,bonus,1,0.999197256075312,8.4
209150,DEER,bonus,1,0.999197256075312,8.4
206805,DEER,bonus,1,0.99630251283174,8.39998724030057
203786,DEER,bonus,1,0.9961808849643632,8.379286676276509
205811,DEER,bonus,1,0.995937629229609,8.343913209496167
204793,DEER,bonus,1,0.9959133036561336,8.324300031575342
211825,DEER,bonus,1,0.9958889780826584,8.31977872147945
201424,DEER,bonus,1,0.9958646525091828,8.31621668380169
193393,DEER,bonus,1,0.9956943734948552,8.215399948120043
205799,DEER,bonus,1,0.995499768907052,8.104998611293151
207476,DEER,bonus,1,0.995378141039675,8.03705647426249
214506,DEER,bonus,1,0.9951592108783964,7.960816086561752
204790,DEER,bonus,1,0.9950862341579704,7.939441245895501
202095,DEER,bonus,1,0.994940280717118,7.840222427817834
212156,DEER,bonus,1,0.9947700017027902,7.786096634702567
202782,DEER,bonus,1,0.9943807925271838,7.492025148464481
205809,DEER,bonus,1,0.993894281057676,7.408100631676733
210157,DEER,bonus,1,0.9938699554842004,7.403624303612002
200082,DEER,bonus,1,0.9936023741759712,7.2
205459,DEER,bonus,1,0.9936023741759712,7.2
207804,DEER,bonus,1,0.9936023741759712,7.2
95033,DEER,bonus,1,0.9936023741759712,7.2
209139,DEER,bonus,1,0.9936023741759712,7.2
210149,DEER,bonus,1,0.9936023741759712,7.2
199763,DEER,bonus,1,0.9936023741759712,7.2
209141,DEER,bonus,1,0.9936023741759712,7.2
209143,DEER,bonus,1,0.9936023741759712,7.2
208497,DEER,bonus,1,0.9936023741759712,7.2
210482,DEER,bonus,1,0.9936023741759712,7.2
200748,DEER,bonus,1,0.9936023741759712,7.2
200750,DEER,bonus,1,0.9936023741759712,7.2
203455,DEER,bonus,1,0.9936023741759712,7.2
208468,DEER,bonus,1,0.9936023741759712,7.2
208470,DEER,bonus,1,0.9936023741759712,7.2
208472,DEER,bonus,1,0.9936023741759712,7.2
206814,DEER,bonus,1,0.9936023741759712,7.2
202093,DEER,bonus,1,0.9936023741759712,7.2
202780,DEER,bonus,1,0.9936023741759712,7.2
211150,DEER,bonus,1,0.9936023741759712,7.2
208157,DEER,bonus,1,0.9936023741759712,7.2
209169,DEER,bonus,1,0.9936023741759712,7.2
202426,DEER,bonus,1,0.9936023741759712,7.2
211154,DEER,bonus,1,0.9936023741759712,7.2
201422,DEER,bonus,1,0.9936023741759712,7.2
209810,DEER,bonus,1,0.9936023741759712,7.2
198416,DEER,bonus,1,0.9904643751976452,7.183161721362358
200753,DEER,bonus,1,0.9903670729037436,7.1710766982836
209165,DEER,bonus,1,0.9898075847138096,7.00944965103864
199745,DEER,bonus,1,0.9896373056994818,6.976426459605119
201426,DEER,bonus,1,0.9891994453769248,6.865717837324867
209171,DEER,bonus,1,0.9891751198034494,6.853589833578577
204788,DEER,bonus,1,0.9891264686564986,6.84890158155195
207135,DEER,bonus,1,0.9887372594808924,6.786794170956995
206136,DEER,bonus,1,0.9885426548930892,6.692324433853595
195403,DEER,bonus,1,0.988348050305286,6.662230501593829
202784,DEER,bonus,1,0.9882020968644336,6.631659063852623
200100,DEER,bonus,1,0.9880074922766304,6.590214156322268
205140,DEER,bonus,1,0.9879345155562044,6.560113754560327
202778,DEER,bonus,1,0.9877399109684012,6.494945250299926
206138,DEER,bonus,1,0.9875939575275487,6.444071030583427
214504,DEER,bonus,1,0.9872777250723686,6.361419911088155
199761,DEER,bonus,1,0.987180422778467,6.321716284051459
207801,DEER,bonus,1,0.9871560972049916,6.309829475434985
213833,DEER,bonus,1,0.986985818190664,6.288517042285091
205138,DEER,bonus,1,0.986937167043713,6.2766281659826735
209840,DEER,bonus,1,0.98674256245591,6.232319981961707
203098,DEER,bonus,1,0.9866695857354836,6.215672975998415
207133,DEER,bonus,1,0.9866452601620084,6.208880796263196
206477,DEER,bonus,1,0.9865966090150576,6.2051957204707975
95704,DEER,bonus,1,0.986499306721156,6.200118502073529
207478,DEER,bonus,1,0.9864263300007298,6.150721589369407
202770,DEER,bonus,1,0.9863533532803036,6.110620361079875
79593,DEER,bonus,1,0.9860857719720744,6.0
57667,DEER,bonus,1,0.9860857719720744,6.0
217141,DEER,bonus,1,0.9860857719720744,6.0
57992,DEER,bonus,1,0.9860857719720744,6.0
91351,DEER,bonus,1,0.9860857719720744,6.0
92361,DEER,bonus,1,0.9860857719720744,6.0
203762,DEER,bonus,1,0.9860857719720744,6.0
92686,DEER,bonus,1,0.9860857719720744,6.0
85293,DEER,bonus,1,0.9860857719720744,6.0
200084,DEER,bonus,1,0.9860857719720744,6.0
60337,DEER,bonus,1,0.9860857719720744,6.0
206792,DEER,bonus,1,0.9860857719720744,6.0
86303,DEER,bonus,1,0.9860857719720744,6.0
145087,DEER,bonus,1,0.9860857719720744,6.0
61347,DEER,bonus,1,0.9860857719720744,6.0
139389,DEER,bonus,1,0.9860857719720744,6.0
212815,DEER,bonus,1,0.9860857719720744,6.0
216133,DEER,bonus,1,0.9860857719720744,6.0
61672,DEER,bonus,1,0.9860857719720744,6.0
95031,DEER,bonus,1,0.9860857719720744,6.0
186020,DEER,bonus,1,0.9860857719720744,6.0
68380,DEER,bonus,1,0.9860857719720744,6.0
214835,DEER,bonus,1,0.9860857719720744,6.0
62682,DEER,bonus,1,0.9860857719720744,6.0
57994,DEER,bonus,1,0.9860857719720744,6.0
217468,DEER,bonus,1,0.9860857719720744,6.0
91353,DEER,bonus,1,0.9860857719720744,6.0
204449,DEER,bonus,1,0.9860857719720744,6.0
148442,DEER,bonus,1,0.9860857719720744,6.0
63007,DEER,bonus,1,0.9860857719720744,6.0
94671,DEER,bonus,1,0.9860857719720744,6.0
209462,DEER,bonus,1,0.9860857719720744,6.0
59004,DEER,bonus,1,0.9860857719720744,6.0
71410,DEER,bonus,1,0.9860857719720744,6.0
64017,DEER,bonus,1,0.9860857719720744,6.0
58319,DEER,bonus,1,0.9860857719720744,6.0
70725,DEER,bonus,1,0.9860857719720744,6.0
150462,DEER,bonus,1,0.9860857719720744,6.0
92688,DEER,bonus,1,0.9860857719720744,6.0
85295,DEER,bonus,1,0.9860857719720744,6.0
200086,DEER,bonus,1,0.9860857719720744,6.0
66362,DEER,bonus,1,0.9860857719720744,6.0
212817,DEER,bonus,1,0.9860857719720744,6.0
56661,DEER,bonus,1,0.9860857719720744,6.0
216135,DEER,bonus,1,0.9860857719720744,6.0
147109,DEER,bonus,1,0.9860857719720744,6.0
68382,DEER,bonus,1,0.9860857719720744,6.0
148119,DEER,bonus,1,0.9860857719720744,6.0
62684,DEER,bonus,1,0.9860857719720744,6.0
56986,DEER,bonus,1,0.9860857719720744,6.0
203441,DEER,bonus,1,0.9860857719720744,6.0
69392,DEER,bonus,1,0.9860857719720744,6.0
57996,DEER,bonus,1,0.9860857719720744,6.0
217470,DEER,bonus,1,0.9860857719720744,6.0
202756,DEER,bonus,1,0.9860857719720744,6.0
204451,DEER,bonus,1,0.9860857719720744,6.0
148444,DEER,bonus,1,0.9860857719720744,6.0
63009,DEER,bonus,1,0.9860857719720744,6.0
59006,DEER,bonus,1,0.9860857719720744,6.0
203766,DEER,bonus,1,0.9860857719720744,6.0
165863,DEER,bonus,1,0.9860857719720744,6.0
149454,DEER,bonus,1,0.9860857719720744,6.0
64019,DEER,bonus,1,0.9860857719720744,6.0
143756,DEER,bonus,1,0.9860857719720744,6.0
194065,DEER,bonus,1,0.9860857719720744,6.0
65029,DEER,bonus,1,0.9860857719720744,6.0
144766,DEER,bonus,1,0.9860857719720744,6.0
59331,DEER,bonus,1,0.9860857719720744,6.0
92690,DEER,bonus,1,0.9860857719720744,6.0
205786,DEER,bonus,1,0.9860857719720744,6.0
71737,DEER,bonus,1,0.9860857719720744,6.0
85297,DEER,bonus,1,0.9860857719720744,6.0
145776,DEER,bonus,1,0.9860857719720744,6.0
156487,DEER,bonus,1,0.9860857719720744,6.0
60341,DEER,bonus,1,0.9860857719720744,6.0
138383,DEER,bonus,1,0.9860857719720744,6.0
65354,DEER,bonus,1,0.9860857719720744,6.0
145091,DEER,bonus,1,0.9860857719720744,6.0
146786,DEER,bonus,1,0.9860857719720744,6.0
139393,DEER,bonus,1,0.9860857719720744,6.0
66364,DEER,bonus,1,0.9860857719720744,6.0
146101,DEER,bonus,1,0.9860857719720744,6.0
212819,DEER,bonus,1,0.9860857719720744,6.0
140403,DEER,bonus,1,0.9860857719720744,6.0
56663,DEER,bonus,1,0.9860857719720744,6.0
185014,DEER,bonus,1,0.9860857719720744,6.0
67374,DEER,bonus,1,0.9860857719720744,6.0
213829,DEER,bonus,1,0.9860857719720744,6.0
61676,DEER,bonus,1,0.9860857719720744,6.0
141413,DEER,bonus,1,0.9860857719720744,6.0
87642,DEER,bonus,1,0.9860857719720744,6.0
68384,DEER,bonus,1,0.9860857719720744,6.0
96045,DEER,bonus,1,0.9860857719720744,6.0
56988,DEER,bonus,1,0.9860857719720744,6.0
67699,DEER,bonus,1,0.9860857719720744,6.0
93665,DEER,bonus,1,0.9860857719720744,6.0
57998,DEER,bonus,1,0.9860857719720744,6.0
217472,DEER,bonus,1,0.9860857719720744,6.0
202758,DEER,bonus,1,0.9860857719720744,6.0
215164,DEER,bonus,1,0.9860857719720744,6.0
63011,DEER,bonus,1,0.9860857719720744,6.0
59008,DEER,bonus,1,0.9860857719720744,6.0
187359,DEER,bonus,1,0.9860857719720744,6.0
69719,DEER,bonus,1,0.9860857719720744,6.0
64021,DEER,bonus,1,0.9860857719720744,6.0
143758,DEER,bonus,1,0.9860857719720744,6.0
91682,DEER,bonus,1,0.9860857719720744,6.0
70729,DEER,bonus,1,0.9860857719720744,6.0
65031,DEER,bonus,1,0.9860857719720744,6.0
78591,DEER,bonus,1,0.9860857719720744,6.0
59333,DEER,bonus,1,0.9860857719720744,6.0
205788,DEER,bonus,1,0.9860857719720744,6.0
71739,DEER,bonus,1,0.9860857719720744,6.0
156489,DEER,bonus,1,0.9860857719720744,6.0
65356,DEER,bonus,1,0.9860857719720744,6.0
145093,DEER,bonus,1,0.9860857719720744,6.0
97020,DEER,bonus,1,0.9860857719720744,6.0
59658,DEER,bonus,1,0.9860857719720744,6.0
66366,DEER,bonus,1,0.9860857719720744,6.0
146103,DEER,bonus,1,0.9860857719720744,6.0
212821,DEER,bonus,1,0.9860857719720744,6.0
60668,DEER,bonus,1,0.9860857719720744,6.0
140405,DEER,bonus,1,0.9860857719720744,6.0
94027,DEER,bonus,1,0.9860857719720744,6.0
67376,DEER,bonus,1,0.9860857719720744,6.0
147113,DEER,bonus,1,0.9860857719720744,6.0
61678,DEER,bonus,1,0.9860857719720744,6.0
141415,DEER,bonus,1,0.9860857719720744,6.0
68386,DEER,bonus,1,0.9860857719720744,6.0
146428,DEER,bonus,1,0.9860857719720744,6.0
56990,DEER,bonus,1,0.9860857719720744,6.0
216464,DEER,bonus,1,0.9860857719720744,6.0
67701,DEER,bonus,1,0.9860857719720744,6.0
147438,DEER,bonus,1,0.9860857719720744,6.0
214156,DEER,bonus,1,0.9860857719720744,6.0
62003,DEER,bonus,1,0.9860857719720744,6.0
148448,DEER,bonus,1,0.9860857719720744,6.0
63013,DEER,bonus,1,0.9860857719720744,6.0
142750,DEER,bonus,1,0.9860857719720744,6.0
88979,DEER,bonus,1,0.9860857719720744,6.0
69721,DEER,bonus,1,0.9860857719720744,6.0
149458,DEER,bonus,1,0.9860857719720744,6.0
64023,DEER,bonus,1,0.9860857719720744,6.0
58325,DEER,bonus,1,0.9860857719720744,6.0
144770,DEER,bonus,1,0.9860857719720744,6.0
59335,DEER,bonus,1,0.9860857719720744,6.0
92694,DEER,bonus,1,0.9860857719720744,6.0
64348,DEER,bonus,1,0.9860857719720744,6.0
144085,DEER,bonus,1,0.9860857719720744,6.0
60345,DEER,bonus,1,0.9860857719720744,6.0
150793,DEER,bonus,1,0.9860857719720744,6.0
65358,DEER,bonus,1,0.9860857719720744,6.0
145095,DEER,bonus,1,0.9860857719720744,6.0
66368,DEER,bonus,1,0.9860857719720744,6.0
146105,DEER,bonus,1,0.9860857719720744,6.0
212823,DEER,bonus,1,0.9860857719720744,6.0
140407,DEER,bonus,1,0.9860857719720744,6.0
94029,DEER,bonus,1,0.9860857719720744,6.0
67378,DEER,bonus,1,0.9860857719720744,6.0
66693,DEER,bonus,1,0.9860857719720744,6.0
68388,DEER,bonus,1,0.9860857719720744,6.0
146430,DEER,bonus,1,0.9860857719720744,6.0
96049,DEER,bonus,1,0.9860857719720744,6.0
216466,DEER,bonus,1,0.9860857719720744,6.0
201752,DEER,bonus,1,0.9860857719720744,6.0
147440,DEER,bonus,1,0.9860857719720744,6.0
214158,DEER,bonus,1,0.9860857719720744,6.0
208460,DEER,bonus,1,0.9860857719720744,6.0
148450,DEER,bonus,1,0.9860857719720744,6.0
63015,DEER,bonus,1,0.9860857719720744,6.0
90676,DEER,bonus,1,0.9860857719720744,6.0
205467,DEER,bonus,1,0.9860857719720744,6.0
149460,DEER,bonus,1,0.9860857719720744,6.0
64025,DEER,bonus,1,0.9860857719720744,6.0
69038,DEER,bonus,1,0.9860857719720744,6.0
70733,DEER,bonus,1,0.9860857719720744,6.0
137379,DEER,bonus,1,0.9860857719720744,6.0
205792,DEER,bonus,1,0.9860857719720744,6.0
149785,DEER,bonus,1,0.9860857719720744,6.0
64350,DEER,bonus,1,0.9860857719720744,6.0
144087,DEER,bonus,1,0.9860857719720744,6.0
60347,DEER,bonus,1,0.9860857719720744,6.0
138389,DEER,bonus,1,0.9860857719720744,6.0
150795,DEER,bonus,1,0.9860857719720744,6.0
65360,DEER,bonus,1,0.9860857719720744,6.0
145097,DEER,bonus,1,0.9860857719720744,6.0
195406,DEER,bonus,1,0.9860857719720744,6.0
206117,DEER,bonus,1,0.9860857719720744,6.0
72068,DEER,bonus,1,0.9860857719720744,6.0
66370,DEER,bonus,1,0.9860857719720744,6.0
146107,DEER,bonus,1,0.9860857719720744,6.0
147117,DEER,bonus,1,0.9860857719720744,6.0
146432,DEER,bonus,1,0.9860857719720744,6.0
147442,DEER,bonus,1,0.9860857719720744,6.0
141744,DEER,bonus,1,0.9860857719720744,6.0
142754,DEER,bonus,1,0.9860857719720744,6.0
90678,DEER,bonus,1,0.9860857719720744,6.0
70735,DEER,bonus,1,0.9860857719720744,6.0
137381,DEER,bonus,1,0.9860857719720744,6.0
59664,DEER,bonus,1,0.9860857719720744,6.0
139401,DEER,bonus,1,0.9860857719720744,6.0
66372,DEER,bonus,1,0.9860857719720744,6.0
146109,DEER,bonus,1,0.9860857719720744,6.0
55986,DEER,bonus,1,0.9860857719720744,6.0
60999,DEER,bonus,1,0.9860857719720744,6.0
197753,DEER,bonus,1,0.9860857719720744,6.0
210159,DEER,bonus,1,0.9860857719720744,6.0
142756,DEER,bonus,1,0.9860857719720744,6.0
84622,DEER,bonus,1,0.9860857719720744,6.0
199413,DEER,bonus,1,0.9860857719720744,6.0
139403,DEER,bonus,1,0.9860857719720744,6.0
66374,DEER,bonus,1,0.9860857719720744,6.0
94035,DEER,bonus,1,0.9860857719720744,6.0
212144,DEER,bonus,1,0.9860857719720744,6.0
91655,DEER,bonus,1,0.9860857719720744,6.0
55988,DEER,bonus,1,0.9860857719720744,6.0
141063,DEER,bonus,1,0.9860857719720744,6.0
150801,DEER,bonus,1,0.9860857719720744,6.0
212146,DEER,bonus,1,0.9860857719720744,6.0
81271,DEER,bonus,1,0.9860857719720744,6.0
95372,DEER,bonus,1,0.9860857719720744,6.0
58010,DEER,bonus,1,0.9860857719720744,6.0
197072,DEER,bonus,1,0.9860857719720744,6.0
69731,DEER,bonus,1,0.9860857719720744,6.0
72076,DEER,bonus,1,0.9860857719720744,6.0
138722,DEER,bonus,1,0.9860857719720744,6.0
62015,DEER,bonus,1,0.9860857719720744,6.0
95374,DEER,bonus,1,0.9860857719720744,6.0
56317,DEER,bonus,1,0.9860857719720744,6.0
187698,DEER,bonus,1,0.9860857719720744,6.0
70058,DEER,bonus,1,0.9860857719720744,6.0
205117,DEER,bonus,1,0.9860857719720744,6.0
155818,DEER,bonus,1,0.9860857719720744,6.0
96349,DEER,bonus,1,0.9860857719720744,6.0
71393,DEER,bonus,1,0.9860857719720744,6.0
56319,DEER,bonus,1,0.9860857719720744,6.0
68725,DEER,bonus,1,0.9860857719720744,6.0
197076,DEER,bonus,1,0.9860857719720744,6.0
57329,DEER,bonus,1,0.9860857719720744,6.0
70060,DEER,bonus,1,0.9860857719720744,6.0
144099,DEER,bonus,1,0.9860857719720744,6.0
143414,DEER,bonus,1,0.9860857719720744,6.0
144424,DEER,bonus,1,0.9860857719720744,6.0
90653,DEER,bonus,1,0.9860857719720744,6.0
61009,DEER,bonus,1,0.9860857719720744,6.0
57006,DEER,bonus,1,0.9860857719720744,6.0
145759,DEER,bonus,1,0.9860857719720744,6.0
140061,DEER,bonus,1,0.9860857719720744,6.0
185682,DEER,bonus,1,0.9860857719720744,6.0
214497,DEER,bonus,1,0.9860857719720744,6.0
62344,DEER,bonus,1,0.9860857719720744,6.0
88310,DEER,bonus,1,0.9860857719720744,6.0
136708,DEER,bonus,1,0.9860857719720744,6.0
95343,DEER,bonus,1,0.9860857719720744,6.0
189037,DEER,bonus,1,0.9860857719720744,6.0
71397,DEER,bonus,1,0.9860857719720744,6.0
57008,DEER,bonus,1,0.9860857719720744,6.0
60326,DEER,bonus,1,0.9860857719720744,6.0
147781,DEER,bonus,1,0.9860857719720744,6.0
58343,DEER,bonus,1,0.9860857719720744,6.0
148791,DEER,bonus,1,0.9860857719720744,6.0
214824,DEER,bonus,1,0.9860857719720744,6.0
149116,DEER,bonus,1,0.9860857719720744,6.0
146448,DEER,bonus,1,0.9860857719720744,6.0
208840,DEER,bonus,1,0.9860857719720744,6.0
65703,DEER,bonus,1,0.9860857719720744,6.0
206460,DEER,bonus,1,0.9860857719720744,6.0
197084,DEER,bonus,1,0.9860857719720744,6.0
210177,DEER,bonus,1,0.9860857719720744,6.0
72415,DEER,bonus,1,0.9860857719720744,6.0
207799,DEER,bonus,1,0.9860857719720744,6.0
147789,DEER,bonus,1,0.9860857719720744,6.0
192725,DEER,bonus,1,0.9860857719720744,6.0
151469,DEER,bonus,1,0.9860857719720744,6.0
69389,DEER,bonus,1,0.9860857719720744,6.0
213826,DEER,bonus,1,0.9860857719720744,6.0
191719,DEER,bonus,1,0.9860857719720744,6.0
57672,DEER,bonus,1,0.9860857719720744,6.0
205102,DEER,bonus,1,0.9860857719720744,6.0
202109,DEER,bonus,1,0.9860857719720744,6.0
143761,DEER,bonus,1,0.9860857719720744,6.0
204133,DEER,bonus,1,0.9860857719720744,6.0
189709,DEER,bonus,1,0.9860857719720744,6.0
74198,DEER,bonus,1,0.9860857719720744,6.0
83613,DEER,bonus,1,0.9860857719720744,6.0
93355,DEER,bonus,1,0.9860857719720744,6.0
213484,DEER,bonus,1,0.9860857719720744,6.0
92022,DEER,bonus,1,0.9860857719720744,6.0
63676,DEER,bonus,1,0.9860857719720744,6.0
59673,DEER,bonus,1,0.9860857719720744,6.0
95702,DEER,bonus,1,0.9860857719720744,6.0
58340,DEER,bonus,1,0.9860857719720744,6.0
203100,DEER,bonus,1,0.9860857719720744,6.0
204795,DEER,bonus,1,0.9860857719720744,6.0
209808,DEER,bonus,1,0.9860857719720744,6.0
205120,DEER,bonus,1,0.9860857719720744,6.0
149113,DEER,bonus,1,0.9860857719720744,6.0
72406,DEER,bonus,1,0.9860857719720744,6.0
200757,DEER,bonus,1,0.9860857719720744,6.0
142082,DEER,bonus,1,0.9860857719720744,6.0
71073,DEER,bonus,1,0.9860857719720744,6.0
93361,DEER,bonus,1,0.9860857719720744,6.0
147457,DEER,bonus,1,0.9860857719720744,6.0
140064,DEER,bonus,1,0.9860857719720744,6.0
59679,DEER,bonus,1,0.9860857719720744,6.0
89648,DEER,bonus,1,0.9860857719720744,6.0
157160,DEER,bonus,1,0.9860857719720744,6.0
97691,DEER,bonus,1,0.9860857719720744,6.0
72735,DEER,bonus,1,0.9860857719720744,6.0
147099,DEER,bonus,1,0.9860857719720744,6.0
198418,DEER,bonus,1,0.9860857719720744,6.0
91345,DEER,bonus,1,0.9860857719720744,6.0
147786,DEER,bonus,1,0.9860857719720744,6.0
216460,DEER,bonus,1,0.937994113211219,5.999752809736101
165531,DEER,bonus,1,0.9379697876377436,5.999690521731025
202111,DEER,bonus,1,0.9378238341968912,5.999228366709263
199758,DEER,bonus,1,0.937750857476465,5.997483992906761
77583,DEER,bonus,1,0.9377265319029896,5.997409634881471
93363,DEER,bonus,1,0.937385973874334,5.9939706571557965
200769,DEER,bonus,1,0.9371427181395802,5.990132339942898
215464,DEER,bonus,1,0.9369967646987276,5.9873415434725965
201755,DEER,bonus,1,0.9367778345374492,5.97972367744911
96347,DEER,bonus,1,0.936583229949646,5.972789999293797
69048,DEER,bonus,1,0.9361940207740398,5.966379212092233
70388,DEER,bonus,1,0.9360723929066628,5.966379209935443
86301,DEER,bonus,1,0.9357075093045318,5.948855107530165
58993,DEER,bonus,1,0.935537230290204,5.945078294020303
147770,DEER,bonus,1,0.9353669512758764,5.944017025837403
59012,DEER,bonus,1,0.9352696489819748,5.942389503557283
95377,DEER,bonus,1,0.935099369967647,5.939402365418735
56992,DEER,bonus,1,0.9350750443941716,5.93839678969324
197755,DEER,bonus,1,0.9350507188206962,5.937735276347668
78921,DEER,bonus,1,0.9350020676737454,5.936027156494482
92684,DEER,bonus,1,0.93497774210027,5.934577059880183
90674,DEER,bonus,1,0.93497774210027,5.934577059880183
204431,DEER,bonus,1,0.934734486365516,5.9292659776466
199418,DEER,bonus,1,0.9342479748960082,5.912842081461098
65034,DEER,bonus,1,0.9337857889999756,5.885804956663689
63356,DEER,bonus,1,0.9337128122795496,5.882463870266169
199743,DEER,bonus,1,0.933688486706074,5.881024173521376
211140,DEER,bonus,1,0.9336641611325986,5.880494029563321
205806,DEER,bonus,1,0.933615509985648,5.87899014660519
165526,DEER,bonus,1,0.93312899851614,5.863442697800167
146788,DEER,bonus,1,0.9331046729426646,5.863106937229618
90680,DEER,bonus,1,0.9330316962222384,5.862393880146318
56666,DEER,bonus,1,0.9329830450752876,5.860416630586291
96703,DEER,bonus,1,0.932691138193583,5.858429237339586
215462,DEER,bonus,1,0.9326668126201076,5.858071919263807
67381,DEER,bonus,1,0.932642487046632,5.857479573300832
204110,DEER,bonus,1,0.932569510326206,5.854439983938333
212150,DEER,bonus,1,0.9324965336057798,5.854439979273654
188030,DEER,bonus,1,0.932326254591452,5.851442383436647
72743,DEER,bonus,1,0.9321803011505996,5.844653310108661
156491,DEER,bonus,1,0.9321316500036488,5.841478637849556
140409,DEER,bonus,1,0.9319370454158457,5.832748733476023
92660,DEER,bonus,1,0.93159648738719,5.82457313893572
80600,DEER,bonus,1,0.9315721618137148,5.824573135592996
95340,DEER,bonus,1,0.9315721618137148,5.824573135592996
73196,DEER,bonus,1,0.9313532316524362,5.823929645270067
144415,DEER,bonus,1,0.93128025493201,5.821418234466025
204434,DEER,bonus,1,0.9309883480503052,5.8104631183895945
199415,DEER,bonus,1,0.93096402247683,5.808595516997158
155815,DEER,bonus,1,0.930793743462502,5.797131898464314
199087,DEER,bonus,1,0.930477511007322,5.785756005579923
157158,DEER,bonus,1,0.9303072319929944,5.779851669695345
55661,DEER,bonus,1,0.9302099296990928,5.7767121314402665
204104,DEER,bonus,1,0.9301612785521418,5.772980469324019
209132,DEER,bonus,1,0.929918022817388,5.760380136582813
61330,DEER,bonus,1,0.929674767082634,5.748961901680722
212154,DEER,bonus,1,0.9295044880683062,5.743567145109091
74865,DEER,bonus,1,0.9294071857744046,5.742746799679427
186688,DEER,bonus,1,0.9293342090539785,5.738526257312289
84620,DEER,bonus,1,0.9292125811866014,5.728067719749325
91690,DEER,bonus,1,0.928944999878372,5.721439164259993
216462,DEER,bonus,1,0.9287747208640444,5.71601574427273
67035,DEER,bonus,1,0.928628767423192,5.706953060913158
196746,DEER,bonus,1,0.9282395582475856,5.6937218394045335
141417,DEER,bonus,1,0.9280936048067332,5.693327951246394
151467,DEER,bonus,1,0.9278746746454548,5.687412321783175
61001,DEER,bonus,1,0.9278503490719794,5.685446854030146
73083,DEER,bonus,1,0.9277773723515532,5.6794193216262245
68056,DEER,bonus,1,0.927704395631127,5.676531317948528
55319,DEER,bonus,1,0.9274368143228976,5.665497464328348
89650,DEER,bonus,1,0.9274124887494224,5.6652110111394345
79595,DEER,bonus,1,0.92726653530857,5.662455231941469
57004,DEER,bonus,1,0.9271935585881436,5.660404819581983
61350,DEER,bonus,1,0.9271692330146684,5.657993841193655
145444,DEER,bonus,1,0.9270476051472912,5.655433843997172
184342,DEER,bonus,1,0.9266340703982096,5.6422570815747655
97022,DEER,bonus,1,0.9265854192512588,5.640309783834994
149462,DEER,bonus,1,0.9263908146634556,5.629943630444708
93032,DEER,bonus,1,0.9262691867960788,5.6255047585620925
72737,DEER,bonus,1,0.9261962100756526,5.622645827233167
209137,DEER,bonus,1,0.9261718845021772,5.622574834225307
87644,DEER,bonus,1,0.9261475589287016,5.619204327600751
139395,DEER,bonus,1,0.9259286287674232,5.599652485693809
203784,DEER,bonus,1,0.9256367218857184,5.582406999349586
58990,DEER,bonus,1,0.9250285825488336,5.554004674253852
60330,DEER,bonus,1,0.9250042569753582,5.554004665238226
164858,DEER,bonus,1,0.9248096523875552,5.5496254737842365
57650,DEER,bonus,1,0.9247853268140795,5.549279567421103
197745,DEER,bonus,1,0.9243474664915226,5.533981083677437
210479,DEER,bonus,1,0.9242744897710964,5.5262433343637865
90682,DEER,bonus,1,0.9237636527281132,5.499818102493814
90650,DEER,bonus,1,0.9236176992872608,5.491630554749454
62336,DEER,bonus,1,0.9234717458464085,5.48432409733203
199074,DEER,bonus,1,0.9233987691259822,5.478487397360119
204126,DEER,bonus,1,0.923155513391228,5.469431459232716
202786,DEER,bonus,1,0.923155513391228,5.469431459232716
207797,DEER,bonus,1,0.9229122576564742,5.455312641295942
136040,DEER,bonus,1,0.9227419786421464,5.4459953328924176
185011,DEER,bonus,1,0.9226690019217204,5.445473619886187
185351,DEER,bonus,1,0.922596025201294,5.44251696962233
68042,DEER,bonus,1,0.9224987229073924,5.437575007845458
62018,DEER,bonus,1,0.9223284438930648,5.432587026013668
217131,DEER,bonus,1,0.9223041183195894,5.432360431081875
147097,DEER,bonus,1,0.92172030455618,5.402054199628569
148460,DEER,bonus,1,0.9211364907927704,5.382266003032488
204798,DEER,bonus,1,0.9211121652192952,5.381952475134157
208838,DEER,bonus,1,0.920990537351918,5.372888537047608
215795,DEER,bonus,1,0.920917560631492,5.368346900608889
70741,DEER,bonus,1,0.9208932350580163,5.367212026647041
55317,DEER,bonus,1,0.9204797003089348,5.349830823881598
156820,DEER,bonus,1,0.92018779342723,5.3358565921031325
73075,DEER,bonus,1,0.9198472353985744,5.319092753452565
215793,DEER,bonus,1,0.9197742586781484,5.317995109974304
205113,DEER,bonus,1,0.9196769563842468,5.313988171592754
67703,DEER,bonus,1,0.9196039796638206,5.308519749221243
88308,DEER,bonus,1,0.9195553285168698,5.306627399964992
193396,DEER,bonus,1,0.919385049502542,5.306278151107563
202101,DEER,bonus,1,0.9192390960616896,5.302057454176256
200430,DEER,bonus,1,0.9191904449147388,5.301246359165625
89646,DEER,bonus,1,0.9185336544309032,5.275758614256058
188704,DEER,bonus,1,0.9181930964022476,5.256432854890909
139405,DEER,bonus,1,0.9179741662409692,5.2517627515135485
67037,DEER,bonus,1,0.9173660269040844,5.2299628817793495
196072,DEER,bonus,1,0.9172443990367072,5.225315150963085
148793,DEER,bonus,1,0.9170254688754288,5.216450088750129
70404,DEER,bonus,1,0.9168551898611008,5.209693097286303
67719,DEER,bonus,1,0.916733561993724,5.205674072965506
145420,DEER,bonus,1,0.9166849108467732,5.205352784977666
74863,DEER,bonus,1,0.9165389574059208,5.200991836973407
91692,DEER,bonus,1,0.9163443528181175,5.1924149331611895
149464,DEER,bonus,1,0.9161497482303144,5.181494193513803
83951,DEER,bonus,1,0.9161010970833636,5.17694737686613
58987,DEER,bonus,1,0.9158821669220852,5.1648060881376425
94032,DEER,bonus,1,0.9157848646281836,5.162462191301463
73081,DEER,bonus,1,0.9157118879077574,5.157032442151502
203102,DEER,bonus,1,0.9154929577464788,5.1494093227118025
81940,DEER,bonus,1,0.9154686321730034,5.1489324100631535
80602,DEER,bonus,1,0.9154199810260528,5.146470474908757
92662,DEER,bonus,1,0.9153956554525772,5.146470470214901
97372,DEER,bonus,1,0.9152740275852004,5.1440754581161725
56339,DEER,bonus,1,0.9151523997178234,5.135812480277435
96375,DEER,bonus,1,0.914884818409594,5.125058356541355
49326,FISH,bonus,1,1.0,13.27066380372082
74137,FISH,bonus,1,0.9999574208382418,12.59957225771336
4885,FISH,bonus,1,0.9999148416764836,12.064813117249876
214618,FISH,bonus,1,0.9998722625147252,12.054915831130783
52970,FISH,bonus,1,0.9998296833529672,11.94255910896261
93084,FISH,bonus,1,0.9997729111372894,11.805983269474003
93082,FISH,bonus,1,0.9997161389216116,11.740901233382033
87499,FISH,bonus,1,0.999659366705934,11.669695609885965
88167,FISH,bonus,1,0.9996451736520148,11.625618413934356
91849,FISH,bonus,1,0.9996309805980952,11.613878591118576
52644,FISH,bonus,1,0.9995600153284984,11.56744067612896
54653,FISH,bonus,1,0.9995316292206594,11.509383831583063
53308,FISH,bonus,1,0.9995032431128206,11.493207699147671
132369,FISH,bonus,1,0.9994038917353848,11.430674699385625
93189,FISH,bonus,1,0.9993755056275458,11.398651030295012
52302,FISH,bonus,1,0.9993613125736264,11.392321951007924
89172,FISH,bonus,1,0.999347119519707,11.385481286392054
91181,FISH,bonus,1,0.9993187334118684,11.365108991807476
88164,FISH,bonus,1,0.9992193820344324,11.305563111750224
215621,FISH,bonus,1,0.999176802872674,11.274254242193807
48651,FISH,bonus,1,0.999105837603077,11.244884821300774
137383,FISH,bonus,1,0.9989639070638828,11.143210602850266
95432,FISH,bonus,1,0.9988503626325276,11.118179486021573
133371,FISH,bonus,1,0.99879359041685,11.09480173279079
93520,FISH,bonus,1,0.9987793973629304,11.08565758230596
93750,FISH,bonus,1,0.9987510112550918,11.06150399962098
129006,FISH,bonus,1,0.998722625147253,11.040684477535704
216290,FISH,bonus,1,0.99855230850022,10.938022920888566
18204,FISH,bonus,1,0.9985239223923812,10.935712481143485
138392,FISH,bonus,1,0.9985097293384616,10.92091753155857
88832,FISH,bonus,1,0.998452957122784,10.885096006028322
90510,FISH,bonus,1,0.9983677987992676,10.855106536747986
49998,FISH,bonus,1,0.9983394126914288,10.85129306214284
251067,FISH,bonus,1,0.9982258682600736,10.801309453052378
73135,FISH,bonus,1,0.9981832890983152,10.785961941781476
52642,FISH,bonus,1,0.998169096044396,10.78311500177034
94426,FISH,bonus,1,0.9981265168826376,10.769984234504218
52639,FISH,bonus,1,0.9980129724512824,10.713052530078054
10535,FISH,bonus,1,0.9979136210738464,10.661453475868145
87496,FISH,bonus,1,0.9978426558042494,10.62792781733405
63410,FISH,bonus,1,0.9977716905346524,10.585848404364713
127679,FISH,bonus,1,0.997729111372894,10.570230543068885
89841,FISH,bonus,1,0.9977007252650552,10.563435724102323
91178,FISH,bonus,1,0.9976723391572164,10.560020610768918
237394,FISH,bonus,1,0.9976439530493776,10.546402831232252
235287,FISH,bonus,1,0.9976297599954582,10.545038980255152
93757,FISH,bonus,1,0.9975304086180224,10.529187928610872
128680,FISH,bonus,1,0.997487829456264,10.515441268199227
94192,FISH,bonus,1,0.9974310572405864,10.503840128333076
232297,FISH,bonus,1,0.9974168641866672,10.502697622268796
96098,FISH,bonus,1,0.9973600919709894,10.475695087619366
140066,FISH,bonus,1,0.9973033197553116,10.43900808184219
5575,FISH,bonus,1,0.9972323544857148,10.412729551996929
213949,FISH,bonus,1,0.9972039683778758,10.399647012005628
135043,FISH,bonus,1,0.9971613892161176,10.370292214329645
208898,FISH,bonus,1,0.99710461700044,10.350749523237091
131359,FISH,bonus,1,0.9970762308926012,10.338008344265916
134706,FISH,bonus,1,0.9968207559220518,10.22592695485017
93183,FISH,bonus,1,0.9968065628681324,10.225089614681474
123321,FISH,bonus,1,0.9967355975985353,10.208539506277948
71795,FISH,bonus,1,0.996721404544616,10.202385852415128
97870,FISH,bonus,1,0.9967072114906964,10.183013472525593
92739,FISH,bonus,1,0.9966788253828576,10.181778286961183
132353,FISH,bonus,1,0.9966078601132604,10.172353486720327
142078,FISH,bonus,1,0.996551087897583,10.161017702699857
133369,FISH,bonus,1,0.9965368948436636,10.160309746333606
131698,FISH,bonus,1,0.996522701789744,10.158699440746124
90512,FISH,bonus,1,0.9964233504123082,10.135884113123868
122316,FISH,bonus,1,0.9963098059809528,10.108584334932456
130687,FISH,bonus,1,0.996281419873114,10.09893709276633
236306,FISH,bonus,1,0.9962530337652752,10.085136381986018
126330,FISH,bonus,1,0.9962246476574363,10.07536923001925
74466,FISH,bonus,1,0.9961678754417588,10.069030314442424
139398,FISH,bonus,1,0.99613948933392,10.066964301842544
146312,FISH,bonus,1,0.9960969101721616,10.05814022569057
48982,FISH,bonus,1,0.995969172686887,10.025872659666575
133038,FISH,bonus,1,0.9959407865790482,10.023834704366717
127331,FISH,bonus,1,0.9959265935251288,10.023443436646906
133367,FISH,bonus,1,0.9958840143633706,10.01380317993951
138055,FISH,bonus,1,0.995756276878096,9.981848658008392
144973,FISH,bonus,1,0.995727890770257,9.981139283070693
126004,FISH,bonus,1,0.9956001532849824,9.96094134593171
143296,FISH,bonus,1,0.9955859602310628,9.95869615379212
83870,FISH,bonus,1,0.9955433810693048,9.955578395178277
130015,FISH,bonus,1,0.9954724157997076,9.93976555778702
62742,FISH,bonus,1,0.9954582227457882,9.939386180053662
92517,FISH,bonus,1,0.9953730644222716,9.92158347569218
77803,FISH,bonus,1,0.9952453269369972,9.890658121304924
134704,FISH,bonus,1,0.9952311338830776,9.89024149644575
74803,FISH,bonus,1,0.9951317825056416,9.876161992075826
231074,FISH,bonus,1,0.9951175894517224,9.87391069163534
245719,FISH,bonus,1,0.9950608172360448,9.865389688907811
125000,FISH,bonus,1,0.9950466241821252,9.86130385860188
125657,FISH,bonus,1,0.9950324311282058,9.859888713542595
131366,FISH,bonus,1,0.9949898519664476,9.829315267064466
4907,FISH,bonus,1,0.99493307975077,9.82067417310611
86831,FISH,bonus,1,0.9948905005890116,9.806014220863778
131351,FISH,bonus,1,0.9948479214272536,9.80008535032854
130012,FISH,bonus,1,0.994833728373334,9.798578653447558
48655,FISH,bonus,1,0.9947201839419788,9.786892785466572
133362,FISH,bonus,1,0.9945072881331876,9.723512846057094
92520,FISH,bonus,1,0.9944647089714294,9.707704713454946
132356,FISH,bonus,1,0.994379550647913,9.702111563254933
85825,FISH,bonus,1,0.9943653575939936,9.697211380421155
135707,FISH,bonus,1,0.994351164540074,9.69719927357034
219222,FISH,bonus,1,0.99420923400088,9.670553358030173
7237,FISH,bonus,1,0.9941950409469604,9.663355147842346
128017,FISH,bonus,1,0.9941666548391216,9.661578751217766
130010,FISH,bonus,1,0.9940814965156052,9.652955943120174
234415,FISH,bonus,1,0.9940105312460082,9.638079826368523
125327,FISH,bonus,1,0.99396795208425,9.630825565569731
85486,FISH,bonus,1,0.9939253729224916,9.627152115831096
134489,FISH,bonus,1,0.9939111798685724,9.624568097509709
234364,FISH,bonus,1,0.993868600706814,9.605864198164982
92413,FISH,bonus,1,0.9938118284911364,9.598450622203275
92179,FISH,bonus,1,0.9937692493293782,9.58551537239913
152666,FISH,bonus,1,0.9936982840597812,9.568220811912902
133699,FISH,bonus,1,0.9936698979519424,9.566362333587168
89839,FISH,bonus,1,0.9936557048980228,9.566094310570334
131356,FISH,bonus,1,0.9934711951970704,9.541927736088624
121984,FISH,bonus,1,0.9933292646578764,9.52751647755358
248049,FISH,bonus,1,0.9932157202265212,9.506490175121728
96435,FISH,bonus,1,0.9932015271726016,9.506404994254464
93070,FISH,bonus,1,0.9931305619030046,9.502457860701153
137050,FISH,bonus,1,0.9930879827412464,9.493601893426648
217629,FISH,bonus,1,0.9929886313638104,9.474305919015718
132365,FISH,bonus,1,0.9929602452559716,9.46983102409778
131013,FISH,bonus,1,0.9929176660942136,9.464293921590494
132358,FISH,bonus,1,0.9928467008246163,9.454899474056976
122977,FISH,bonus,1,0.9927899286089388,9.45080430160641
86162,FISH,bonus,1,0.9927189633393416,9.44223875191397
94757,FISH,bonus,1,0.9926338050158252,9.432518845757183
136711,FISH,bonus,1,0.9925628397462282,9.42828696002316
252391,FISH,bonus,1,0.9924351022609534,9.41484131794546
72143,FISH,bonus,1,0.992420909207034,9.410681648901198
128024,FISH,bonus,1,0.9924067161531148,9.410674240128632
11892,FISH,bonus,1,0.9923925230991952,9.40498573459386
81861,FISH,bonus,1,0.9923357508835176,9.39632997005335
76466,FISH,bonus,1,0.99227897866784,9.380519489912048
223607,FISH,bonus,1,0.9922222064521624,9.374681494290382
230684,FISH,bonus,1,0.9921654342364846,9.369835886856318
80143,FISH,bonus,1,0.9921512411825651,9.368808169655258
84153,FISH,bonus,1,0.9921228550747264,9.364722297216522
124329,FISH,bonus,1,0.9917396426189024,9.311806075842409
51629,FISH,bonus,1,0.9916828704032248,9.305797237713772
127999,FISH,bonus,1,0.9916544842953858,9.303687434531948
70441,FISH,bonus,1,0.9915125537561916,9.294761783044702
212613,FISH,bonus,1,0.991455781540514,9.287597933662918
78471,FISH,bonus,1,0.9914273954326752,9.284544934229851
98450,FISH,bonus,1,0.9913990093248364,9.281668304477272
142410,FISH,bonus,1,0.991384816270917,9.276832586931924
98207,FISH,bonus,1,0.9913706232169976,9.275207159816894
140737,FISH,bonus,1,0.9912854648934812,9.26380713073225
227733,FISH,bonus,1,0.9911009551925288,9.232839971627357
218632,FISH,bonus,1,0.99107256908469,9.231006701841462
134374,FISH,bonus,1,0.9909590246533346,9.217046804790217
131682,FISH,bonus,1,0.9908880593837376,9.211964381059452
132028,FISH,bonus,1,0.9908454802219794,9.206109855849103
131018,FISH,bonus,1,0.99083128716806,9.20482242899448
131011,FISH,bonus,1,0.9907887080063016,9.19953057451388
123990,FISH,bonus,1,0.9907461288445436,9.190795881116314
83150,FISH,bonus,1,0.990731935790624,9.190549348337065
226731,FISH,bonus,1,0.9907177427367048,9.18835387175423
10487,FISH,bonus,1,0.9906041983053494,9.16100605445658
6460,FISH,bonus,1,0.9905616191435912,9.157259503175307
222630,FISH,bonus,1,0.9905474260896716,9.156939710878197
90836,FISH,bonus,1,0.9904622677661552,9.1487604484202
126006,FISH,bonus,1,0.9904480747122358,9.14828051883478
124331,FISH,bonus,1,0.9903771094426388,9.14099269719987
237053,FISH,bonus,1,0.9903345302808806,9.138210191031613
148991,FISH,bonus,1,0.9903203372269612,9.13757214128798
85158,FISH,bonus,1,0.9902919511191224,9.131902177342822
86824,FISH,bonus,1,0.990249371957364,9.128082826257344
213281,FISH,bonus,1,0.990206792795606,9.121965851587335
7806,FISH,bonus,1,0.99010744141817,9.105863646952706
224369,FISH,bonus,1,0.9900648622564115,9.10190558632764
199466,FISH,bonus,1,0.990008090040734,9.089759140479185
259121,FISH,bonus,1,0.9899513178250564,9.075089810846356
129021,FISH,bonus,1,0.989937124771137,9.071213475481857
51633,FISH,bonus,1,0.9898803525554594,9.06755797826714
148322,FISH,bonus,1,0.9897951942319428,9.054153906462528
122309,FISH,bonus,1,0.9897242289623458,9.046963903518146
216961,FISH,bonus,1,0.9896390706388294,9.03658739968852
10537,FISH,bonus,1,0.98962487758491,9.033965307738672
210291,FISH,bonus,1,0.9895822984231516,9.029773553425146
170399,FISH,bonus,1,0.9894403678839576,9.018593334795945
140734,FISH,bonus,1,0.989426174830038,9.016121944044988
132360,FISH,bonus,1,0.98938359566828,9.009770913497473
80139,FISH,bonus,1,0.9892700512369248,8.990990272649489
248830,FISH,bonus,1,0.9891565068055692,8.97753200554347
142959,FISH,bonus,1,0.98914231375165,8.977091920756079
81475,FISH,bonus,1,0.9891139276438112,8.976618008265271
153334,FISH,bonus,1,0.9890713484820528,8.969661856608298
231742,FISH,bonus,1,0.9890571554281334,8.969357875209594
240638,FISH,bonus,1,0.9890287693202946,8.968522672607671
249712,FISH,bonus,1,0.989000383212456,8.964922325405363
230681,FISH,bonus,1,0.9889578040506976,8.96168536761192
230071,FISH,bonus,1,0.9889436109967782,8.960627118526794
83816,FISH,bonus,1,0.98890103183502,8.953506425350835
141062,FISH,bonus,1,0.9887023290801482,8.93063661062771
142743,FISH,bonus,1,0.9886313638105512,8.922459854935973
82481,FISH,bonus,1,0.9886029777027124,8.91223225172328
99880,FISH,bonus,1,0.9885320124331152,8.901533613491653
251033,FISH,bonus,1,0.9885178193791958,8.900942211655073
76133,FISH,bonus,1,0.9884752402174376,8.898863440228089
129703,FISH,bonus,1,0.9883475027321628,8.882574219119652
151999,FISH,bonus,1,0.9882907305164852,8.876570869161501
141059,FISH,bonus,1,0.988248151354727,8.875149830885212
232410,FISH,bonus,1,0.98817718608513,8.86830157819704
133391,FISH,bonus,1,0.9881629930312106,8.86786107533394
158906,FISH,bonus,1,0.9881062208155328,8.85681720189733
99874,FISH,bonus,1,0.9880494485998552,8.848568806546641
233747,FISH,bonus,1,0.9879926763841776,8.840684037975375
248491,FISH,bonus,1,0.9879784833302582,8.83956133151964
75805,FISH,bonus,1,0.9879642902763388,8.838039739419019
69436,FISH,bonus,1,0.9879500972224192,8.836218024052672
89051,FISH,bonus,1,0.9878649388989028,8.827692857916226
136718,FISH,bonus,1,0.987836552791064,8.825998603712645
66763,FISH,bonus,1,0.9878223597371446,8.824981364926584
81477,FISH,bonus,1,0.9878081666832252,8.823223329208918
127012,FISH,bonus,1,0.9877797805753864,8.820886461392995
131139,FISH,bonus,1,0.9877088153057894,8.807503321231831
243147,FISH,bonus,1,0.9876804291979504,8.80490736421609
40904,FISH,bonus,1,0.9876236569822728,8.795811541102651
127674,FISH,bonus,1,0.987595270874434,8.795380835619612
244816,FISH,bonus,1,0.9873397959038848,8.758966313236934
236296,FISH,bonus,1,0.9872972167421264,8.756006024859467
66094,FISH,bonus,1,0.9872404445264488,8.752533226192174
97108,FISH,bonus,1,0.9872262514725292,8.752497172166962
141738,FISH,bonus,1,0.9871694792568516,8.75045354653002
99209,FISH,bonus,1,0.9871552862029322,8.748401581389748
77135,FISH,bonus,1,0.9870843209333352,8.743972426079969
128695,FISH,bonus,1,0.9869565834480604,8.727130444066216
79140,FISH,bonus,1,0.986828845962786,8.714903801515806
92177,FISH,bonus,1,0.9866869154235915,8.699384138198884
53315,FISH,bonus,1,0.9865875640461558,8.688497268607065
239082,FISH,bonus,1,0.9865591779383168,8.684002359789002
82812,FISH,bonus,1,0.9864598265608812,8.675926078336381
120451,FISH,bonus,1,0.9864172473991228,8.672477651550329
128012,FISH,bonus,1,0.9863604751834452,8.664692925600047
235752,FISH,bonus,1,0.9863462821295258,8.662830645833358
130698,FISH,bonus,1,0.9863037029677676,8.659975394208216
19210,FISH,bonus,1,0.9862185446442512,8.651681111565711
216263,FISH,bonus,1,0.9862043515903316,8.65051462860081
125675,FISH,bonus,1,0.9861333863207348,8.64037608836614
89170,FISH,bonus,1,0.9861191932668152,8.640129378939308
97447,FISH,bonus,1,0.986076614105057,8.637339751638716
254432,FISH,bonus,1,0.98600564883546,8.62113292130408
94858,FISH,bonus,1,0.9859488766197824,8.615227489721363
80810,FISH,bonus,1,0.985906297458024,8.613011540933691
75461,FISH,bonus,1,0.9858921044041048,8.60826238008612
63482,FISH,bonus,1,0.9858211391345076,8.5975188300101
127017,FISH,bonus,1,0.9858069460805882,8.594540378874683
91505,FISH,bonus,1,0.9857359808109912,8.583856241784105
126326,FISH,bonus,1,0.9856934016492328,8.581457465574644
124661,FISH,bonus,1,0.9856366294335552,8.56939901123696
97989,FISH,bonus,1,0.9855798572178776,8.564550326705847
252785,FISH,bonus,1,0.9854521197326028,8.55666852497133
141406,FISH,bonus,1,0.9853953475169251,8.551919560656366
141606,FISH,bonus,1,0.9852250308698924,8.542749561959308
53638,FISH,bonus,1,0.9851398725463758,8.537360407455646
74794,FISH,bonus,1,0.9850689072767788,8.53035139526348
72791,FISH,bonus,1,0.9849553628454234,8.516222162355989
260494,FISH,bonus,1,0.9847708531444712,8.499996948787526
93753,FISH,bonus,1,0.9846856948209546,8.492560100471154
238422,FISH,bonus,1,0.9846147295513576,8.48225850566295
80536,FISH,bonus,1,0.98455795733568,8.478421884330569
227633,FISH,bonus,1,0.984458605958244,8.464409607865615
16686,FISH,bonus,1,0.9844018337425664,8.461824575156875
248499,FISH,bonus,1,0.98431667541905,8.4503970750241
259838,FISH,bonus,1,0.9842457101494528,8.445655073529698
96189,FISH,bonus,1,0.9842315170955336,8.445585133164222
87862,FISH,bonus,1,0.9841889379337752,8.437244504312343
144304,FISH,bonus,1,0.9840895865563394,8.42693020155549
39900,FISH,bonus,1,0.98407539350242,8.426171980125671
218964,FISH,bonus,1,0.9839476560171452,8.403398238946062
236725,FISH,bonus,1,0.9839334629632258,8.40096761953005
97438,FISH,bonus,1,0.9838057254779512,8.394027769167058
41573,FISH,bonus,1,0.9837915324240316,8.39389863806204
123658,FISH,bonus,1,0.9837631463161928,8.392756299948298
115724,FISH,bonus,1,0.9837205671544346,8.390485342072283
129339,FISH,bonus,1,0.9837063741005152,8.389268577791555
94187,FISH,bonus,1,0.9835786366152404,8.374963255694405
236036,FISH,bonus,1,0.9835644435613212,8.374489223613814
86827,FISH,bonus,1,0.9835360574534824,8.368734360271551
65089,FISH,bonus,1,0.9834367060760464,8.35922422032079
67434,FISH,bonus,1,0.983422513022127,8.358612644852656
97527,FISH,bonus,1,0.9834083199682075,8.357776153092816
213194,FISH,bonus,1,0.9833799338603688,8.354764989904856
128022,FISH,bonus,1,0.98335154775253,8.354724293997453
127671,FISH,bonus,1,0.9832380033211746,8.341952159976765
11925,FISH,bonus,1,0.9832238102672552,8.341830028799063
97099,FISH,bonus,1,0.9831812311054968,8.339596437380832
34207,FISH,bonus,1,0.9830676866741416,8.330181287932753
71153,FISH,bonus,1,0.9830534936202224,8.329742629139853
110502,FISH,bonus,1,0.9829825283506252,8.32755830458232
89389,FISH,bonus,1,0.9829541422427864,8.326725772594726
50312,FISH,bonus,1,0.9827980186496728,8.315461602711666
114043,FISH,bonus,1,0.9827838255957534,8.313114800223984
126998,FISH,bonus,1,0.9826135089487203,8.301914867800699
48996,FISH,bonus,1,0.9825993158948012,8.301745976548725
77835,FISH,bonus,1,0.9825851228408816,8.299544761131115
248824,FISH,bonus,1,0.9825141575712846,8.29758303971195
242478,FISH,bonus,1,0.9821877173311382,8.267644556338219
45360,FISH,bonus,1,0.9821735242772188,8.267453764765943
125673,FISH,bonus,1,0.982045786791944,8.260783514347315
240805,FISH,bonus,1,0.9820174006841051,8.257356192307283
99535,FISH,bonus,1,0.9819606284684276,8.252414354844369
125325,FISH,bonus,1,0.9819180493066691,8.247866200512885
130026,FISH,bonus,1,0.9818754701449112,8.240425867620932
132394,FISH,bonus,1,0.9818186979292336,8.236311428249438
203491,FISH,bonus,1,0.9817903118213946,8.234574118165884
246776,FISH,bonus,1,0.9817193465517976,8.225209402534366
176836,FISH,bonus,1,0.9816341882282812,8.221902588933268
128693,FISH,bonus,1,0.9816199951743616,8.221900104412263
86851,FISH,bonus,1,0.981563222958684,8.218375804787538
84820,FISH,bonus,1,0.9815064507430064,8.210360125860776
100551,FISH,bonus,1,0.981492257689087,8.209116259426189
166,FISH,bonus,1,0.981463871581248,8.206116293730712
17197,FISH,bonus,1,0.9814496785273288,8.203461444005177
98383,FISH,bonus,1,0.9814070993655704,8.197434000436216
141736,FISH,bonus,1,0.9813929063116512,8.194072838799292
164467,FISH,bonus,1,0.9813503271498928,8.188206965540465
238754,FISH,bonus,1,0.9813361340959734,8.1872723874968
16191,FISH,bonus,1,0.981321941042054,8.186916624972863
218670,FISH,bonus,1,0.9811374313411017,8.172145105027973
239747,FISH,bonus,1,0.9811090452332628,8.171243536932103
228063,FISH,bonus,1,0.9810948521793434,8.170749557888572
97441,FISH,bonus,1,0.9810664660715046,8.167901853118588
112296,FISH,bonus,1,0.9810522730175852,8.159816410598632
34876,FISH,bonus,1,0.9809955008019076,8.155807244491523
93413,FISH,bonus,1,0.9809671146940688,8.153110347969049
241465,FISH,bonus,1,0.9808535702627136,8.143905575095383
237755,FISH,bonus,1,0.980839377208794,8.143506056094258
100889,FISH,bonus,1,0.980768411939197,8.140009939804113
4910,FISH,bonus,1,0.980740025831358,8.139177703609322
90168,FISH,bonus,1,0.9806974466696,8.131777014288685
52315,FISH,bonus,1,0.9806832536156804,8.129341804402674
229623,FISH,bonus,1,0.9806406744539222,8.128139079695211
91508,FISH,bonus,1,0.980598095292164,8.126729542914546
236969,FISH,bonus,1,0.9805697091843252,8.12517523491431
68771,FISH,bonus,1,0.9805413230764864,8.123258888353945
208956,FISH,bonus,1,0.980527130022567,8.122586822064532
126680,FISH,bonus,1,0.9803851994833728,8.11043459120043
69104,FISH,bonus,1,0.9803710064294534,8.109411816759662
96202,FISH,bonus,1,0.980356813375534,8.108446258609183
124669,FISH,bonus,1,0.9803284272676952,8.105539487242254
18207,FISH,bonus,1,0.980285848105937,8.101738135009132
97545,FISH,bonus,1,0.9802006897824204,8.099209577291493
184741,FISH,bonus,1,0.9801723036745816,8.092952493093097
234097,FISH,bonus,1,0.9801581106206624,8.091661994919365
207182,FISH,bonus,1,0.9800587592432264,8.078903813395435
127360,FISH,bonus,1,0.979945214811871,8.070967673801967
241312,FISH,bonus,1,0.9798600564883546,8.065157850035952
228295,FISH,bonus,1,0.9798174773265964,8.063668091930275
12501,FISH,bonus,1,0.9797607051109188,8.060186139129028
43917,FISH,bonus,1,0.97973231900308,8.056440618524109
97050,FISH,bonus,1,0.9796613537334828,8.05050757564194
54655,FISH,bonus,1,0.9795903884638858,8.046697820689376
67123,FISH,bonus,1,0.979562002356047,8.041025033737498
68102,FISH,bonus,1,0.979533616248208,8.04079086676188
93515,FISH,bonus,1,0.9794484579246916,8.03646007938121
94861,FISH,bonus,1,0.9794342648707722,8.033763225237912
111355,FISH,bonus,1,0.9794200718168528,8.033477820366887
176761,FISH,bonus,1,0.9793774926550946,8.031224624514987
99198,FISH,bonus,1,0.9793632996011752,8.03046294939375
82866,FISH,bonus,1,0.9792355621159003,8.023025574578615
232362,FISH,bonus,1,0.9792071760080616,8.021779747435945
32529,FISH,bonus,1,0.9790652454688676,8.013101739206364
143291,FISH,bonus,1,0.9790226663071092,8.007729110321284
74798,FISH,bonus,1,0.9790084732531898,8.006637603594987
43248,FISH,bonus,1,0.9789942801992704,8.006223501904612
228321,FISH,bonus,1,0.9789658940914316,8.005641520668705
97539,FISH,bonus,1,0.9787955774443988,7.991751729502774
80812,FISH,bonus,1,0.978667839959124,7.979114024216126
74846,FISH,bonus,1,0.9786252607973658,7.976705211364184
66096,FISH,bonus,1,0.978568488581688,7.971722072945458
48994,FISH,bonus,1,0.9784691372042522,7.958578153515102
241470,FISH,bonus,1,0.978426558042494,7.957343778073215
216994,FISH,bonus,1,0.9783981719346552,7.955982299561849
140552,FISH,bonus,1,0.9782988205572192,7.950754790304472
17692,FISH,bonus,1,0.9782704344493804,7.948166764001264
32533,FISH,bonus,1,0.9782278552876222,7.943227082482372
62411,FISH,bonus,1,0.9782136622337028,7.943000498889266
123663,FISH,bonus,1,0.9781994691797834,7.942991757547248
20323,FISH,bonus,1,0.9780575386405892,7.938063344853607
217184,FISH,bonus,1,0.9780433455866698,7.93530979052509
140761,FISH,bonus,1,0.9779865733709924,7.933384378864281
218943,FISH,bonus,1,0.9779581872631534,7.932505226036153
255745,FISH,bonus,1,0.9779156081013952,7.931363724526564
122776,FISH,bonus,1,0.9778730289396368,7.925522358925237
140396,FISH,bonus,1,0.9778304497778788,7.9229752112265714
163015,FISH,bonus,1,0.9778162567239592,7.922346729359691
7494,FISH,bonus,1,0.9777878706161204,7.921782768124019
163013,FISH,bonus,1,0.9777452914543624,7.919318635706764
3578,FISH,bonus,1,0.977702712292604,7.914664274791885
98879,FISH,bonus,1,0.9776317470230068,7.908512980568989
99220,FISH,bonus,1,0.9774898164838128,7.892846708721267
98109,FISH,bonus,1,0.9774188512142158,7.890760785291786
130342,FISH,bonus,1,0.9774046581602964,7.890469326354145
189786,FISH,bonus,1,0.977362078998538,7.889076951429301
224973,FISH,bonus,1,0.9772059554054244,7.880823452134259
7204,FISH,bonus,1,0.9771775692975858,7.87860301063124
187110,FISH,bonus,1,0.977120797081908,7.871710512299058
260511,FISH,bonus,1,0.977120797081908,7.871710512299058
236454,FISH,bonus,1,0.9770356387583916,7.867814222925728
120764,FISH,bonus,1,0.9770214457044722,7.866040491421895
174405,FISH,bonus,1,0.976978866542714,7.864692948440152
128689,FISH,bonus,1,0.9769646734887946,7.864608308537599
76809,FISH,bonus,1,0.9769079012731168,7.86076321329018
15012,FISH,bonus,1,0.9767943568417616,7.849388013995297
99876,FISH,bonus,1,0.9767091985182452,7.84561596270628
90840,FISH,bonus,1,0.9766950054643256,7.844840828251391
225727,FISH,bonus,1,0.9766666193564868,7.840869115500964
67795,FISH,bonus,1,0.976567267979051,7.833948835581547
246832,FISH,bonus,1,0.9765530749251315,7.833744694560391
114733,FISH,bonus,1,0.9764111443859376,7.82238457618844
95088,FISH,bonus,1,0.976396951332018,7.820317917661265
221578,FISH,bonus,1,0.9763827582780988,7.819804876400821
96873,FISH,bonus,1,0.97635437217026,7.817464056747018
76182,FISH,bonus,1,0.976325986062421,7.815396247114498
51313,FISH,bonus,1,0.9762408277389044,7.808573088094921
147317,FISH,bonus,1,0.9761414763614688,7.803652525342847
216292,FISH,bonus,1,0.97611309025363,7.80339060151646
216855,FISH,bonus,1,0.9760988971997104,7.801938718022078
211945,FISH,bonus,1,0.9760705110918716,7.800670445533656
96094,FISH,bonus,1,0.9759711597144356,7.79625010714343
48980,FISH,bonus,1,0.9758860013909192,7.787729945168651
172743,FISH,bonus,1,0.9758292291752416,7.778796944449082
49646,FISH,bonus,1,0.9757582639056446,7.775050169841131
5562,FISH,bonus,1,0.9757440708517252,7.774255993519072
242687,FISH,bonus,1,0.9756163333664504,7.758191737990697
196438,FISH,bonus,1,0.9754885958811758,7.752254657348171
142617,FISH,bonus,1,0.9754602097733368,7.751082063665
241474,FISH,bonus,1,0.9753750514498204,7.747293583382288
50336,FISH,bonus,1,0.975360858395901,7.747159605299789
182415,FISH,bonus,1,0.975289893126304,7.739421147392089
92401,FISH,bonus,1,0.9752473139645458,7.7380616319117985
226655,FISH,bonus,1,0.9752331209106264,7.737267003526782
231356,FISH,bonus,1,0.9751337695331904,7.729669268508301
129701,FISH,bonus,1,0.975119576479271,7.729595247807322
98201,FISH,bonus,1,0.9750911903714322,7.7267252380087985
227392,FISH,bonus,1,0.9750769973175129,7.7250010780233
233079,FISH,bonus,1,0.975048611209674,7.721855471254336
118424,FISH,bonus,1,0.9750060320479158,7.720931508665007
100220,FISH,bonus,1,0.9749918389939964,7.718284810747128
142287,FISH,bonus,1,0.974977645940077,7.717956016703816
202202,FISH,bonus,1,0.974949259832238,7.7163827925615855
98867,FISH,bonus,1,0.9746795918077692,7.692747642542225
239080,FISH,bonus,1,0.9745518543224946,7.685150370198104
117032,FISH,bonus,1,0.9745092751607364,7.683037115588357
236754,FISH,bonus,1,0.9744525029450588,7.680049638000447
94189,FISH,bonus,1,0.974395730729381,7.679659129558074
17921,FISH,bonus,1,0.9743815376754617,7.677792760271711
93848,FISH,bonus,1,0.9742821862980258,7.673008805099244
70112,FISH,bonus,1,0.9742538001901868,7.671580824108894
68482,FISH,bonus,1,0.9742396071362676,7.671408803683576
105035,FISH,bonus,1,0.9742112210284288,7.669674841328376
237056,FISH,bonus,1,0.9741686418666704,7.666604285446668
214616,FISH,bonus,1,0.974154448812751,7.663079738683296
246492,FISH,bonus,1,0.9741260627049122,7.662607893353509
2229,FISH,bonus,1,0.9740976765970734,7.661986551863067
34205,FISH,bonus,1,0.9740692904892344,7.660637369680407
96199,FISH,bonus,1,0.97394155300396,7.650357091179909
66147,FISH,bonus,1,0.9739273599500404,7.649645749314522
140556,FISH,bonus,1,0.9738847807882822,7.648063425522349
149994,FISH,bonus,1,0.9738563946804434,7.647681407354335
42244,FISH,bonus,1,0.9738138155186852,7.645712448787001
119040,FISH,bonus,1,0.973771236356927,7.644440481540317
99207,FISH,bonus,1,0.9737144641412492,7.640251570254394
64420,FISH,bonus,1,0.9737002710873298,7.639801281464631
163679,FISH,bonus,1,0.9736718849794912,7.63705828279427
126675,FISH,bonus,1,0.9736576919255716,7.63655906990944
4227,FISH,bonus,1,0.9735157613863776,7.628181499503031
245156,FISH,bonus,1,0.9733738308471834,7.620934023685691
70108,FISH,bonus,1,0.9733170586315056,7.617208468279739
96104,FISH,bonus,1,0.9732460933619088,7.610717176624565
228623,FISH,bonus,1,0.9731751280923115,7.606559292899816
131284,FISH,bonus,1,0.9731041628227146,7.602187703365616
215623,FISH,bonus,1,0.9729622322835204,7.589507465542626
122314,FISH,bonus,1,0.9729196531217622,7.586654445782949
142280,FISH,bonus,1,0.972877073960004,7.580353506489996
260506,FISH,bonus,1,0.9728344947982456,7.576679108143564
92510,FISH,bonus,1,0.9728203017443264,7.575076306095616
178735,FISH,bonus,1,0.9727919156364876,7.5735319427228065
239801,FISH,bonus,1,0.9727635295286486,7.573247492182453
72820,FISH,bonus,1,0.9727067573129712,7.56888306802701
137389,FISH,bonus,1,0.9726783712051322,7.567737258993678
254744,FISH,bonus,1,0.9725506337198576,7.558202383262435
130388,FISH,bonus,1,0.972536440665938,7.556985503638675
2226,FISH,bonus,1,0.9725222476120188,7.556884501123586
165356,FISH,bonus,1,0.9725080545580992,7.553615663390654
90051,FISH,bonus,1,0.9724796684502603,7.55162403610134
228960,FISH,bonus,1,0.9722809656953888,7.541557409132037
236974,FISH,bonus,1,0.9722667726414692,7.540845412610943
219234,FISH,bonus,1,0.9721816143179528,7.537175456460312
177399,FISH,bonus,1,0.9721390351561946,7.534627649739376
224723,FISH,bonus,1,0.9720822629405168,7.5340026057498655
234962,FISH,bonus,1,0.9718835601856451,7.52298837323292
82864,FISH,bonus,1,0.9718551740778064,7.522132100798971
134062,FISH,bonus,1,0.97177001575429,7.515928469602479
154866,FISH,bonus,1,0.971741629646451,7.515225590807834
17695,FISH,bonus,1,0.9717132435386122,7.511732674770863
129035,FISH,bonus,1,0.9716848574307734,7.510602631839489
176395,FISH,bonus,1,0.9716280852150956,7.506501362172956
7920,FISH,bonus,1,0.9715996991072569,7.504296388723223
39231,FISH,bonus,1,0.9715429268915792,7.501760952549934
127464,FISH,bonus,1,0.9715287338376598,7.496313744353173
189117,FISH,bonus,1,0.9715003477298212,7.494584680329834
243818,FISH,bonus,1,0.9714151894063046,7.489272972171211
217291,FISH,bonus,1,0.9714009963523852,7.488053399875821
72793,FISH,bonus,1,0.9713726102445464,7.485649667972919
176063,FISH,bonus,1,0.9713158380288688,7.484965390343952
238021,FISH,bonus,1,0.9713016449749492,7.483819446946111
115049,FISH,bonus,1,0.9712448727592716,7.48254847109791
35880,FISH,bonus,1,0.9712306797053522,7.482121109016958
234445,FISH,bonus,1,0.9712164866514328,7.480975726236565
94428,FISH,bonus,1,0.9711739074896746,7.479369247898903
145644,FISH,bonus,1,0.9710461700044,7.470877278720985
246161,FISH,bonus,1,0.9710319769504804,7.470067495496062
120101,FISH,bonus,1,0.9709610116808832,7.465492346397844
242473,FISH,bonus,1,0.9708900464112864,7.460814400796211
34874,FISH,bonus,1,0.970847467249528,7.457989914852539
52700,FISH,bonus,1,0.9708190811416892,7.455955479677528
98192,FISH,bonus,1,0.97080488808777,7.455894791808018
240032,FISH,bonus,1,0.9706629575485756,7.447345411909582
99547,FISH,bonus,1,0.9705777992250592,7.441521893149085
68454,FISH,bonus,1,0.9705068339554622,7.437484416533787
6196,FISH,bonus,1,0.9704216756319456,7.434335401735447
72137,FISH,bonus,1,0.9703932895241068,7.430084345800364
101556,FISH,bonus,1,0.9703790964701876,7.42883534521007
119021,FISH,bonus,1,0.970364903416268,7.42789945398501
96861,FISH,bonus,1,0.9702797450927516,7.423578370744017
181418,FISH,bonus,1,0.9701520076074768,7.417936592672922
140558,FISH,bonus,1,0.9701378145535576,7.416828158193856
139880,FISH,bonus,1,0.9700952353917992,7.4158287156526255
90162,FISH,bonus,1,0.9700810423378798,7.414930547547053
121772,FISH,bonus,1,0.9700668492839604,7.414282352970432
106496,FISH,bonus,1,0.970052656230041,7.41359134677623
39778,FISH,bonus,1,0.9699958840143632,7.412202818992419
97860,FISH,bonus,1,0.9699533048526052,7.410188746057082
239075,FISH,bonus,1,0.9698255673673304,7.404545000922057
73132,FISH,bonus,1,0.969811374313411,7.404516187251503
64154,FISH,bonus,1,0.9697971812594915,7.402003086280112
44922,FISH,bonus,1,0.9697262159898944,7.398854471896333
127468,FISH,bonus,1,0.969641057666378,7.394735010623975
144456,FISH,bonus,1,0.9696126715585393,7.39395925396897
246821,FISH,bonus,1,0.96959847850462,7.392620083536754
164352,FISH,bonus,1,0.969499127127184,7.38531178030918
65091,FISH,bonus,1,0.9694565479654256,7.382510676104544
6199,FISH,bonus,1,0.9694139688036676,7.37735081534189
108163,FISH,bonus,1,0.9693430035340704,7.374727056241974
132725,FISH,bonus,1,0.9691726868870376,7.365230376957867
140561,FISH,bonus,1,0.9691301077252792,7.364220369231046
223298,FISH,bonus,1,0.969087528563521,7.362887450497108
217495,FISH,bonus,1,0.9690733355096016,7.362752928226382
67455,FISH,bonus,1,0.969059142455682,7.362419739963779
185073,FISH,bonus,1,0.9690023702400046,7.360830216911005
19212,FISH,bonus,1,0.9689739841321656,7.359771076734736
93400,FISH,bonus,1,0.9689455980243268,7.35738287662512
50005,FISH,bonus,1,0.9689314049704076,7.35635633457979
20979,FISH,bonus,1,0.9689030188625688,7.355076118549896
34395,FISH,bonus,1,0.9688888258086492,7.355040101452074
97530,FISH,bonus,1,0.968846246646891,7.351614869434495
79142,FISH,bonus,1,0.9687185091616164,7.341990019191992
125786,FISH,bonus,1,0.9686901230537774,7.341511209564212
141450,FISH,bonus,1,0.9686617369459388,7.338787031322765
74484,FISH,bonus,1,0.968604964730261,7.336877677327967
253126,FISH,bonus,1,0.9685765786224222,7.335373578488086
252446,FISH,bonus,1,0.968533999460664,7.333320051479732
247489,FISH,bonus,1,0.9684488411371476,7.328676487179827
129032,FISH,bonus,1,0.9682359453283564,7.320411795825455
149830,FISH,bonus,1,0.9680798217352428,7.313987067152493
51970,FISH,bonus,1,0.968051435627404,7.3110577639308545
7908,FISH,bonus,1,0.967952084249968,7.304199500878066
102710,FISH,bonus,1,0.9679236981421292,7.302167126817665
70497,FISH,bonus,1,0.9678953120342904,7.301290496137041
44691,FISH,bonus,1,0.9678385398186128,7.297164361737297
181747,FISH,bonus,1,0.9677817676029352,7.29449407936229
237396,FISH,bonus,1,0.9677533814950964,7.2928542459546355
175163,FISH,bonus,1,0.9677391884411768,7.292755670313132
98882,FISH,bonus,1,0.9677249953872574,7.292498734279972
20987,FISH,bonus,1,0.967710802333338,7.29150397388353
167145,FISH,bonus,1,0.967710802333338,7.29150397388353
246748,FISH,bonus,1,0.9676256440098217,7.290934382655935
222621,FISH,bonus,1,0.9675830648480632,7.2868864547628736
120026,FISH,bonus,1,0.967398555147111,7.278113021487128
96870,FISH,bonus,1,0.9673843620931916,7.278033303188439
155543,FISH,bonus,1,0.9672566246079168,7.268628375325697
17642,FISH,bonus,1,0.9672424315539976,7.268591583304834
257428,FISH,bonus,1,0.967228238500078,7.263980352263504
154520,FISH,bonus,1,0.9671430801765616,7.258505643937988
240801,FISH,bonus,1,0.9671146940687227,7.256864603330682
249459,FISH,bonus,1,0.9671005010148034,7.255586886979507
20936,FISH,bonus,1,0.9670721149069644,7.253654488769424
161352,FISH,bonus,1,0.966986956583448,7.252038949079806
135714,FISH,bonus,1,0.9667882538285762,7.239885161623525
112699,FISH,bonus,1,0.966745674666818,7.23728583598692
227637,FISH,bonus,1,0.9667314816128988,7.236619204590766
177741,FISH,bonus,1,0.9667172885589792,7.236355212581377
175037,FISH,bonus,1,0.9666605163433016,7.234617195761511
228400,FISH,bonus,1,0.9665753580197852,7.23151352207914
176371,FISH,bonus,1,0.9665469719119464,7.230399865370822
139543,FISH,bonus,1,0.9665185858041074,7.22945918046841
79811,FISH,bonus,1,0.9664760066423492,7.224880655676877
48323,FISH,bonus,1,0.9664192344266715,7.220611503751676
229956,FISH,bonus,1,0.9663340761031552,7.213471682170533
18697,FISH,bonus,1,0.9663198830492356,7.212389022171869
66149,FISH,bonus,1,0.9663056899953164,7.212354412533373
50345,FISH,bonus,1,0.9662205316717998,7.211160640304643
99205,FISH,bonus,1,0.9662063386178804,7.210881205110524
72464,FISH,bonus,1,0.9661779525100416,7.209279701817154
25669,FISH,bonus,1,0.9661353733482834,7.20824596866546
245494,FISH,bonus,1,0.966121180294364,7.20817439850894
219627,FISH,bonus,1,0.9660786011326056,7.206956371343467
187770,FISH,bonus,1,0.9660076358630086,7.203228893271111
141065,FISH,bonus,1,0.965950863647331,7.201672373244902
98214,FISH,bonus,1,0.9659082844855728,7.196189575950195
178726,FISH,bonus,1,0.9658657053238144,7.193757307704965
221190,FISH,bonus,1,0.9657947400542176,7.192759599005993
125350,FISH,bonus,1,0.9657237747846203,7.188611339017103
31856,FISH,bonus,1,0.965709581730701,7.187781368144616
175066,FISH,bonus,1,0.9656102303532652,7.180468416446357
110039,FISH,bonus,1,0.9655818442454264,7.178549360173339
165011,FISH,bonus,1,0.9655250720297488,7.17622073137617
177721,FISH,bonus,1,0.9655108789758292,7.175428422133269
11828,FISH,bonus,1,0.9654966859219098,7.175424425510781
259166,FISH,bonus,1,0.9653689484366352,7.170012055316012
221298,FISH,bonus,1,0.9653121762209574,7.1676685438798495
141612,FISH,bonus,1,0.965297983167038,7.167519104332261
95187,FISH,bonus,1,0.9652837901131186,7.166607727445348
131721,FISH,bonus,1,0.9652695970591992,7.166064947833162
20977,FISH,bonus,1,0.96525540400528,7.166016609180038
154851,FISH,bonus,1,0.9652128248435216,7.16421274939823
232700,FISH,bonus,1,0.9650850873582468,7.160763409788283
117753,FISH,bonus,1,0.9650425081964886,7.159700805126908
219674,FISH,bonus,1,0.9649999290347304,7.159301992779016
216482,FISH,bonus,1,0.9649289637651334,7.15335158396561
96868,FISH,bonus,1,0.9649005776572944,7.152453485773463
247804,FISH,bonus,1,0.9647870332259392,7.149502021647147
144975,FISH,bonus,1,0.9647302610102616,7.148126438968519
167337,FISH,bonus,1,0.964574137417148,7.137329984155772
212165,FISH,bonus,1,0.9645315582553898,7.135748408672513
112368,FISH,bonus,1,0.964503172147551,7.134099834156919
881,FISH,bonus,1,0.9644605929857928,7.132128953501144
189781,FISH,bonus,1,0.9643612416083568,7.1276133318766295
89493,FISH,bonus,1,0.9643044693926792,7.12667567430083
33539,FISH,bonus,1,0.964261890230921,7.126420507858798
85212,FISH,bonus,1,0.9641341527456464,7.119615590874143
51359,FISH,bonus,1,0.9641057666378074,7.119097172322799
39423,FISH,bonus,1,0.9640773805299686,7.117817359109636
184431,FISH,bonus,1,0.9640631874760492,7.115689046050527
144130,FISH,bonus,1,0.9640489944221298,7.114534183326986
230271,FISH,bonus,1,0.9640064152603716,7.11260958731224
210947,FISH,bonus,1,0.9639922222064522,7.112183927145501
217163,FISH,bonus,1,0.9639638360986134,7.109518238189289
56513,FISH,bonus,1,0.9639212569368552,7.1079407601458175
178406,FISH,bonus,1,0.9638644847211776,7.10769514751974
27008,FISH,bonus,1,0.9638219055594192,7.106995540254399
64823,FISH,bonus,1,0.9637935194515804,7.104996426171919
224865,FISH,bonus,1,0.9637367472359027,7.102905856159375
5916,FISH,bonus,1,0.963708361128064,7.101310909027453
118436,FISH,bonus,1,0.963708361128064,7.101310909027453
19199,FISH,bonus,1,0.9635806236427892,7.097982196768184
168819,FISH,bonus,1,0.9635522375349505,7.096527325668153
253134,FISH,bonus,1,0.9634812722653532,7.092747614220304
243149,FISH,bonus,1,0.9634528861575146,7.092538342446912
210775,MAIZE,bonus,1,0.9999065216713924,152124.41314536522
152594,MAIZE,bonus,1,0.9998753622285234,150120.83619279464
209764,MAIZE,bonus,1,0.9997818838999158,134098.04238988325
66731,MAIZE,bonus,1,0.9997507244570468,129835.51748707278
72425,MAIZE,bonus,1,0.9996572461284392,118853.5375975294
73094,MAIZE,bonus,1,0.9995014489140934,113623.3760758896
211446,MAIZE,bonus,1,0.9994702894712244,112457.24239241245
72762,MAIZE,bonus,1,0.999407970585486,111612.40133020665
67400,MAIZE,bonus,1,0.99925217337114,110435.97698626512
210104,MAIZE,bonus,1,0.9991898544854018,110039.39528123848
218878,MAIZE,bonus,1,0.9991586950425326,109536.04665181192
207417,MAIZE,bonus,1,0.9990028978281869,107854.79494869284
66062,MAIZE,bonus,1,0.9989405789424484,106661.64617441013
131803,MAIZE,bonus,1,0.9987847817281028,104140.78965250868
208420,MAIZE,bonus,1,0.9987536222852336,104083.87399681922
70077,MAIZE,bonus,1,0.9986913033994952,102750.08923635467
223256,MAIZE,bonus,1,0.9985043467422804,99918.46572785176
210435,MAIZE,bonus,1,0.998442027856542,99826.30246111762
68068,MAIZE,bonus,1,0.9984108684136728,99783.95487574332
71421,MAIZE,bonus,1,0.9983797089708036,99419.26242627297
71081,MAIZE,bonus,1,0.9983173900850651,99156.91831021052
210437,MAIZE,bonus,1,0.9979434767706352,95171.23313027227
93676,MAIZE,bonus,1,0.9977253606705512,93768.08650880695
72094,MAIZE,bonus,1,0.997694201227682,93700.15287695947
69072,MAIZE,bonus,1,0.9973826067989904,91223.24196129268
211108,MAIZE,bonus,1,0.9973514473561212,91149.02064591627
155307,MAIZE,bonus,1,0.9969463745988222,89371.37643541035
70410,MAIZE,bonus,1,0.996915215155953,88496.57639446725
58741,MAIZE,bonus,1,0.9967594179416072,86684.22443060481
93023,MAIZE,bonus,1,0.9965724612843924,84919.561509229
156315,MAIZE,bonus,1,0.9965413018415232,84875.65539598564
90313,MAIZE,bonus,1,0.9964789829557849,84364.59911762962
91679,MAIZE,bonus,1,0.9962920262985698,82708.92629143577
69074,MAIZE,bonus,1,0.9959804318698782,80994.39400408776
68072,MAIZE,bonus,1,0.9958869535412708,80829.39740378915
69070,MAIZE,bonus,1,0.9955753591125792,79939.40263889242
89645,MAIZE,bonus,1,0.99554419966971,79825.60712963466
69738,MAIZE,bonus,1,0.9954818807839716,79505.87354807269
65058,MAIZE,bonus,1,0.995357243012495,79141.7829728385
187376,MAIZE,bonus,1,0.9953260835696258,79139.63240912941
64051,MAIZE,bonus,1,0.9951391269124108,77953.83315568998
71423,MAIZE,bonus,1,0.9950456485838032,77856.21297870867
60418,MAIZE,bonus,1,0.9948898513694576,77332.31974066937
70415,MAIZE,bonus,1,0.9948586919265884,77236.47089675345
71754,MAIZE,bonus,1,0.9946405758265042,76408.42024086503
72423,MAIZE,bonus,1,0.9945159380550276,75583.28330205948
73766,MAIZE,bonus,1,0.99442245972642,75345.67948863597
209092,MAIZE,bonus,1,0.9943913002835508,75318.59065455208
207437,MAIZE,bonus,1,0.9943289813978126,74987.38013564606
72097,MAIZE,bonus,1,0.9942978219549434,74985.83862914064
208210,MAIZE,bonus,1,0.9942355030692052,74889.68541957685
156652,MAIZE,bonus,1,0.9941420247405977,74726.78492323688
208445,MAIZE,bonus,1,0.9939550680833826,74358.72455850747
88977,MAIZE,bonus,1,0.9936746330975602,73424.83785779691
208788,MAIZE,bonus,1,0.9933941981117378,72260.32996290267
207777,MAIZE,bonus,1,0.9933318792259994,72041.86928662976
141901,MAIZE,bonus,1,0.9932695603402611,72029.99918943353
214790,MAIZE,bonus,1,0.993051444240177,71098.96781856513
207435,MAIZE,bonus,1,0.992864487582962,70202.08819512727
208106,MAIZE,bonus,1,0.9928021686972236,70059.07168135364
90651,MAIZE,bonus,1,0.9926152120400088,69386.93592389714
209433,MAIZE,bonus,1,0.9925840525971396,69243.54446169068
212452,MAIZE,bonus,1,0.9923970959399246,68755.26414993733
91675,MAIZE,bonus,1,0.9923659364970554,68664.84313026539
87014,MAIZE,bonus,1,0.9923347770541864,68655.10416065957
205154,MAIZE,bonus,1,0.9920231826254946,67958.47214346775
91660,MAIZE,bonus,1,0.9919608637397564,67723.19524969404
210797,MAIZE,bonus,1,0.9918050665254106,67114.01240647526
72765,MAIZE,bonus,1,0.9915869504253264,66731.97255209969
69736,MAIZE,bonus,1,0.991306515439504,66180.85666181677
209456,MAIZE,bonus,1,0.991150718225158,65588.81125870641
208784,MAIZE,bonus,1,0.9910572398965508,65362.51103487833
91007,MAIZE,bonus,1,0.9909949210108124,65153.27607907823
212444,MAIZE,bonus,1,0.9908391237964664,64743.81358972175
54374,MAIZE,bonus,1,0.9906833265821208,64426.09344544137
70742,MAIZE,bonus,1,0.9904963699249058,63643.06700822003
71426,MAIZE,bonus,1,0.99034057271056,63217.58297623749
210108,MAIZE,bonus,1,0.990184775496214,62890.1604051488
87012,MAIZE,bonus,1,0.9900601377247374,62640.60101832785
69080,MAIZE,bonus,1,0.9898731810675224,62176.22956170517
91331,MAIZE,bonus,1,0.989748543296046,62007.90167266664
149312,MAIZE,bonus,1,0.9897173838531768,61995.713977943
132809,MAIZE,bonus,1,0.9895304271959616,61458.65669592305
75779,MAIZE,bonus,1,0.989374629981616,61256.84311877944
89983,MAIZE,bonus,1,0.9893434705387468,61148.63784265266
156944,MAIZE,bonus,1,0.9892811516530085,61083.64256235447
131805,MAIZE,bonus,1,0.9892499922101392,60954.94622223962
71752,MAIZE,bonus,1,0.98921883276727,60905.359721489294
66733,MAIZE,bonus,1,0.9891876733244008,60890.08593394485
73768,MAIZE,bonus,1,0.989000716667186,60574.17320371505
93691,MAIZE,bonus,1,0.9889695572243168,60535.08517495198
219549,MAIZE,bonus,1,0.9889383977814477,60515.97487568244
74439,MAIZE,bonus,1,0.9885644844670176,60045.07589743133
71413,MAIZE,bonus,1,0.9885333250241486,60034.43299788416
187374,MAIZE,bonus,1,0.9883463683669336,59493.11087736499
156946,MAIZE,bonus,1,0.9881282522668494,58806.97220390468
149308,MAIZE,bonus,1,0.9879412956096344,58430.31658514588
208088,MAIZE,bonus,1,0.987847817281027,58324.2829020581
152186,MAIZE,bonus,1,0.9875362228523354,57620.22262253763
208765,MAIZE,bonus,1,0.9874115850808588,57538.737964565495
209449,MAIZE,bonus,1,0.9873804256379896,57428.38413551159
87010,MAIZE,bonus,1,0.9872557878665128,57185.08936868459
74437,MAIZE,bonus,1,0.9872246284236438,57139.34649374876
203412,MAIZE,bonus,1,0.9871623095379056,57095.06259690582
54036,MAIZE,bonus,1,0.9871311500950364,56979.85965158411
207779,MAIZE,bonus,1,0.987068831209298,56901.00171702315
89308,MAIZE,bonus,1,0.9870376717664288,56781.157463628624
87016,MAIZE,bonus,1,0.9870065123235596,56670.74971238736
213115,MAIZE,bonus,1,0.9869441934378214,56569.40899112027
64113,MAIZE,bonus,1,0.9868195556663448,56398.382909396125
208116,MAIZE,bonus,1,0.986507961237653,55705.640424868194
208782,MAIZE,bonus,1,0.986476801794784,55656.76824892662
151319,MAIZE,bonus,1,0.9863833234661764,55562.220940605104
90311,MAIZE,bonus,1,0.9862898451375688,55330.54855900996
75108,MAIZE,bonus,1,0.9861963668089616,55295.8218889454
210777,MAIZE,bonus,1,0.9861340479232232,55161.16883755318
92671,MAIZE,bonus,1,0.9859782507088772,55058.734093723695
159185,MAIZE,bonus,1,0.985915931823139,54990.47504321689
57735,MAIZE,bonus,1,0.9858536129374008,54789.78530388532
67063,MAIZE,bonus,1,0.9857912940516624,54719.97523226449
78452,MAIZE,bonus,1,0.9856354968373164,54413.9765013783
92674,MAIZE,bonus,1,0.985355061851494,53911.21055711877
68401,MAIZE,bonus,1,0.9853239024086248,53865.14807365656
207415,MAIZE,bonus,1,0.9852304240800176,53838.83950426758
64390,MAIZE,bonus,1,0.9851057863085408,53586.52059032739
143437,MAIZE,bonus,1,0.9850434674228024,53446.45866834652
211106,MAIZE,bonus,1,0.9847941918798492,53217.42613275617
88631,MAIZE,bonus,1,0.9844514380082884,52669.8397970825
87636,MAIZE,bonus,1,0.9840152058081202,52103.26918629005
70752,MAIZE,bonus,1,0.9839217274795128,52031.92866962832
156949,MAIZE,bonus,1,0.9838594085937744,51997.11334163768
57064,MAIZE,bonus,1,0.9837036113794284,51669.46837753236
148127,MAIZE,bonus,1,0.9835478141650827,51240.41180727319
208104,MAIZE,bonus,1,0.9832985386221296,50986.83567073
71096,MAIZE,bonus,1,0.9831115819649144,50772.34585943628
214117,MAIZE,bonus,1,0.9830492630791762,50734.89535370428
69076,MAIZE,bonus,1,0.9829557847505688,50612.142408052096
205764,MAIZE,bonus,1,0.9828623064219612,50439.20488580891
157321,MAIZE,bonus,1,0.9826753497647462,50211.23187939428
73092,MAIZE,bonus,1,0.982613030879008,50201.48616116143
207756,MAIZE,bonus,1,0.9825195525504004,50183.45607842722
147123,MAIZE,bonus,1,0.9823325958931854,49979.353013123706
70420,MAIZE,bonus,1,0.9822702770074472,49941.021236483626
86345,MAIZE,bonus,1,0.9818340448072788,49084.7107057884
69734,MAIZE,bonus,1,0.9818028853644096,49081.20135208018
145784,MAIZE,bonus,1,0.9816159287071948,48977.2778676347
75104,MAIZE,bonus,1,0.9815536098214565,48918.4945708534
87354,MAIZE,bonus,1,0.981491290935718,48776.664409025405
210129,MAIZE,bonus,1,0.9809927398498116,47879.697115046576
210096,MAIZE,bonus,1,0.9809615804069424,47845.29272229002
212111,MAIZE,bonus,1,0.9807434643068582,47505.210775174
147453,MAIZE,bonus,1,0.9801825943352132,46976.63399531032
81883,MAIZE,bonus,1,0.9800267971208676,46849.64860058178
158625,MAIZE,bonus,1,0.9799021593493908,46717.36727262634
214121,MAIZE,bonus,1,0.9798709999065216,46716.20449306051
183349,MAIZE,bonus,1,0.9798398404636524,46688.32154717246
63384,MAIZE,bonus,1,0.9794036082634844,46267.373968506894
72100,MAIZE,bonus,1,0.9793724488206152,46256.12992327571
66060,MAIZE,bonus,1,0.9790608543919236,46000.33814154239
211779,MAIZE,bonus,1,0.978967376063316,45900.85999065137
96372,MAIZE,bonus,1,0.9789362166204468,45890.22952694883
103038,MAIZE,bonus,1,0.9789050571775776,45828.39007329264
207205,MAIZE,bonus,1,0.978780419406101,45760.74151194619
76110,MAIZE,bonus,1,0.9787492599632318,45756.64297732568
209776,MAIZE,bonus,1,0.9779079550057646,44526.91048484427
209109,MAIZE,bonus,1,0.9778767955628952,44517.86610242764
207449,MAIZE,bonus,1,0.9777833172342878,44473.49869602458
208097,MAIZE,bonus,1,0.9777521577914188,44459.91608372447
131800,MAIZE,bonus,1,0.9775652011342038,44347.81072522348
213453,MAIZE,bonus,1,0.9774717228055962,44295.32436143546
149980,MAIZE,bonus,1,0.9773782444769888,44149.08379261924
211115,MAIZE,bonus,1,0.9773470850341196,44112.62064530172
73760,MAIZE,bonus,1,0.9773159255912504,44100.52946408915
63722,MAIZE,bonus,1,0.977222447262643,43980.51953145576
88018,MAIZE,bonus,1,0.9770043311625588,43727.26938018615
100680,MAIZE,bonus,1,0.9767862150624746,43556.977190861
92350,MAIZE,bonus,1,0.9767550556196056,43480.05482118904
205068,MAIZE,bonus,1,0.976661577290998,43454.25728275444
88023,MAIZE,bonus,1,0.9766304178481288,43400.48397908801
206766,MAIZE,bonus,1,0.9765992584052596,43395.44287555691
182964,MAIZE,bonus,1,0.9764123017480448,43275.715325345045
80471,MAIZE,bonus,1,0.9760383884336148,43080.61232145112
68397,MAIZE,bonus,1,0.9760072289907455,43062.79968198477
221576,MAIZE,bonus,1,0.9758514317764,42959.08848629994
213113,MAIZE,bonus,1,0.9757579534477924,42926.78941642277
65452,MAIZE,bonus,1,0.9757267940049232,42923.19919931919
127100,MAIZE,bonus,1,0.9755086779048392,42746.32167571281
87336,MAIZE,bonus,1,0.9752282429190168,42436.58331395283
193397,MAIZE,bonus,1,0.9751347645904092,42278.46068694487
153265,MAIZE,bonus,1,0.97510360514754,42270.21811764017
207878,MAIZE,bonus,1,0.9749789673760632,42114.92914070415
88355,MAIZE,bonus,1,0.9748231701617176,42076.64243466628
96361,MAIZE,bonus,1,0.9747920107188484,42017.85603982693
94359,MAIZE,bonus,1,0.9747608512759792,41986.52721731998
72082,MAIZE,bonus,1,0.9745738946187642,41886.08194820338
141177,MAIZE,bonus,1,0.974137662418596,41460.068196450535
209095,MAIZE,bonus,1,0.973919546318512,41144.062602763486
217584,MAIZE,bonus,1,0.9735144735612128,40821.41514554014
208543,MAIZE,bonus,1,0.9734521546754744,40785.91832249152
205101,MAIZE,bonus,1,0.973389835789736,40757.16645585155
156280,MAIZE,bonus,1,0.9733586763468668,40707.07280396938
206772,MAIZE,bonus,1,0.973171719689652,40584.73796744764
93003,MAIZE,bonus,1,0.9731405602467827,40524.44094119968
90032,MAIZE,bonus,1,0.9727043280466146,40121.1639992798
151987,MAIZE,bonus,1,0.972610849718007,39973.896905955866
87334,MAIZE,bonus,1,0.9724550525036612,39823.00484755574
91670,MAIZE,bonus,1,0.9723304147321846,39686.81642323789
69065,MAIZE,bonus,1,0.9722369364035772,39657.34672212691
148129,MAIZE,bonus,1,0.9721746175178388,39587.860330978896
152937,MAIZE,bonus,1,0.9719565014177548,39417.4251670158
63055,MAIZE,bonus,1,0.9714267908889788,39032.30079491183
210790,MAIZE,bonus,1,0.9713644720032406,39007.73695063875
144108,MAIZE,bonus,1,0.9713333125603716,38996.081705010576
76106,MAIZE,bonus,1,0.9713021531175022,38994.41687523825
68399,MAIZE,bonus,1,0.9711151964602872,38956.42626995676
155303,MAIZE,bonus,1,0.9709282398030724,38828.59921026851
86673,MAIZE,bonus,1,0.9708036020315955,38719.26578469394
142240,MAIZE,bonus,1,0.9707724425887264,38712.16195151427
187721,MAIZE,bonus,1,0.9707412831458574,38710.08354735403
78450,MAIZE,bonus,1,0.9706166453743807,38671.39609533648
133469,MAIZE,bonus,1,0.97027389150282,38475.152669464536
143435,MAIZE,bonus,1,0.9701804131742124,38455.79964828016
181325,MAIZE,bonus,1,0.9701492537313432,38303.89750288841
148125,MAIZE,bonus,1,0.9700557754027358,38244.06727764513
208427,MAIZE,bonus,1,0.9699934565169974,38209.13617661454
86295,MAIZE,bonus,1,0.9699622970741284,38190.945897250815
75106,MAIZE,bonus,1,0.96989997818839,38164.26731930983
150652,MAIZE,bonus,1,0.969744180974044,37950.80438629303
89367,MAIZE,bonus,1,0.969681862088306,37902.89128153968
70403,MAIZE,bonus,1,0.9696507026454368,37897.73473555983
149261,MAIZE,bonus,1,0.9696195432025676,37881.61552731789
88025,MAIZE,bonus,1,0.9693702676596142,37663.31358030461
208120,MAIZE,bonus,1,0.9693391082167452,37632.0386575625
212123,MAIZE,bonus,1,0.9692144704452684,37521.1567383821
67730,MAIZE,bonus,1,0.9686847599164928,37112.82766955797
138506,MAIZE,bonus,1,0.9683731654878012,36864.55711790128
192057,MAIZE,bonus,1,0.9681550493877168,36743.03499909027
210795,MAIZE,bonus,1,0.9681238899448478,36648.04089407163
205090,MAIZE,bonus,1,0.9674383822017264,36341.681607156286
84477,MAIZE,bonus,1,0.9671267877730346,36166.04301149918
187719,MAIZE,bonus,1,0.9668463527872122,35999.89090233894
135818,MAIZE,bonus,1,0.9667217150157356,35948.0015372821
148122,MAIZE,bonus,1,0.9665035989156514,35873.72445984946
148980,MAIZE,bonus,1,0.9664724394727824,35849.047028554785
212450,MAIZE,bonus,1,0.9662854828155673,35682.02970839772
145106,MAIZE,bonus,1,0.9661608450440906,35664.038292397294
58075,MAIZE,bonus,1,0.9657869317296608,35428.448298902375
204499,MAIZE,bonus,1,0.9657557722867915,35413.39407319627
77445,MAIZE,bonus,1,0.9657246128439224,35413.09325098132
127102,MAIZE,bonus,1,0.9651637428722776,35023.66388347402
89640,MAIZE,bonus,1,0.9649456267721932,34945.867717173984
67756,MAIZE,bonus,1,0.964883307886455,34922.947208449375
158963,MAIZE,bonus,1,0.9648209890007168,34887.51848536552
63724,MAIZE,bonus,1,0.9647586701149784,34856.489729200286
58739,MAIZE,bonus,1,0.9646028729006324,34756.23915747072
126429,MAIZE,bonus,1,0.964509394572025,34713.321001386525
157966,MAIZE,bonus,1,0.9643535973576792,34607.85354948413
207111,MAIZE,bonus,1,0.9641666407004644,34499.636317248085
66067,MAIZE,bonus,1,0.963730408500296,34209.483270730416
67058,MAIZE,bonus,1,0.9635434518430812,34062.96842097626
205767,MAIZE,bonus,1,0.9634499735144736,33978.210895728174
143891,MAIZE,bonus,1,0.9632941763001276,33954.90028463337
142428,MAIZE,bonus,1,0.9630449007571744,33848.31026990722
144438,MAIZE,bonus,1,0.9630137413143052,33796.57212289951
68074,MAIZE,bonus,1,0.9628579440999596,33664.28238917096
138829,MAIZE,bonus,1,0.9628267846570904,33648.75768280943
209788,MAIZE,bonus,1,0.9627956252142212,33592.73342357076
92659,MAIZE,bonus,1,0.9627333063284828,33564.72235758511
156974,MAIZE,bonus,1,0.9622659146854454,33316.45420440193
205769,MAIZE,bonus,1,0.962172436356838,33283.67569237592
142432,MAIZE,bonus,1,0.962016639142492,33217.59524652131
153968,MAIZE,bonus,1,0.961798523042408,33015.5044193494
206093,MAIZE,bonus,1,0.9616115663851932,32784.97797751918
96352,MAIZE,bonus,1,0.9615180880565856,32720.762685940084
211461,MAIZE,bonus,1,0.9614869286137164,32703.485531714803
130369,MAIZE,bonus,1,0.9613934502851088,32659.41850652369
60414,MAIZE,bonus,1,0.9612376530707633,32548.19789563601
62432,MAIZE,bonus,1,0.9610818558564173,32435.54310171487
152179,MAIZE,bonus,1,0.961050696413548,32417.39828716378
90657,MAIZE,bonus,1,0.9608637397563332,32329.453661757863
156278,MAIZE,bonus,1,0.9606144642133798,32224.23804540619
88304,MAIZE,bonus,1,0.9604898264419032,32119.531758331614
59747,MAIZE,bonus,1,0.96024055089895,32062.329826683825
148639,MAIZE,bonus,1,0.960053594241735,31954.35109173088
149128,MAIZE,bonus,1,0.9599912753559966,31915.6908155123
152946,MAIZE,bonus,1,0.9597731592559126,31815.614429599824
65122,MAIZE,bonus,1,0.9597419998130432,31796.56112818187
92691,MAIZE,bonus,1,0.959648521484436,31762.252115930776
83471,MAIZE,bonus,1,0.95949272427009,31686.099666484064
200731,MAIZE,bonus,1,0.9594304053843518,31658.95590293996
208099,MAIZE,bonus,1,0.9592122892842676,31476.330291905844
142430,MAIZE,bonus,1,0.9589630137413144,31378.338539212444
88696,MAIZE,bonus,1,0.9589318542984452,31359.131220786177
204479,MAIZE,bonus,1,0.9587448976412302,31293.08785841881
209104,MAIZE,bonus,1,0.958713738198361,31257.516850522545
213121,MAIZE,bonus,1,0.9585579409840153,31156.462903692387
67744,MAIZE,bonus,1,0.9580282304552394,30876.16234508657
154329,MAIZE,bonus,1,0.9576231576979404,30665.698237911656
179975,MAIZE,bonus,1,0.9574362010407254,30564.06853812446
142572,MAIZE,bonus,1,0.9572492443835104,30445.855791463124
59419,MAIZE,bonus,1,0.9570934471691648,30381.472022440463
156287,MAIZE,bonus,1,0.956968809397688,30357.091709975302
94009,MAIZE,bonus,1,0.956781852740473,30294.757234572065
88363,MAIZE,bonus,1,0.9566883744118656,30214.52298257803
203101,MAIZE,bonus,1,0.9566260555261272,30196.139379932847
209766,MAIZE,bonus,1,0.956376779983174,30009.421965530724
159996,MAIZE,bonus,1,0.9557535911257908,29751.23917517734
155948,MAIZE,bonus,1,0.9557224316829216,29731.050248421318
154289,MAIZE,bonus,1,0.9554731561399682,29653.61086801528
149264,MAIZE,bonus,1,0.9553796778113608,29605.660577033344
153483,MAIZE,bonus,1,0.955255040039884,29567.950623362063
159971,MAIZE,bonus,1,0.9550992428255384,29533.657455045344
185643,MAIZE,bonus,1,0.9550680833826692,29511.631738417134
90698,MAIZE,bonus,1,0.9549122861683234,29456.42832085078
183641,MAIZE,bonus,1,0.9547876483968468,29409.316052944043
64048,MAIZE,bonus,1,0.9547564889539776,29406.53756991913
134148,MAIZE,bonus,1,0.9546006917396316,29362.10366737056
184365,MAIZE,bonus,1,0.9545383728538934,29335.518203307267
158937,MAIZE,bonus,1,0.9545072134110242,29320.15144934026
63739,MAIZE,bonus,1,0.954476053968155,29314.57842076001
141755,MAIZE,bonus,1,0.954444894525286,29300.281397713425
141239,MAIZE,bonus,1,0.9538528651107718,29039.779535321275
94683,MAIZE,bonus,1,0.9538217056679028,29039.113621741144
60420,MAIZE,bonus,1,0.9537282273392952,29007.208365966137
155636,MAIZE,bonus,1,0.9536347490106876,28952.9403018019
142886,MAIZE,bonus,1,0.9534477923534728,28886.786101722868
97002,MAIZE,bonus,1,0.9533543140248651,28866.278520482945
128442,MAIZE,bonus,1,0.953105038481912,28728.46235236609
87339,MAIZE,bonus,1,0.952918081824697,28674.379741284352
143577,MAIZE,bonus,1,0.9528246034960894,28650.397541826223
219211,MAIZE,bonus,1,0.952544168510267,28536.220186064995
141899,MAIZE,bonus,1,0.952357211853052,28373.398442777936
150465,MAIZE,bonus,1,0.9519832985386222,28215.54112715281
153481,MAIZE,bonus,1,0.9519521390957528,28196.83625078073
88016,MAIZE,bonus,1,0.9518586607671456,28176.728075550585
205122,MAIZE,bonus,1,0.951609385224192,28140.428690942957
157509,MAIZE,bonus,1,0.9515159068955849,28114.34235071515
185720,MAIZE,bonus,1,0.9514535880098464,28104.764316610363
88014,MAIZE,bonus,1,0.9512666313526316,28008.80626351393
88302,MAIZE,bonus,1,0.9512354719097622,27988.63467706408
144781,MAIZE,bonus,1,0.9512043124668932,27969.93554981592
145771,MAIZE,bonus,1,0.9510485152525472,27895.58369579015
211117,MAIZE,bonus,1,0.9509550369239398,27883.111712450267
142220,MAIZE,bonus,1,0.9508615585953324,27866.147154855546
62052,MAIZE,bonus,1,0.9506746019381174,27816.901056691266
151137,MAIZE,bonus,1,0.9503941669522948,27703.46986188441
207760,MAIZE,bonus,1,0.9503318480665566,27692.3966236543
87994,MAIZE,bonus,1,0.9502695291808182,27677.973944077923
92320,MAIZE,bonus,1,0.9501760508522108,27658.607777205096
154960,MAIZE,bonus,1,0.9501448914093416,27635.761124998106
126431,MAIZE,bonus,1,0.9499267753092576,27577.134657051865
154152,MAIZE,bonus,1,0.94945938366622,27488.066209289074
152523,MAIZE,bonus,1,0.9493659053376126,27459.938850137427
58743,MAIZE,bonus,1,0.9493035864518744,27435.095472923545
145773,MAIZE,bonus,1,0.9491477892375284,27408.532839142288
148796,MAIZE,bonus,1,0.94908547035179,27405.231751194537
157928,MAIZE,bonus,1,0.9485869192658836,27210.059049898693
201736,MAIZE,bonus,1,0.9485557598230144,27205.64153447513
58414,MAIZE,bonus,1,0.948493440937276,27191.64976473002
141572,MAIZE,bonus,1,0.9483999626086684,27170.71650222809
182324,MAIZE,bonus,1,0.948306484280061,27161.201695522595
141759,MAIZE,bonus,1,0.9482441653943228,27148.79650158094
214134,MAIZE,bonus,1,0.948119527622846,27118.133334247614
95040,MAIZE,bonus,1,0.9479637304085003,27077.629955365686
64728,MAIZE,bonus,1,0.9477456143084162,26955.32482601825
64111,MAIZE,bonus,1,0.947714454865547,26904.53077556036
70405,MAIZE,bonus,1,0.9476209765369396,26860.656670828
153267,MAIZE,bonus,1,0.9474963387654628,26837.190120582123
146778,MAIZE,bonus,1,0.9474651793225936,26828.78431805365
73771,MAIZE,bonus,1,0.947340541551117,26780.137167463858
211119,MAIZE,bonus,1,0.947309382108248,26778.98203227856
125762,MAIZE,bonus,1,0.9472782226653788,26767.08601229842
202407,MAIZE,bonus,1,0.9470912660081636,26714.115970854324
187050,MAIZE,bonus,1,0.9468108310223412,26591.53832626416
130711,MAIZE,bonus,1,0.9467796715794722,26570.09817090445
148788,MAIZE,bonus,1,0.9465927149222572,26490.821056664507
152809,MAIZE,bonus,1,0.9462811204935656,26406.09997488388
204112,MAIZE,bonus,1,0.9460941638363506,26337.724111882977
65449,MAIZE,bonus,1,0.9459383666220048,26280.03702959534
190378,MAIZE,bonus,1,0.9458448882933972,26261.43363616713
57733,MAIZE,bonus,1,0.9458137288505282,26239.16191442053
211104,MAIZE,bonus,1,0.9457514099647898,26227.872987745093
138177,MAIZE,bonus,1,0.9453463372074908,26101.56487880193
210792,MAIZE,bonus,1,0.9453151777646216,26101.14144745989
152481,MAIZE,bonus,1,0.945221699436014,26071.542149527628
201412,MAIZE,bonus,1,0.9450659022216684,26020.60441569089
148131,MAIZE,bonus,1,0.9449724238930608,26005.416893746085
72084,MAIZE,bonus,1,0.9449412644501916,25988.355971240017
88694,MAIZE,bonus,1,0.9449101050073224,25986.906555050693
63382,MAIZE,bonus,1,0.9447231483501076,25948.17164111167
147782,MAIZE,bonus,1,0.9444427133642852,25889.26106802679
92000,MAIZE,bonus,1,0.9444115539214158,25885.20890378249
147115,MAIZE,bonus,1,0.9441311189355934,25815.74702946861
149796,MAIZE,bonus,1,0.9438195245069018,25756.245941051588
183347,MAIZE,bonus,1,0.9436014084068176,25635.71068745421
205762,MAIZE,bonus,1,0.9433832923067336,25580.389022966643
69732,MAIZE,bonus,1,0.9431028573209111,25514.23715131585
154287,MAIZE,bonus,1,0.9430093789923036,25449.6907191047
149459,MAIZE,bonus,1,0.942915900663696,25432.595327966283
156634,MAIZE,bonus,1,0.9425731467921352,25293.503483589
143767,MAIZE,bonus,1,0.9425108279063972,25248.641512502592
152479,MAIZE,bonus,1,0.9423550306920512,25213.109821706275
156951,MAIZE,bonus,1,0.942323871249182,25202.59096451501
98008,MAIZE,bonus,1,0.9420434362633596,25151.31470260089
150312,MAIZE,bonus,1,0.9420122768204904,25139.4491599756
65056,MAIZE,bonus,1,0.941949957934752,25128.07091013981
90369,MAIZE,bonus,1,0.9418253201632756,25100.41101037008
183351,MAIZE,bonus,1,0.9417941607204064,25099.23436734304
141090,MAIZE,bonus,1,0.941731841834668,25083.292437334017
145102,MAIZE,bonus,1,0.941513725734584,25002.923341638063
222632,MAIZE,bonus,1,0.9414825662917148,24993.75986858892
194741,MAIZE,bonus,1,0.9414202474059764,24981.216560707435
209107,MAIZE,bonus,1,0.9407970585485932,24743.526560995957
199063,MAIZE,bonus,1,0.9403296669055556,24558.335116260118
90709,MAIZE,bonus,1,0.9402673480198174,24526.68883844784
126434,MAIZE,bonus,1,0.93979995637678,24401.67060130291
154985,MAIZE,bonus,1,0.9393637241766116,24275.48620012755
153478,MAIZE,bonus,1,0.9393325647337426,24270.30992935633
141233,MAIZE,bonus,1,0.9393014052908734,24265.41539948408
202083,MAIZE,bonus,1,0.9392390864051352,24256.567209579305
141757,MAIZE,bonus,1,0.9391767675193968,24234.42522719785
95364,MAIZE,bonus,1,0.9391144486336584,24224.84863477601
80469,MAIZE,bonus,1,0.9389898108621818,24177.026234044974
69093,MAIZE,bonus,1,0.9389274919764434,24155.99815856393
153184,MAIZE,bonus,1,0.9388963325335744,24146.90629403676
150461,MAIZE,bonus,1,0.9388651730907052,24133.49003861172
212442,MAIZE,bonus,1,0.9384912597762752,23999.069110987497
152939,MAIZE,bonus,1,0.938460100333406,23992.572948441863
81132,MAIZE,bonus,1,0.9383354625619292,23953.61488973377
217576,MAIZE,bonus,1,0.9382731436761912,23942.60597071363
158635,MAIZE,bonus,1,0.938241984233322,23935.540861363203
156984,MAIZE,bonus,1,0.9380550275761068,23860.77711059881
68727,MAIZE,bonus,1,0.9379303898046304,23809.662755745263
151805,MAIZE,bonus,1,0.937712273704546,23736.426049303107
204115,MAIZE,bonus,1,0.937681114261677,23730.58887670399
76448,MAIZE,bonus,1,0.937649954818808,23728.633523099168
130788,MAIZE,bonus,1,0.9373695198329852,23682.72529597096
186705,MAIZE,bonus,1,0.9373383603901162,23678.81268282455
150924,MAIZE,bonus,1,0.937276041504378,23665.72142024027
79138,MAIZE,bonus,1,0.937120244290032,23627.30271529413
131125,MAIZE,bonus,1,0.9365905337612564,23462.00912240593
74428,MAIZE,bonus,1,0.936528214875518,23460.01283762453
82802,MAIZE,bonus,1,0.9363724176611722,23428.87725422321
214127,MAIZE,bonus,1,0.9359985043467424,23324.73560989215
89363,MAIZE,bonus,1,0.9359673449038732,23322.583847977134
152477,MAIZE,bonus,1,0.9357180693609198,23245.88567258305
61765,MAIZE,bonus,1,0.9356245910323124,23232.91802605115
185033,MAIZE,bonus,1,0.9354064749322282,23147.749380379435
92385,MAIZE,bonus,1,0.9352818371607516,23121.966038435603
60425,MAIZE,bonus,1,0.935188358832144,23093.303798848672
77131,MAIZE,bonus,1,0.9350325616177982,23040.02552664736
157617,MAIZE,bonus,1,0.9349390832891908,23008.35941259878
63409,MAIZE,bonus,1,0.9347521266319758,22963.38183928976
91991,MAIZE,bonus,1,0.9344405322032842,22837.752946303743
137505,MAIZE,bonus,1,0.934378213317546,22831.53832203745
145778,MAIZE,bonus,1,0.9341600972174616,22743.9390363804
92677,MAIZE,bonus,1,0.9340666188888542,22726.02940059235
156289,MAIZE,bonus,1,0.9338485027887702,22670.41201596401
203772,MAIZE,bonus,1,0.9337238650172937,22643.502712593443
181318,MAIZE,bonus,1,0.9336927055744244,22637.77215461387
63379,MAIZE,bonus,1,0.9335680678029477,22622.37626329517
139500,MAIZE,bonus,1,0.9335057489172094,22613.59472069182
203084,MAIZE,bonus,1,0.9331629950456486,22539.665079452367
61741,MAIZE,bonus,1,0.9328825600598262,22453.96370886502
89361,MAIZE,bonus,1,0.932664443959742,22415.221359291885
77116,MAIZE,bonus,1,0.932477487302527,22369.88690797981
221600,MAIZE,bonus,1,0.9323840089739196,22340.36000602184
76127,MAIZE,bonus,1,0.9323528495310504,22332.582935764534
96333,MAIZE,bonus,1,0.9321970523167046,22288.99635876078
150468,MAIZE,bonus,1,0.9321658928738354,22287.36857090382
151803,MAIZE,bonus,1,0.9315738634593214,22146.75482014185
222939,MAIZE,bonus,1,0.931511544573583,22138.934032491576
64071,MAIZE,bonus,1,0.9313869068021065,22112.209292956675
67725,MAIZE,bonus,1,0.9313557473592372,22106.94944360273
147126,MAIZE,bonus,1,0.9312934284734988,22095.769778632137
149799,MAIZE,bonus,1,0.9310441529305457,22055.893428016687
212454,MAIZE,bonus,1,0.9308883557161998,22018.580044111837
151623,MAIZE,bonus,1,0.930732558501854,22003.13395610696
185718,MAIZE,bonus,1,0.9305767612875082,21957.50603692348
69749,MAIZE,bonus,1,0.930358645187424,21877.14353812167
78134,MAIZE,bonus,1,0.9301093696444708,21808.63744390055
204430,MAIZE,bonus,1,0.9300782102016016,21787.254623323734
103031,MAIZE,bonus,1,0.9298600941015176,21724.30271883262
154319,MAIZE,bonus,1,0.9298289346586484,21712.71392844061
154483,MAIZE,bonus,1,0.9297042968871716,21682.30668461386
70757,MAIZE,bonus,1,0.9296419780014332,21677.196545113376
151465,MAIZE,bonus,1,0.9295484996728258,21672.286444405403
98380,MAIZE,bonus,1,0.9294861807870876,21644.13710259019
89691,MAIZE,bonus,1,0.9288318324868352,21530.843766034664
131379,MAIZE,bonus,1,0.928426759729536,21427.22568988674
140753,MAIZE,bonus,1,0.9281774841865827,21378.18728293848
58065,MAIZE,bonus,1,0.9280840058579752,21349.191517834064
153662,MAIZE,bonus,1,0.928021686972237,21316.275352002624
138746,MAIZE,bonus,1,0.9279905275293676,21309.34877869941
144440,MAIZE,bonus,1,0.9279593680864986,21308.35198279165
203839,MAIZE,bonus,1,0.9272738603433772,21194.072921573483
95683,MAIZE,bonus,1,0.9269622659146854,21135.293627507428
127771,MAIZE,bonus,1,0.9267441498146012,21067.0526476831
209778,MAIZE,bonus,1,0.9265571931573864,21008.09422862128
85320,MAIZE,bonus,1,0.9264637148287788,20975.06170893518
205422,MAIZE,bonus,1,0.9264013959430404,20972.08137181757
85659,MAIZE,bonus,1,0.9263079176144332,20946.924851670487
136497,MAIZE,bonus,1,0.9259651637428724,20885.152321810627
137819,MAIZE,bonus,1,0.9258716854142648,20845.8971388667
188701,MAIZE,bonus,1,0.925528931542704,20695.07855754215
93349,MAIZE,bonus,1,0.9254354532140964,20672.993369945183
203433,MAIZE,bonus,1,0.9254042937712272,20666.370327356304
90982,MAIZE,bonus,1,0.9253731343283582,20646.79432777585
152516,MAIZE,bonus,1,0.9252173371140124,20627.987036461684
69090,MAIZE,bonus,1,0.925155018228274,20596.334792253358
132464,MAIZE,bonus,1,0.9250926993425358,20576.914811830917
154944,MAIZE,bonus,1,0.9250615398996666,20573.485924054232
70428,MAIZE,bonus,1,0.92493690212819,20513.682941299743
190069,RICE,bonus,1,0.999803545994794,165812.32784191312
188728,RICE,bonus,1,0.9997544324934924,165248.7738922605
208510,RICE,bonus,1,0.999705318992191,160725.0387050521
195408,RICE,bonus,1,0.999607091989588,157708.41817560568
187384,RICE,bonus,1,0.999410637984382,147435.06742019576
193403,RICE,bonus,1,0.9991159569765728,139176.2133784592
202798,RICE,bonus,1,0.9988703894700652,127220.69267963793
190090,RICE,bonus,1,0.9988212759687638,127168.89280507991
208512,RICE,bonus,1,0.9987721624674624,126230.71070731716
210768,RICE,bonus,1,0.9987230489661608,124734.70098737512
193734,RICE,bonus,1,0.9986248219635576,123291.39458031152
203808,RICE,bonus,1,0.9984774814596532,122398.780839944
178651,RICE,bonus,1,0.9983301409557488,120929.88091258712
181658,RICE,bonus,1,0.9981336869505428,118294.47603551042
204145,RICE,bonus,1,0.9979372329453366,117404.17427994202
193072,RICE,bonus,1,0.997789892441432,116283.42720043196
199784,RICE,bonus,1,0.9976916654388291,114973.18133325689
210898,RICE,bonus,1,0.9974460979323216,113875.1085940812
193062,RICE,bonus,1,0.9972496439271156,113576.83396654116
206156,RICE,bonus,1,0.996905849418005,109985.4419776843
199782,RICE,bonus,1,0.9968567359167037,108210.6194198208
206154,RICE,bonus,1,0.99641471440499,106142.13863036792
213448,RICE,bonus,1,0.9960709198958794,104965.66921524482
200455,RICE,bonus,1,0.9959235793919748,104418.79008285768
193074,RICE,bonus,1,0.9956780118854672,102466.11348861756
195410,RICE,bonus,1,0.9955797848828642,101560.88597228032
203467,RICE,bonus,1,0.9954324443789596,100691.65113859304
203469,RICE,bonus,1,0.9951868768724522,99030.20293729931
214116,RICE,bonus,1,0.9951377633711508,98877.94986012016
212443,RICE,bonus,1,0.9947939688620402,96666.88839714944
195415,RICE,bonus,1,0.9946466283581356,96308.48228039374
204816,RICE,bonus,1,0.994204606846422,94085.2403144653
200453,RICE,bonus,1,0.9941554933451204,94013.25643609744
181990,RICE,bonus,1,0.9937625853347084,90730.98092361884
208172,RICE,bonus,1,0.993713471833407,90462.19372282962
194066,RICE,bonus,1,0.9934679043268996,89373.91063410348
164700,RICE,bonus,1,0.9932714503216934,87244.30281021612
205171,RICE,bonus,1,0.993222336820392,87109.93393607522
213580,RICE,bonus,1,0.9931241098177888,86596.75344606517
193066,RICE,bonus,1,0.993025882815186,86195.18156552444
207159,RICE,bonus,1,0.9929767693138845,85702.69354897241
194409,RICE,bonus,1,0.9927803153086784,85085.8040862544
189414,RICE,bonus,1,0.9926820883060752,84954.81607513735
195412,RICE,bonus,1,0.9920436127891558,81643.02762541494
189052,RICE,bonus,1,0.9919944992878542,81587.54573517588
190761,RICE,bonus,1,0.9917980452826484,81222.57777157835
191404,RICE,bonus,1,0.9916998182800452,80611.92511070936
218882,RICE,bonus,1,0.9913069102696332,79654.6020686396
189038,RICE,bonus,1,0.9912577967683316,79650.87073214882
190396,RICE,bonus,1,0.9909631157605224,79064.76772351487
191064,RICE,bonus,1,0.9909140022592212,78723.26982260715
196411,RICE,bonus,1,0.9908648887579196,78709.76326565794
190384,RICE,bonus,1,0.990717548254015,78357.01380876766
202459,RICE,bonus,1,0.9906684347527136,78353.83864123003
208424,RICE,bonus,1,0.9901772997396984,77218.936794855
188046,RICE,bonus,1,0.9900790727370954,76685.59072115718
183672,RICE,bonus,1,0.990029959235794,76488.28615077527
206485,RICE,bonus,1,0.989833505230588,76063.41108087833
191053,RICE,bonus,1,0.9896861647266834,75626.95074813836
210227,RICE,bonus,1,0.9896370512253818,75491.28649736039
190056,RICE,bonus,1,0.9895879377240804,75309.30971525257
206483,RICE,bonus,1,0.9895388242227788,75297.78860197889
199779,RICE,bonus,1,0.9892441432149698,74474.86196255943
206487,RICE,bonus,1,0.9889494622071608,74132.7220955249
181660,RICE,bonus,1,0.9888512352045578,73884.03145946824
211814,RICE,bonus,1,0.9887530082019548,73562.99822559675
192072,RICE,bonus,1,0.9882618731889397,72328.77876595521
188391,RICE,bonus,1,0.9879671921811306,71371.95360574324
192056,RICE,bonus,1,0.9878689651785276,71297.87191976246
207751,RICE,bonus,1,0.987819851677226,71295.9476069786
192400,RICE,bonus,1,0.987426943666814,69762.18967680889
218876,RICE,bonus,1,0.9873778301655124,69677.42294047082
206808,RICE,bonus,1,0.9867884681498944,68615.22134358349
207156,RICE,bonus,1,0.9865920141446884,67991.74570022867
188053,RICE,bonus,1,0.9864446736407838,67180.54339826366
211816,RICE,bonus,1,0.9858553116251656,65687.11001351399
194406,RICE,bonus,1,0.9858061981238644,65649.48132778564
218205,RICE,bonus,1,0.9855606306173568,65134.83846227732
208798,RICE,bonus,1,0.9852168361082462,64241.73938592632
186019,RICE,bonus,1,0.9848730415991356,63819.71597025013
191062,RICE,bonus,1,0.9846765875939296,63479.893083224255
219214,RICE,bonus,1,0.9845292470900252,63059.08317598492
205812,RICE,bonus,1,0.9844801335887235,62981.287334455614
191392,RICE,bonus,1,0.984431020087422,62940.06152987029
189713,RICE,bonus,1,0.9843819065861206,62885.517994054026
155161,RICE,bonus,1,0.9838907715731054,61918.32410919412
205148,RICE,bonus,1,0.9837925445705024,61762.05203638658
188079,RICE,bonus,1,0.9833996365600904,60936.60826606306
196083,RICE,bonus,1,0.9831540690535828,60196.759997765526
204496,RICE,bonus,1,0.9830558420509798,60136.06266705752
197765,RICE,bonus,1,0.9829576150483768,59872.39819635358
190714,RICE,bonus,1,0.9827611610431708,59618.15044432448
205479,RICE,bonus,1,0.9820735720249496,58905.05508134897
192054,RICE,bonus,1,0.9817788910171408,57854.941489129225
189054,RICE,bonus,1,0.9815824370119346,57475.939985135614
189375,RICE,bonus,1,0.981533323510633,57326.05787387111
182665,RICE,bonus,1,0.9814842100093316,57301.400026307405
198762,RICE,bonus,1,0.9806983939885074,56091.98777592972
126425,RICE,bonus,1,0.9803054859780954,55527.36572684913
212110,RICE,bonus,1,0.9800599184715878,55410.09269969019
165044,RICE,bonus,1,0.9799125779676832,55227.31376564662
209469,RICE,bonus,1,0.9796670104611758,55049.00356923001
211569,RICE,bonus,1,0.9795196699572712,54633.49035404388
201795,RICE,bonus,1,0.9794214429546684,54618.13168552492
188034,RICE,bonus,1,0.9791267619468592,54290.63460538397
214251,RICE,bonus,1,0.9789794214429548,54186.36746966671
199786,RICE,bonus,1,0.9788320809390502,53887.4982164516
192405,RICE,bonus,1,0.9786847404351456,53820.51704796032
210131,RICE,bonus,1,0.9785373999312412,53726.580914856655
179329,RICE,bonus,1,0.978242718923432,53450.156580775045
207503,RICE,bonus,1,0.9779971514169246,53231.98795810549
164705,RICE,bonus,1,0.9776042434065124,53038.36996961146
205141,RICE,bonus,1,0.9773095623987034,52843.621315462886
187358,RICE,bonus,1,0.977063994892196,52363.82853526803
186722,RICE,bonus,1,0.9770148813908944,52337.85085901083
191060,RICE,bonus,1,0.9767693138843868,52149.14353679376
202763,RICE,bonus,1,0.9759834978635626,51565.76407374133
126093,RICE,bonus,1,0.975836157359658,51371.524322640544
197082,RICE,bonus,1,0.9756397033544522,51005.597880773246
190398,RICE,bonus,1,0.9754923628505476,50703.98609267647
207500,RICE,bonus,1,0.975443249349246,50674.12341245494
207163,RICE,bonus,1,0.9753941358479448,50589.80344722727
190711,RICE,bonus,1,0.9750012278375324,49905.52854826854
209148,RICE,bonus,1,0.9746083198271204,49455.595631159566
150609,RICE,bonus,1,0.9745100928245176,49413.28376996656
194076,RICE,bonus,1,0.9739698443102008,48717.72972500647
212576,RICE,bonus,1,0.9739207308088994,48536.76103686322
166695,RICE,bonus,1,0.973871617307598,48500.863384479046
184343,RICE,bonus,1,0.9735769362997888,48271.84446629927
180987,RICE,bonus,1,0.9730858012867736,47917.73794330309
203464,RICE,bonus,1,0.9726928932763615,47613.37155243642
211483,RICE,bonus,1,0.9722017582633466,47101.39983286928
207146,RICE,bonus,1,0.9721526447620452,47016.57019166522
220568,RICE,bonus,1,0.9719070772555376,46746.85285253172
215480,RICE,bonus,1,0.97166150974903,46505.30994266492
210770,RICE,bonus,1,0.971465055743824,46193.48031124699
208796,RICE,bonus,1,0.9708265802269044,45708.72149130564
210144,RICE,bonus,1,0.970679239723,45430.87938402628
212138,RICE,bonus,1,0.9706301262216984,45264.03640983482
189706,RICE,bonus,1,0.9705318992190952,45151.46110600938
179320,RICE,bonus,1,0.9701881047099848,44744.93221088791
198764,RICE,bonus,1,0.9701389912086832,44726.43178143912
186690,RICE,bonus,1,0.9696969696969696,44306.0157446892
214456,RICE,bonus,1,0.968665586169638,43457.141510676425
140843,RICE,bonus,1,0.96807622415402,42919.0806778878
209807,RICE,bonus,1,0.9680271106527184,42897.69849820879
152513,RICE,bonus,1,0.967879770148814,42663.80487490292
211778,RICE,bonus,1,0.9675359756397034,42385.285275176895
210800,RICE,bonus,1,0.9667992731201808,41514.68424419785
210101,RICE,bonus,1,0.9658170030941504,40759.749059069785
188707,RICE,bonus,1,0.96547320858504,40398.423606248325
182661,RICE,bonus,1,0.9647365060655174,39866.891574664216
197079,RICE,bonus,1,0.9643927115564068,39431.63527300433
192052,RICE,bonus,1,0.9639998035459948,39098.04048309266
137160,RICE,bonus,1,0.9631157605225676,38382.22880366663
202791,RICE,bonus,1,0.9630175335199648,38363.87892691589
209467,RICE,bonus,1,0.9625755120082512,38095.42218694698
119385,RICE,bonus,1,0.962379058003045,38032.41797706084
119059,RICE,bonus,1,0.962280831000442,38001.572552426456
188709,RICE,bonus,1,0.9622317174991404,37994.74792220092
152599,RICE,bonus,1,0.9621334904965376,37904.85956852875
209129,RICE,bonus,1,0.9620352634939344,37834.71145376105
134817,RICE,bonus,1,0.96188792299003,37691.32685403022
212574,RICE,bonus,1,0.9618388094887284,37658.109774002354
211473,RICE,bonus,1,0.9617896959874268,37647.24829357193
199435,RICE,bonus,1,0.9617405824861256,37585.41644497557
187386,RICE,bonus,1,0.9615441284809194,37394.65002107232
209430,RICE,bonus,1,0.961298560974412,37268.55498282121
208422,RICE,bonus,1,0.9612003339718088,37243.12905209151
208761,RICE,bonus,1,0.9611021069692058,37128.7534418991
223518,RICE,bonus,1,0.9609056529639998,36986.1392894976
208469,RICE,bonus,1,0.9608565394626984,36952.637181261285
209763,RICE,bonus,1,0.9602180639457788,36353.72550534325
120064,RICE,bonus,1,0.9601198369431756,36305.54090486909
70091,RICE,bonus,1,0.9600707234418742,36288.0140257083
212809,RICE,bonus,1,0.9599233829379696,36174.98186787272
49985,RICE,bonus,1,0.959481361426256,35970.0332285615
211471,RICE,bonus,1,0.95928490742105,35892.86508136356
188741,RICE,bonus,1,0.9591375669171456,35839.0240651387
212479,RICE,bonus,1,0.9590393399145424,35785.607905426186
190389,RICE,bonus,1,0.958990226413241,35708.47284415431
204810,RICE,bonus,1,0.958891999410638,35666.763468040124
200450,RICE,bonus,1,0.958793772408035,35547.75750476931
207154,RICE,bonus,1,0.958695545405432,35536.23494424696
211466,RICE,bonus,1,0.9586464319041303,35530.43088408449
189070,RICE,bonus,1,0.9582044103924168,35244.23472171304
91694,RICE,bonus,1,0.9578115023820049,35063.1614859381
205173,RICE,bonus,1,0.9573694808702912,34842.40267605477
203476,RICE,bonus,1,0.9571730268650852,34757.568524623566
210811,RICE,bonus,1,0.9569274593585776,34660.65181748171
198438,RICE,bonus,1,0.9565345513481656,34513.772113778046
206813,RICE,bonus,1,0.956387210844261,34273.67538009507
191383,RICE,bonus,1,0.9563380973429596,34242.17765708387
136488,RICE,bonus,1,0.9561416433377536,34064.04570422727
224186,RICE,bonus,1,0.9559451893325476,34008.141090043624
165027,RICE,bonus,1,0.95569962182604,33909.83821094228
209475,RICE,bonus,1,0.955503167820834,33760.97384535222
188040,RICE,bonus,1,0.9554049408182308,33713.200564395986
196081,RICE,bonus,1,0.9553558273169296,33697.55423248463
69422,RICE,bonus,1,0.955110259810422,33537.525857271976
209138,RICE,bonus,1,0.9550611463091204,33531.494098720344
185015,RICE,bonus,1,0.9549629193065172,33446.43953865491
187363,RICE,bonus,1,0.9546191247974068,33308.37333583473
212140,RICE,bonus,1,0.9542262167869948,33125.83117668392
165901,RICE,bonus,1,0.9541771032856932,33071.69662176332
212117,RICE,bonus,1,0.9541279897843916,32987.52098005659
187391,RICE,bonus,1,0.9535877412700752,32598.782203392053
203837,RICE,bonus,1,0.9534404007661706,32529.855144151057
91687,RICE,bonus,1,0.953293060262266,32461.860575966904
209560,RICE,bonus,1,0.9530474927557584,32310.24830728957
210156,RICE,bonus,1,0.952801925249251,32131.95379289659
216153,RICE,bonus,1,0.9526545847453464,32076.768799134945
186734,RICE,bonus,1,0.95211433623103,31622.71117371102
208808,RICE,bonus,1,0.9520161092284268,31606.53313514136
165702,RICE,bonus,1,0.9519669957271254,31581.76703976484
212485,RICE,bonus,1,0.9514267472128088,31369.070329587663
199437,RICE,bonus,1,0.9509356121997936,31198.25932637106
211571,RICE,bonus,1,0.9508373851971909,31182.55862715256
191733,RICE,bonus,1,0.9503953636854772,31079.21652636649
181987,RICE,bonus,1,0.9501989096802712,30930.87369602001
69424,RICE,bonus,1,0.9498551151711604,30643.437947015365
94329,RICE,bonus,1,0.9498060016698592,30634.91130555987
137407,RICE,bonus,1,0.949609547664653,30566.498293046665
165029,RICE,bonus,1,0.94951132066205,30525.148127294506
208479,RICE,bonus,1,0.9494130936594468,30461.121949463573
93047,RICE,bonus,1,0.949314866656844,30394.274694986663
207827,RICE,bonus,1,0.949118412651638,30327.628167127757
68421,RICE,bonus,1,0.9490692991503364,30270.30553983613
144880,RICE,bonus,1,0.9488237316438288,30117.140175658624
219937,RICE,bonus,1,0.9486763911399244,29982.404477090146
210806,RICE,bonus,1,0.9485781641373212,29926.1750912212
71526,RICE,bonus,1,0.9479888021217032,29630.466605144764
186694,RICE,bonus,1,0.9479396886204018,29605.6517414284
213816,RICE,bonus,1,0.9477432346151956,29451.952135465337
209485,RICE,bonus,1,0.9469574185943715,28936.817763704257
121749,RICE,bonus,1,0.94690830509307,28894.108675821743
139166,RICE,bonus,1,0.9467609645891656,28816.060940962547
188042,RICE,bonus,1,0.9462698295761504,28565.35865143637
210446,RICE,bonus,1,0.946024262069643,28413.8881035444
88255,RICE,bonus,1,0.9456313540592308,28322.45710246697
154189,RICE,bonus,1,0.9449437650410096,28043.35042109806
189048,RICE,bonus,1,0.9445999705318991,27907.891389093795
186055,RICE,bonus,1,0.9436668140071706,27357.248665311377
216248,RICE,bonus,1,0.943617700505869,27321.77098183557
204440,RICE,bonus,1,0.9430283384902508,27045.49005597682
215127,RICE,bonus,1,0.942930111487648,26987.18025780189
210802,RICE,bonus,1,0.9423898629733314,26722.885626601103
202766,RICE,bonus,1,0.9421934089681252,26612.963681331363
90690,RICE,bonus,1,0.9419969549629194,26469.253278911117
137832,RICE,bonus,1,0.9418496144590148,26451.15855559948
150602,RICE,bonus,1,0.9417022739551104,26287.27188402422
216491,RICE,bonus,1,0.9416040469525072,26268.93596860448
164034,RICE,bonus,1,0.9413093659446982,26212.74596750147
72210,RICE,bonus,1,0.9411129119394922,26094.034189961672
216518,RICE,bonus,1,0.9410146849368892,26081.65142934317
136496,RICE,bonus,1,0.9409655714355876,26055.240690479128
189729,RICE,bonus,1,0.940916457934286,26026.441888119098
222923,RICE,bonus,1,0.9408673444329846,26024.518892084176
151928,RICE,bonus,1,0.9406708904277786,25980.98479936908
213800,RICE,bonus,1,0.940523549923874,25916.739702838346
135733,RICE,bonus,1,0.9401797554147636,25746.616780571752
88926,RICE,bonus,1,0.9395903933991454,25506.8921723016
190087,RICE,bonus,1,0.939541279897844,25430.139727730173
209126,RICE,bonus,1,0.9394921663965424,25429.501462039367
135486,RICE,bonus,1,0.9392957123913364,25300.93298707693
127764,RICE,bonus,1,0.9387063503757184,25053.965855961647
206137,RICE,bonus,1,0.9386572368744168,25053.17663766541
163554,RICE,bonus,1,0.9385590098718136,25016.046723135445
204472,RICE,bonus,1,0.9382152153627032,24926.38520203916
183699,RICE,bonus,1,0.9380187613574972,24866.507073779994
181316,RICE,bonus,1,0.9377731938509896,24790.0719527281
197748,RICE,bonus,1,0.9376749668483866,24754.275601927937
211811,RICE,bonus,1,0.9366435833210548,24299.06774082297
199095,RICE,bonus,1,0.9364962428171504,24263.055804972533
166570,RICE,bonus,1,0.936447129315849,24220.271398710312
206512,RICE,bonus,1,0.9363980158145474,24215.31533695556
162026,RICE,bonus,1,0.9360542213054368,24029.738725259205
141844,RICE,bonus,1,0.9360051078041354,24008.443897023582
186026,RICE,bonus,1,0.9350228377781052,23683.853129277293
218211,RICE,bonus,1,0.9347772702715976,23641.52708555819
204444,RICE,bonus,1,0.9347281567702962,23636.863549038448
191072,RICE,bonus,1,0.9344334757624873,23477.06022689612
208208,RICE,bonus,1,0.934335248759884,23463.989371132306
200448,RICE,bonus,1,0.9340896812533764,23289.31514261123
211822,RICE,bonus,1,0.934040567752075,23266.777119499828
208476,RICE,bonus,1,0.9337950002455676,23194.49195732421
201122,RICE,bonus,1,0.9334020922351556,22919.614477408017
188386,RICE,bonus,1,0.9331074112273464,22814.90585360494
94042,RICE,bonus,1,0.9330091842247432,22773.43238918924
211495,RICE,bonus,1,0.9328618437208388,22746.695777126388
151611,RICE,bonus,1,0.9326162762143312,22650.73831123066
195405,RICE,bonus,1,0.9325180492117284,22640.09799377313
201407,RICE,bonus,1,0.9323215952065222,22618.05634398363
219844,RICE,bonus,1,0.9321251412013164,22509.334559182054
180991,RICE,bonus,1,0.9320760277000149,22487.90166621401
213147,RICE,bonus,1,0.9320269141987132,22481.10514544615
222516,RICE,bonus,1,0.9319778006974118,22466.92776148287
164703,RICE,bonus,1,0.9318304601935072,22408.721438268676
198766,RICE,bonus,1,0.9316340061883012,22362.44827810458
192060,RICE,bonus,1,0.9312410981778892,22210.496787008866
224526,RICE,bonus,1,0.931142871175286,22176.007813513563
130119,RICE,bonus,1,0.9304061686557634,21918.528651028853
189731,RICE,bonus,1,0.9302097146505576,21824.31616616816
211469,RICE,bonus,1,0.9299641471440498,21766.170488383737
136157,RICE,bonus,1,0.9298659201414468,21693.095730814683
163710,RICE,bonus,1,0.9297185796375425,21622.51482218037
154610,RICE,bonus,1,0.9292274446245272,21441.23233677892
208883,RICE,bonus,1,0.9288345366141152,21305.62926326207
164225,RICE,bonus,1,0.9286380826089092,21261.944547066323
208121,RICE,bonus,1,0.928539855606306,21233.32431029213
208169,RICE,bonus,1,0.9284416286037032,21223.773702046463
209179,RICE,bonus,1,0.9280487205932912,21065.64869038955
205810,RICE,bonus,1,0.9279996070919896,21051.892298928764
178319,RICE,bonus,1,0.9276066990815776,20818.98616550644
204494,RICE,bonus,1,0.927557585580276,20815.81325205489
149929,RICE,bonus,1,0.9272137910711654,20741.055146796225
208165,RICE,bonus,1,0.926968223564658,20698.014097126663
197094,RICE,bonus,1,0.9267226560581504,20638.545676675385
133480,RICE,bonus,1,0.9264770885516428,20599.940614331997
197077,RICE,bonus,1,0.9263297480477384,20539.38852751288
189727,RICE,bonus,1,0.9261332940425324,20486.2224670242
135810,RICE,bonus,1,0.9257403860321204,20399.50728687628
171912,RICE,bonus,1,0.9256912725308188,20388.36292059823
180322,RICE,bonus,1,0.9255930455282158,20318.419622733836
140504,RICE,bonus,1,0.9253965915230096,20204.92427251919
134479,RICE,bonus,1,0.9252983645204068,20173.860610014654
220896,RICE,bonus,1,0.9252492510191052,20150.73631474476
214154,RICE,bonus,1,0.9246598890034872,20054.66879968432
210183,RICE,bonus,1,0.924463434998281,19973.65433453478
139164,RICE,bonus,1,0.924365207995678,19926.73811154525
203137,RICE,bonus,1,0.9243160944943764,19883.948340131115
149255,RICE,bonus,1,0.924266980993075,19883.15680524544
225197,RICE,bonus,1,0.9241196404891704,19850.546293088977
210773,RICE,bonus,1,0.924070526987869,19840.424915541706
219559,RICE,bonus,1,0.9237267324787584,19688.86274435543
223189,RICE,bonus,1,0.9236776189774568,19679.940347888427
183003,RICE,bonus,1,0.9236285054761554,19673.48094557749
187724,RICE,bonus,1,0.9234811649722507,19544.72459107932
185352,RICE,bonus,1,0.9233338244683464,19528.005624541387
202461,RICE,bonus,1,0.9227444624527282,19339.658035474247
138841,RICE,bonus,1,0.9225971219488236,19300.72157501009
211445,RICE,bonus,1,0.9220568734345072,19141.86272935897
222578,RICE,bonus,1,0.9219586464319042,19130.33518814954
188745,RICE,bonus,1,0.921565738421492,19042.30430168184
187073,RICE,bonus,1,0.9214183979175876,19011.487146687847
189716,RICE,bonus,1,0.9210254899071756,18938.35454617237
124088,RICE,bonus,1,0.920976376405874,18914.77321017738
155616,RICE,bonus,1,0.9206325818967634,18855.35306282145
136164,RICE,bonus,1,0.920583468395462,18853.61414445859
137163,RICE,bonus,1,0.9205343548941604,18846.38849431509
199776,RICE,bonus,1,0.9204852413928588,18836.516626117736
180316,RICE,bonus,1,0.9204361278915574,18798.910956059022
186702,RICE,bonus,1,0.9200923333824468,18619.885760848298
81214,RICE,bonus,1,0.9198467658759392,18490.95644151444
216933,RICE,bonus,1,0.9196011983694318,18383.79017954244
210147,RICE,bonus,1,0.9195029713668288,18354.6087698998
223514,RICE,bonus,1,0.9191591768577182,18263.22470968668
210135,RICE,bonus,1,0.9187171553460046,18137.47727107068
134808,RICE,bonus,1,0.9185207013407986,18039.9240648558
209558,RICE,bonus,1,0.918275133834291,18007.81612562781
186720,RICE,bonus,1,0.9179313393251805,17949.61244419317
213166,RICE,bonus,1,0.917783998821276,17898.361572802594
152278,RICE,bonus,1,0.9174893178134668,17809.441101028933
202828,RICE,bonus,1,0.9173419773095624,17793.98307038205
93038,RICE,bonus,1,0.9171946368056578,17785.646246833563
207485,RICE,bonus,1,0.9167035017926428,17672.988263804218
222246,RICE,bonus,1,0.9164088207848338,17608.60168663151
197751,RICE,bonus,1,0.915770345267914,17501.115372551285
216821,RICE,bonus,1,0.9157212317666128,17492.05410307645
75855,RICE,bonus,1,0.9136584647119492,16826.598089689487
183674,RICE,bonus,1,0.9132164432002358,16663.25148947609
202132,RICE,bonus,1,0.9129708756937284,16614.689474432944
165376,RICE,bonus,1,0.9125288541820148,16503.386154272495
197420,RICE,bonus,1,0.9124306271794116,16500.346077718976
183689,RICE,bonus,1,0.9123324001768086,16479.423271259966
128435,RICE,bonus,1,0.911988605667698,16429.819888856764
136817,RICE,bonus,1,0.9118412651637936,16412.84600402503
181663,RICE,bonus,1,0.9117430381611904,16390.869183480674
77537,RICE,bonus,1,0.911693924659889,16374.131635077612
219939,RICE,bonus,1,0.9115465841559844,16350.08987707856
204442,RICE,bonus,1,0.9112519031481754,16277.36356514817
157661,RICE,bonus,1,0.910613427631256,16171.468282052256
208841,RICE,bonus,1,0.9099749521143362,16101.542416406604
215167,RICE,bonus,1,0.9098767251117332,16072.745558259492
163028,RICE,bonus,1,0.9095820441039242,16007.541665333663
213838,RICE,bonus,1,0.9091891360935122,15951.714509415306
186021,RICE,bonus,1,0.9089435685870044,15893.783838394942
210229,RICE,bonus,1,0.9087962280831,15852.89993876318
200780,RICE,bonus,1,0.9086488875791956,15808.95190010398
157638,RICE,bonus,1,0.9085506605765924,15793.539307026009
214137,RICE,bonus,1,0.908501547075291,15785.143067542218
222586,RICE,bonus,1,0.908403320072688,15756.115326511865
189725,RICE,bonus,1,0.908010412062276,15656.869028658
203462,RICE,bonus,1,0.90781395805707,15622.73413481626
140172,RICE,bonus,1,0.9077157310544668,15616.50319315134
215579,RICE,bonus,1,0.9073719365453564,15566.288228493906
187715,RICE,bonus,1,0.9073228230440548,15557.84048409185
127099,RICE,bonus,1,0.9072245960414518,15550.73995862341
133139,RICE,bonus,1,0.9071263690388488,15538.603048933534
189067,RICE,bonus,1,0.9069790285349444,15525.296685454785
207753,RICE,bonus,1,0.9069299150336428,15513.206299939457
221240,RICE,bonus,1,0.9060949855115172,15296.796714339263
163697,RICE,bonus,1,0.905996758508914,15268.615039225297
208131,RICE,bonus,1,0.9058494180050096,15259.81806965652
213156,RICE,bonus,1,0.9054565099945976,15143.340530372334
135824,RICE,bonus,1,0.9046706939737734,14995.315615847769
189050,RICE,bonus,1,0.9044742399685674,14947.071484746531
186704,RICE,bonus,1,0.9043760129659644,14917.500625620114
138163,RICE,bonus,1,0.9043268994646628,14899.598406454776
183694,RICE,bonus,1,0.9039831049555522,14824.523131496826
205445,RICE,bonus,1,0.9036884239477432,14774.561930172376
183687,RICE,bonus,1,0.9036393104464416,14770.13840858265
184687,RICE,bonus,1,0.9035901969451402,14761.016447808155
96053,RICE,bonus,1,0.903000834929522,14654.90152941149
180334,RICE,bonus,1,0.9026570404204116,14616.883514884756
95384,RICE,bonus,1,0.90260792691911,14613.92668566034
164698,RICE,bonus,1,0.9025096999165072,14591.834302183348
198769,RICE,bonus,1,0.9024605864152055,14586.764465531924
205522,RICE,bonus,1,0.902411472913904,14585.406385594746
211887,RICE,bonus,1,0.9023623594126026,14572.08549425498
224524,RICE,bonus,1,0.9022641324099996,14565.425849331024
203435,RICE,bonus,1,0.901822110898286,14471.732011617463
80207,RICE,bonus,1,0.9017729973969844,14470.980053589015
222843,RICE,bonus,1,0.9014783163891754,14429.876466805694
200440,RICE,bonus,1,0.901429202887874,14425.455203839709
138157,RICE,bonus,1,0.9013800893865724,14394.876012367604
213119,RICE,bonus,1,0.9013309758852708,14382.025916227552
183669,RICE,bonus,1,0.9009871813761604,14325.408399738511
194399,RICE,bonus,1,0.9005451598644467,14273.749224110144
136815,RICE,bonus,1,0.9004960463631452,14267.988693315598
203438,RICE,bonus,1,0.9004469328618437,14260.69857581736
128429,RICE,bonus,1,0.9002995923579392,14212.099913482029
139839,RICE,bonus,1,0.9002504788566377,14194.757747300691
213450,RICE,bonus,1,0.8997593438436227,14061.495781699105
221515,RICE,bonus,1,0.8996120033397181,14056.802707368184
67090,RICE,bonus,1,0.8990226413241,13935.852393572535
151270,RICE,bonus,1,0.898924414321497,13896.514709653824
164037,RICE,bonus,1,0.898826187318894,13883.23507409184
133801,RICE,bonus,1,0.8984823928097834,13818.496680929911
123094,RICE,bonus,1,0.8983350523058788,13798.222736789414
135145,RICE,bonus,1,0.8978439172928638,13702.356398276135
223589,RICE,bonus,1,0.8976474632876578,13660.650523315697
206449,RICE,bonus,1,0.8975001227837532,13637.920209825785
212807,RICE,bonus,1,0.8972545552772457,13599.152810956337
122749,RICE,bonus,1,0.8970581012720397,13560.527981595911
155614,RICE,bonus,1,0.8966651932616276,13463.930254451276
219266,RICE,bonus,1,0.8963705122538186,13415.989785545476
209790,RICE,bonus,1,0.896026717744708,13370.432266702834
188064,RICE,bonus,1,0.8957320367368989,13354.06875690482
210899,SHEEP,bonus,1,0.9999285765302478,12.747141420417524
128683,SHEEP,bonus,1,0.9998571530604956,12.673930821513274
209894,SHEEP,bonus,1,0.9998035854581816,12.609370675800491
128681,SHEEP,bonus,1,0.9996428826512392,12.357344753044591
141502,SHEEP,bonus,1,0.9996250267838012,12.34842391874866
246489,SHEEP,bonus,1,0.9996071709163632,12.344631036059816
237793,SHEEP,bonus,1,0.9995893150489252,12.343898467257828
188727,SHEEP,bonus,1,0.9995178915791728,12.292921227557734
225714,SHEEP,bonus,1,0.9995000357117348,12.286243184345256
247160,SHEEP,bonus,1,0.9994643239768588,12.25943075236882
188056,SHEEP,bonus,1,0.9994464681094208,12.253889181438206
201066,SHEEP,bonus,1,0.9994286122419828,12.250493358931422
127382,SHEEP,bonus,1,0.9993571887722306,12.217154768389126
246157,SHEEP,bonus,1,0.9993393329047924,12.21145908423013
155234,SHEEP,bonus,1,0.9992679094350404,12.182831966032454
121397,SHEEP,bonus,1,0.9991607742304122,12.126771921539458
231737,SHEEP,bonus,1,0.9990179272909078,12.068995216696305
143447,SHEEP,bonus,1,0.9989643596885937,12.059436617407838
209118,SHEEP,bonus,1,0.9989107920862796,12.026600542718988
200074,SHEEP,bonus,1,0.9988929362188416,12.014793805548049
183989,SHEEP,bonus,1,0.9988750803514036,12.00877143119286
148471,SHEEP,bonus,1,0.9988215127490894,12.00257427479718
248832,SHEEP,bonus,1,0.9987858010142132,11.992242691239586
135809,SHEEP,bonus,1,0.9987500892793372,11.969539620646913
136748,SHEEP,bonus,1,0.9987143775444612,11.967105951418064
121395,SHEEP,bonus,1,0.9986429540747088,11.955400044702674
188066,SHEEP,bonus,1,0.9985536747375188,11.93533255262142
177308,SHEEP,bonus,1,0.9985179630026426,11.930295018920487
140831,SHEEP,bonus,1,0.9985001071352048,11.92843399440235
187383,SHEEP,bonus,1,0.9984286836654525,11.921486872849302
137149,SHEEP,bonus,1,0.9983572601957004,11.904614668315425
147143,SHEEP,bonus,1,0.9983394043282624,11.902767526166366
136480,SHEEP,bonus,1,0.998214413256196,11.861371235963905
225043,SHEEP,bonus,1,0.998196557388758,11.86075420107976
155913,SHEEP,bonus,1,0.99817870152132,11.860343207713044
187389,SHEEP,bonus,1,0.998160845653882,11.85691154730902
129012,SHEEP,bonus,1,0.9981429897864438,11.855861176974948
180634,SHEEP,bonus,1,0.9981072780515676,11.841197416896147
137820,SHEEP,bonus,1,0.9980894221841295,11.84089796127314
135140,SHEEP,bonus,1,0.9980537104492536,11.835386404646888
187394,SHEEP,bonus,1,0.9979465752446254,11.809617685216129
210632,SHEEP,bonus,1,0.9979108635097492,11.80751854466635
188054,SHEEP,bonus,1,0.9978572959074352,11.798691800835629
135811,SHEEP,bonus,1,0.9976608813656168,11.766952685517762
178287,SHEEP,bonus,1,0.9976430254981788,11.76528494560432
187385,SHEEP,bonus,1,0.997285908149418,11.708712598369656
247828,SHEEP,bonus,1,0.9972501964145418,11.69441590649804
245488,SHEEP,bonus,1,0.9971430612099136,11.672692683739648
181977,SHEEP,bonus,1,0.9971252053424756,11.671968168921698
169280,SHEEP,bonus,1,0.9970716377401614,11.663304269645106
137822,SHEEP,bonus,1,0.996875223198343,11.62346542372785
176976,SHEEP,bonus,1,0.9968573673309048,11.622661915638906
238462,SHEEP,bonus,1,0.9967502321262768,11.610483025392991
155524,SHEEP,bonus,1,0.9965716734518963,11.590411100101504
223700,SHEEP,bonus,1,0.9965359617170202,11.586063778983666
129681,SHEEP,bonus,1,0.99644668237983,11.568020150868874
155527,SHEEP,bonus,1,0.996410970644954,11.559932157980672
74899,SHEEP,bonus,1,0.99635740304264,11.55648699795617
155915,SHEEP,bonus,1,0.9963038354403256,11.535224879733832
119056,SHEEP,bonus,1,0.9962681237054496,11.533569605154064
210630,SHEEP,bonus,1,0.9962502678380116,11.529495669281204
155853,SHEEP,bonus,1,0.9961074208985072,11.519415128999563
128350,SHEEP,bonus,1,0.9960717091636312,11.509719140369532
207770,SHEEP,bonus,1,0.9960538532961932,11.508570258547442
137482,SHEEP,bonus,1,0.9958752946218128,11.492956717059638
181305,SHEEP,bonus,1,0.9958038711520606,11.489270366356044
129683,SHEEP,bonus,1,0.9957324476823084,11.473658400451136
160971,SHEEP,bonus,1,0.9956431683451182,11.466371292440977
186726,SHEEP,bonus,1,0.995607456610242,11.46292304998862
157620,SHEEP,bonus,1,0.995571744875366,11.461450865542846
232739,SHEEP,bonus,1,0.995553889007928,11.458147106144292
129391,SHEEP,bonus,1,0.9954288979358618,11.44779693666402
187727,SHEEP,bonus,1,0.9953217627312336,11.435054047667492
127371,SHEEP,bonus,1,0.9951967716591672,11.42407009343678
159935,SHEEP,bonus,1,0.9951789157917292,11.423430240755756
136482,SHEEP,bonus,1,0.9951610599242912,11.422834355133574
214155,SHEEP,bonus,1,0.995125348189415,11.420214106426265
231068,SHEEP,bonus,1,0.995089636454539,11.414687018057876
148140,SHEEP,bonus,1,0.9950182129847868,11.409076559246444
186994,SHEEP,bonus,1,0.9950003571173488,11.40748985625696
126332,SHEEP,bonus,1,0.9948753660452824,11.397857362079538
224374,SHEEP,bonus,1,0.9948396543104064,11.396094306425724
159529,SHEEP,bonus,1,0.9948039425755304,11.389481252797363
188732,SHEEP,bonus,1,0.994643239768588,11.372858273438863
188395,SHEEP,bonus,1,0.994607528033712,11.370600522002588
226719,SHEEP,bonus,1,0.9944646810942076,11.356659228827438
152906,SHEEP,bonus,1,0.9944111134918936,11.34926408938746
247157,SHEEP,bonus,1,0.9943396900221412,11.347099246510066
82288,SHEEP,bonus,1,0.994232554817513,11.333870950720106
201408,SHEEP,bonus,1,0.994196843082637,11.328188001216391
240469,SHEEP,bonus,1,0.9941789872151988,11.32739813268009
159598,SHEEP,bonus,1,0.9941075637454468,11.321830176150964
153573,SHEEP,bonus,1,0.9940718520105708,11.315861731707964
241808,SHEEP,bonus,1,0.9940361402756946,11.309695231521696
135082,SHEEP,bonus,1,0.9940182844082566,11.309664430673893
152877,SHEEP,bonus,1,0.9940004285408184,11.307591614769343
239465,SHEEP,bonus,1,0.9939825726733804,11.306593696973604
157604,SHEEP,bonus,1,0.993821869866438,11.280739410156976
242476,SHEEP,bonus,1,0.993750446396686,11.275498169736316
135753,SHEEP,bonus,1,0.993696878794372,11.266456983975225
155911,SHEEP,bonus,1,0.9936433111920576,11.26400662927272
183305,SHEEP,bonus,1,0.9935718877223056,11.2591328278912
179984,SHEEP,bonus,1,0.9935361759874296,11.257000049044755
191405,SHEEP,bonus,1,0.9934826083851154,11.254601127567415
155855,SHEEP,bonus,1,0.9934647525176772,11.252508850249226
127678,SHEEP,bonus,1,0.9934290407828013,11.249089059333128
209448,SHEEP,bonus,1,0.9934111849153632,11.24379875782781
235748,SHEEP,bonus,1,0.993321905578173,11.239014687341744
249501,SHEEP,bonus,1,0.9932326262409829,11.23162438008691
144807,SHEEP,bonus,1,0.9932147703735448,11.229646556053437
162953,SHEEP,bonus,1,0.9930004999642884,11.217306031908644
160266,SHEEP,bonus,1,0.9929826440968502,11.21383997695967
132739,SHEEP,bonus,1,0.9929469323619742,11.21186534401065
184311,SHEEP,bonus,1,0.992929076494536,11.21153312176898
165639,SHEEP,bonus,1,0.992875508892222,11.209479462132364
155851,SHEEP,bonus,1,0.9927148060852796,11.194621786045946
226721,SHEEP,bonus,1,0.9926969502178415,11.194127025492206
226729,SHEEP,bonus,1,0.9926612384829656,11.191464258015351
162208,SHEEP,bonus,1,0.9925898150132132,11.182808437978904
151574,SHEEP,bonus,1,0.9925362474108992,11.176983882123162
237124,SHEEP,bonus,1,0.9924648239411472,11.17408287086034
161627,SHEEP,bonus,1,0.992411256338833,11.163584229811512
160867,SHEEP,bonus,1,0.9921612741947003,11.150617942487116
148203,SHEEP,bonus,1,0.9921434183272624,11.14828095243623
125042,SHEEP,bonus,1,0.9920898507249484,11.143236065406535
59410,SHEEP,bonus,1,0.9920719948575102,11.142940470499385
230399,SHEEP,bonus,1,0.992018427255196,11.138333824868932
130789,SHEEP,bonus,1,0.992000571387758,11.137259658434658
148879,SHEEP,bonus,1,0.9917505892436256,11.119777954590557
160204,SHEEP,bonus,1,0.9917327333761874,11.119736197215293
212911,SHEEP,bonus,1,0.9917148775087494,11.119231671843307
186387,SHEEP,bonus,1,0.9916970216413112,11.118996693662584
124663,SHEEP,bonus,1,0.9916791657738732,11.118625658249927
211299,SHEEP,bonus,1,0.9915898864366832,11.109332039444606
179982,SHEEP,bonus,1,0.991500607099493,11.102757225059484
134078,SHEEP,bonus,1,0.9914648953646168,11.099234615188449
152904,SHEEP,bonus,1,0.9914470394971788,11.09910338515063
143189,SHEEP,bonus,1,0.9914113277623028,11.096770895113146
156196,SHEEP,bonus,1,0.9913577601599886,11.092893620085428
200743,SHEEP,bonus,1,0.9913399042925504,11.092408085122962
144455,SHEEP,bonus,1,0.9912863366902364,11.091404087118034
79936,SHEEP,bonus,1,0.9912684808227984,11.090713389727783
131065,SHEEP,bonus,1,0.9911613456181702,11.08623397622023
132072,SHEEP,bonus,1,0.99107206628098,11.082999910932706
145810,SHEEP,bonus,1,0.9910184986786658,11.082882350241938
138489,SHEEP,bonus,1,0.9910006428112278,11.081777132117493
197386,SHEEP,bonus,1,0.9908577958717234,11.074488876312495
159609,SHEEP,bonus,1,0.9908399400042854,11.074172648413011
132741,SHEEP,bonus,1,0.9907863724019712,11.068750809296636
157524,SHEEP,bonus,1,0.9907685165345332,11.06790048391646
178648,SHEEP,bonus,1,0.9907328047996572,11.06518438715976
154568,SHEEP,bonus,1,0.9906078137275908,11.052743223268704
159866,SHEEP,bonus,1,0.9905542461252768,11.048992551040095
153916,SHEEP,bonus,1,0.9904471109206484,11.043448098084406
199735,SHEEP,bonus,1,0.9904292550532104,11.04329754635264
180335,SHEEP,bonus,1,0.9902864081137062,11.032255497858507
128384,SHEEP,bonus,1,0.990179272909078,11.02690654622308
137092,SHEEP,bonus,1,0.9901078494393256,11.026004547240657
175275,SHEEP,bonus,1,0.9900721377044496,11.02303314255523
160534,SHEEP,bonus,1,0.9900542818370116,11.021732514967992
130781,SHEEP,bonus,1,0.9900185701021356,11.018883837716125
247490,SHEEP,bonus,1,0.9899471466323834,11.013507429078915
133410,SHEEP,bonus,1,0.9898935790300692,11.011947708602197
145128,SHEEP,bonus,1,0.9898757231626312,11.011501746334314
136835,SHEEP,bonus,1,0.9898400114277552,11.008881478891016
154563,SHEEP,bonus,1,0.9897328762231268,11.003694029600844
136477,SHEEP,bonus,1,0.9896435968859368,10.995919059714218
128007,SHEEP,bonus,1,0.9895721734161844,10.99200598159057
209775,SHEEP,bonus,1,0.9894828940789944,10.9876124275235
225372,SHEEP,bonus,1,0.9894471823441184,10.986303640856226
156522,SHEEP,bonus,1,0.989375758874366,10.982029574782542
154858,SHEEP,bonus,1,0.989357903006928,10.979062601406415
203080,SHEEP,bonus,1,0.98934004713949,10.979056485495668
83295,SHEEP,bonus,1,0.989286479537176,10.974314816459016
126672,SHEEP,bonus,1,0.9892507678022998,10.97422290827377
74562,SHEEP,bonus,1,0.9892150560674238,10.971895834636983
161868,SHEEP,bonus,1,0.9891793443325476,10.97042693329454
201071,SHEEP,bonus,1,0.9889650739232912,10.958970762053305
197389,SHEEP,bonus,1,0.9888579387186628,10.955268863969644
227723,SHEEP,bonus,1,0.9885722448396544,10.941624186971268
204755,SHEEP,bonus,1,0.9885543889722164,10.93943186627678
233408,SHEEP,bonus,1,0.988411542032712,10.933693062025794
204080,SHEEP,bonus,1,0.988393686165274,10.933623210925443
160621,SHEEP,bonus,1,0.988357974430398,10.931532242487505
158927,SHEEP,bonus,1,0.9882865509606455,10.9254346289729
208091,SHEEP,bonus,1,0.9882686950932076,10.924878365610631
132737,SHEEP,bonus,1,0.9882508392257696,10.92438383191776
154221,SHEEP,bonus,1,0.9882329833583317,10.923834026728972
198734,SHEEP,bonus,1,0.9881794157560174,10.92176900782292
134801,SHEEP,bonus,1,0.9881437040211414,10.920868912364725
173608,SHEEP,bonus,1,0.9881258481537032,10.91973186566848
125663,SHEEP,bonus,1,0.9880187129490752,10.915235408985115
162934,SHEEP,bonus,1,0.987983001214199,10.91309349524984
162879,SHEEP,bonus,1,0.9879115777444468,10.910727612985506
210100,SHEEP,bonus,1,0.9877865866723804,10.903283283869897
139446,SHEEP,bonus,1,0.9877330190700664,10.900433928038575
161196,SHEEP,bonus,1,0.9877151632026284,10.900215436267638
157949,SHEEP,bonus,1,0.9876973073351905,10.898974197510244
231071,SHEEP,bonus,1,0.987572316263124,10.89597474520614
170286,SHEEP,bonus,1,0.9874473251910578,10.891725148379088
200076,SHEEP,bonus,1,0.9874294693236196,10.889367058062922
231735,SHEEP,bonus,1,0.9874116134561816,10.88934737402757
178980,SHEEP,bonus,1,0.9873937575887436,10.887729446127988
75825,SHEEP,bonus,1,0.9873759017213056,10.887610741808343
162601,SHEEP,bonus,1,0.9873223341189916,10.881363380293038
166933,SHEEP,bonus,1,0.9873044782515534,10.880830116435538
145459,SHEEP,bonus,1,0.9872509106492392,10.876728106062687
158199,SHEEP,bonus,1,0.9870187843725448,10.866014724818086
174602,SHEEP,bonus,1,0.9869295050353546,10.86049007010374
158527,SHEEP,bonus,1,0.9869116491679166,10.8595221730626
126379,SHEEP,bonus,1,0.9868223698307264,10.85514167561331
161546,SHEEP,bonus,1,0.98669737875866,10.850509621175608
202079,SHEEP,bonus,1,0.986679522891222,10.849344494169852
156524,SHEEP,bonus,1,0.986661667023784,10.849195370342454
181653,SHEEP,bonus,1,0.986625955288908,10.848846953633007
134137,SHEEP,bonus,1,0.98660809942147,10.846959456374064
174606,SHEEP,bonus,1,0.9864652524819656,10.84266173796964
181004,SHEEP,bonus,1,0.9863938290122134,10.84112209838632
232406,SHEEP,bonus,1,0.9863759731447752,10.84021242399519
204748,SHEEP,bonus,1,0.9863581172773374,10.83969757441572
229396,SHEEP,bonus,1,0.986215270337833,10.832311312849724
160604,SHEEP,bonus,1,0.986197414470395,10.83191648655832
202740,SHEEP,bonus,1,0.9861795586029568,10.831866991733596
211301,SHEEP,bonus,1,0.9861438468680808,10.831709292433096
162546,SHEEP,bonus,1,0.9860902792657668,10.828767867736348
176970,SHEEP,bonus,1,0.9860724233983288,10.82746534945496
129010,SHEEP,bonus,1,0.9859295764588244,10.823972151148864
124994,SHEEP,bonus,1,0.9858938647239482,10.82234776045856
177616,SHEEP,bonus,1,0.985804585386758,10.820006395299368
204753,SHEEP,bonus,1,0.985768873651882,10.819881395339104
129352,SHEEP,bonus,1,0.985733161917006,10.818663503097929
205765,SHEEP,bonus,1,0.985715306049568,10.817288902853509
226061,SHEEP,bonus,1,0.9855724591100636,10.813833540359711
127029,SHEEP,bonus,1,0.9855546032426256,10.813791391514323
155242,SHEEP,bonus,1,0.9855010356403114,10.812014539205473
175616,SHEEP,bonus,1,0.9854117563031212,10.808623067998848
125375,SHEEP,bonus,1,0.9852689093636168,10.801496646646346
206089,SHEEP,bonus,1,0.9852331976287408,10.8009937589238
78593,SHEEP,bonus,1,0.9851439182915506,10.79622295664648
137828,SHEEP,bonus,1,0.9851260624241126,10.795937981054516
147196,SHEEP,bonus,1,0.984840368545104,10.78607403089901
203409,SHEEP,bonus,1,0.984804656810228,10.785907580119927
152233,SHEEP,bonus,1,0.9845011070637812,10.776793219458128
130008,SHEEP,bonus,1,0.9842868366545248,10.771562687920497
185330,SHEEP,bonus,1,0.9841975573173344,10.769738201545447
159940,SHEEP,bonus,1,0.983983286908078,10.763500313440948
125665,SHEEP,bonus,1,0.9836440254267552,10.749659606380751
153510,SHEEP,bonus,1,0.9835547460895652,10.745767282694556
203083,SHEEP,bonus,1,0.9833761874151846,10.741188337429072
130450,SHEEP,bonus,1,0.983072637668738,10.7263795389904
81280,SHEEP,bonus,1,0.9830547818013,10.725024200269653
137094,SHEEP,bonus,1,0.9828940789943575,10.722374238323011
126700,SHEEP,bonus,1,0.9827333761874152,10.718251391354784
129706,SHEEP,bonus,1,0.9826083851153488,10.713607222515456
173934,SHEEP,bonus,1,0.9825548175130348,10.712563927374294
126381,SHEEP,bonus,1,0.9825369616455968,10.711963942640606
204741,SHEEP,bonus,1,0.9825012499107206,10.711778562717342
160189,SHEEP,bonus,1,0.9824298264409684,10.71000131255943
135806,SHEEP,bonus,1,0.9823584029712163,10.70630169632148
199061,SHEEP,bonus,1,0.9822869795014642,10.705065634501722
211303,SHEEP,bonus,1,0.982179844296836,10.701662349030464
227721,SHEEP,bonus,1,0.98214413256196,10.701074959531914
142174,SHEEP,bonus,1,0.9820905649596458,10.697204141868408
154561,SHEEP,bonus,1,0.9818762945503892,10.694006693289676
126709,SHEEP,bonus,1,0.9816263124062568,10.68762689251812
161570,SHEEP,bonus,1,0.9816084565388188,10.687402968697889
225370,SHEEP,bonus,1,0.9814834654667524,10.682271908101717
157936,SHEEP,bonus,1,0.9814656095993144,10.68223032965366
137763,SHEEP,bonus,1,0.981358474394686,10.67759178197448
206436,SHEEP,bonus,1,0.9811442039854296,10.671612859398351
207103,SHEEP,bonus,1,0.980876365973859,10.663149324635851
174958,SHEEP,bonus,1,0.9807692307692308,10.65792572847861
157618,SHEEP,bonus,1,0.9807335190343548,10.656862950112716
158525,SHEEP,bonus,1,0.9807156631669166,10.65650043103714
205424,SHEEP,bonus,1,0.9806620955646024,10.655670071782426
159253,SHEEP,bonus,1,0.980376401685594,10.645679552731098
179986,SHEEP,bonus,1,0.9803585458181558,10.645447366563838
231739,SHEEP,bonus,1,0.9802156988786516,10.641540282867282
92372,SHEEP,bonus,1,0.9801799871437754,10.6413536011199
205748,SHEEP,bonus,1,0.9800907078065852,10.63870252273836
165902,SHEEP,bonus,1,0.9800728519391472,10.638079834683651
162263,SHEEP,bonus,1,0.979983572601957,10.636032174674169
154244,SHEEP,bonus,1,0.9799657167345188,10.636014724147657
119052,SHEEP,bonus,1,0.9798407256624528,10.63216628730112
130047,SHEEP,bonus,1,0.9798050139275766,10.63071724050859
204065,SHEEP,bonus,1,0.9797157345903864,10.629475996075447
199405,SHEEP,bonus,1,0.97959074351832,10.627188501023385
208109,SHEEP,bonus,1,0.979572887650882,10.626788510090494
146115,SHEEP,bonus,1,0.9793586172416257,10.617639592003114
157527,SHEEP,bonus,1,0.9793050496393116,10.616766446124284
211297,SHEEP,bonus,1,0.9792871937718736,10.616525591021878
228727,SHEEP,bonus,1,0.9790907792300548,10.61166883534695
132384,SHEEP,bonus,1,0.9789122205556746,10.60816412597496
159267,SHEEP,bonus,1,0.9788586529533604,10.607662410046736
162877,SHEEP,bonus,1,0.97868009427898,10.600458515719328
146865,SHEEP,bonus,1,0.9785551032069136,10.59733873303567
142176,SHEEP,bonus,1,0.9785372473394758,10.597242837292397
153218,SHEEP,bonus,1,0.9784836797371615,10.594605565725724
225712,SHEEP,bonus,1,0.9784479680022856,10.593457740940869
153169,SHEEP,bonus,1,0.9783944003999714,10.592752613264851
160631,SHEEP,bonus,1,0.9783765445325334,10.59228010898903
131733,SHEEP,bonus,1,0.9783586886650952,10.592100596015449
145126,SHEEP,bonus,1,0.978233697593029,10.589407269309824
130393,SHEEP,bonus,1,0.9781801299907148,10.58860076420252
205746,SHEEP,bonus,1,0.9780729947860868,10.585079359678442
71129,SHEEP,bonus,1,0.9780194271837724,10.58018549827462
162603,SHEEP,bonus,1,0.9779837154488964,10.579265946150018
176617,SHEEP,bonus,1,0.977805156774516,10.575604230380735
175271,SHEEP,bonus,1,0.977751589172202,10.573814613316856
152931,SHEEP,bonus,1,0.9775373187629456,10.568727876239851
80273,SHEEP,bonus,1,0.9774837511606314,10.566731239992652
119054,SHEEP,bonus,1,0.9774123276908792,10.564404097534004
198767,SHEEP,bonus,1,0.9773587600885651,10.562526061114047
156851,SHEEP,bonus,1,0.9772694807513748,10.559675531469702
157854,SHEEP,bonus,1,0.9771266338118706,10.555108929180776
203748,SHEEP,bonus,1,0.9769302192700522,10.551492400383834
207444,SHEEP,bonus,1,0.976894507535176,10.550915981711274
198392,SHEEP,bonus,1,0.9767695164631098,10.546604177107278
158259,SHEEP,bonus,1,0.9765909577887294,10.542865474145836
134031,SHEEP,bonus,1,0.976430254981787,10.537824730882903
127681,SHEEP,bonus,1,0.9762516963074066,10.53492659919304
231066,SHEEP,bonus,1,0.9760909935004642,10.528296045983604
205757,SHEEP,bonus,1,0.9760731376330262,10.527829369427725
208434,SHEEP,bonus,1,0.976019570030712,10.525742647377944
152902,SHEEP,bonus,1,0.975983858295836,10.52469239049607
164226,SHEEP,bonus,1,0.975966002428398,10.524541958483775
162615,SHEEP,bonus,1,0.9758410113563316,10.521967718501877
124373,SHEEP,bonus,1,0.9757874437540176,10.51964695383437
140450,SHEEP,bonus,1,0.9757695878865796,10.518506290669288
154936,SHEEP,bonus,1,0.9757160202842654,10.516922590180275
175938,SHEEP,bonus,1,0.9756981644168272,10.51680817849393
182632,SHEEP,bonus,1,0.9755731733447612,10.513581170943732
82286,SHEEP,bonus,1,0.975555317477323,10.513531801347613
160196,SHEEP,bonus,1,0.9754660381401328,10.512336593353986
135751,SHEEP,bonus,1,0.9754124705378188,10.511183437509011
149655,SHEEP,bonus,1,0.9753946146703808,10.51114481905433
199064,SHEEP,bonus,1,0.9752874794657524,10.50957678537572
196715,SHEEP,bonus,1,0.9751982001285624,10.506346153059628
199403,SHEEP,bonus,1,0.975091064923934,10.503913827795312
210123,SHEEP,bonus,1,0.9750017855867438,10.50206055510585
159276,SHEEP,bonus,1,0.9749660738518676,10.50155837267086
127003,SHEEP,bonus,1,0.9748589386472396,10.499497631607303
164291,SHEEP,bonus,1,0.9747696593100492,10.49785195734994
178301,SHEEP,bonus,1,0.9746982358402972,10.496149545043988
166978,SHEEP,bonus,1,0.9746268123705448,10.493640193961951
210444,SHEEP,bonus,1,0.974608956503107,10.493410590250331
232408,SHEEP,bonus,1,0.9744839654310408,10.489889144798246
151572,SHEEP,bonus,1,0.9744125419612883,10.487707750119927
144118,SHEEP,bonus,1,0.9743946860938504,10.487445853602075
169583,SHEEP,bonus,1,0.9743768302264124,10.48721690968268
195709,SHEEP,bonus,1,0.9743589743589745,10.48706588342446
166905,SHEEP,bonus,1,0.9742696950217842,10.484078862686404
157932,SHEEP,bonus,1,0.97421612741947,10.48322184691092
127384,SHEEP,bonus,1,0.974180415684594,10.482191659746944
214587,SHEEP,bonus,1,0.9740911363474036,10.48076715635777
131403,SHEEP,bonus,1,0.9740197128776515,10.480084659170648
129107,SHEEP,bonus,1,0.9740018570102136,10.478939713203538
202077,SHEEP,bonus,1,0.9739661452753374,10.478669318436737
154565,SHEEP,bonus,1,0.9739482894078996,10.478119978050277
167908,SHEEP,bonus,1,0.9737875866009572,10.469840679941264
176942,SHEEP,bonus,1,0.9735376044568244,10.465615310820649
134135,SHEEP,bonus,1,0.973359045782444,10.462720811405166
63778,SHEEP,bonus,1,0.973341189915006,10.462004785905467
136425,SHEEP,bonus,1,0.973323334047568,10.461493508069456
186991,SHEEP,bonus,1,0.97330547818013,10.461204226074672
127773,SHEEP,bonus,1,0.973251910577816,10.460189838880597
162884,SHEEP,bonus,1,0.9730912077708735,10.456923573377509
161544,SHEEP,bonus,1,0.9730019284336832,10.455825160662448
185715,SHEEP,bonus,1,0.9728769373616172,10.450891324572344
204751,SHEEP,bonus,1,0.972823369759303,10.449309053153035
153247,SHEEP,bonus,1,0.9727340904221128,10.448812818548808
165298,SHEEP,bonus,1,0.9726983786872366,10.448672698555065
177290,SHEEP,bonus,1,0.9724841082779802,10.441985817077022
147194,SHEEP,bonus,1,0.9722876937361618,10.438198532108483
186320,SHEEP,bonus,1,0.9722341261338476,10.43733440947773
148208,SHEEP,bonus,1,0.9721805585315336,10.436306880899124
198732,SHEEP,bonus,1,0.9718770087850868,10.42908567147956
160872,SHEEP,bonus,1,0.9717341618455824,10.425837696065573
134415,SHEEP,bonus,1,0.9716091707735162,10.422211169383308
178642,SHEEP,bonus,1,0.97157345903864,10.420012619909723
159926,SHEEP,bonus,1,0.971555603171202,10.41984092624217
163894,SHEEP,bonus,1,0.971519891436326,10.41906729432001
155933,SHEEP,bonus,1,0.971502035568888,10.418946933392034
243145,SHEEP,bonus,1,0.9714841797014498,10.418698262425917
184363,SHEEP,bonus,1,0.9713770444968216,10.416084778511632
244149,SHEEP,bonus,1,0.9713234768945076,10.414454770105396
75237,SHEEP,bonus,1,0.9712163416898792,10.412687935558065
185319,SHEEP,bonus,1,0.9711627740875652,10.412156091673294
170589,SHEEP,bonus,1,0.9709842154131848,10.409266140393363
152893,SHEEP,bonus,1,0.9709306478108708,10.40835937378434
160875,SHEEP,bonus,1,0.9708413684736804,10.405811703548274
165233,SHEEP,bonus,1,0.9708056567388044,10.40433028639205
143516,SHEEP,bonus,1,0.970680665666738,10.401348727946887
158605,SHEEP,bonus,1,0.970609242196986,10.40048088925906
225716,SHEEP,bonus,1,0.9705556745946718,10.399687130397076
183312,SHEEP,bonus,1,0.9705199628597956,10.399266686144172
233406,SHEEP,bonus,1,0.9705021069923576,10.39907814981439
153215,SHEEP,bonus,1,0.9703949717877296,10.396703985303448
148469,SHEEP,bonus,1,0.9702878365831012,10.393408444631564
192002,SHEEP,bonus,1,0.970216413113349,10.391715824702077
100689,SHEEP,bonus,1,0.9701628455110348,10.391173118100676
163896,SHEEP,bonus,1,0.9700199985715308,10.385599427881534
175277,SHEEP,bonus,1,0.9698057281622742,10.383246325376104
180333,SHEEP,bonus,1,0.969770016427398,10.381067609224973
93041,SHEEP,bonus,1,0.969716448825084,10.380459944151577
209773,SHEEP,bonus,1,0.9696628812227698,10.378392787786538
205417,SHEEP,bonus,1,0.9695378901507036,10.37687589262121
188725,SHEEP,bonus,1,0.9693414756088852,10.373523653913283
203393,SHEEP,bonus,1,0.969323619741447,10.373214898989923
124371,SHEEP,bonus,1,0.9692700521391328,10.372094134034048
126703,SHEEP,bonus,1,0.9692164845368187,10.36982494399971
60083,SHEEP,bonus,1,0.9691807728019428,10.369516623737166
164968,SHEEP,bonus,1,0.9691450610670668,10.369257812803388
202069,SHEEP,bonus,1,0.9690914934647524,10.368122804223663
137425,SHEEP,bonus,1,0.9690200699950005,10.367174698912772
213788,SHEEP,bonus,1,0.968805799585744,10.362521779690848
158292,SHEEP,bonus,1,0.9687700878508678,10.361851667860432
202081,SHEEP,bonus,1,0.9687522319834296,10.361493022339744
140774,SHEEP,bonus,1,0.9686808085136775,10.360944211142757
163945,SHEEP,bonus,1,0.9685915291764874,10.358334975326144
155529,SHEEP,bonus,1,0.9685379615741732,10.357089954715445
122068,SHEEP,bonus,1,0.968430826369545,10.35309507490728
132743,SHEEP,bonus,1,0.9682701235626028,10.346583369582728
137153,SHEEP,bonus,1,0.9682165559602884,10.346454551092812
120731,SHEEP,bonus,1,0.9681272766230984,10.34508100453575
128102,SHEEP,bonus,1,0.9680915648882222,10.34396226952427
160628,SHEEP,bonus,1,0.968002285551032,10.342454788446029
204072,SHEEP,bonus,1,0.967948717948718,10.341250400477694
146525,SHEEP,bonus,1,0.9676808799371474,10.336147380606938
157568,SHEEP,bonus,1,0.9676630240697092,10.335201984015317
232737,SHEEP,bonus,1,0.9676273123348332,10.333883178465143
153921,SHEEP,bonus,1,0.9676094564673952,10.33319142210434
135084,SHEEP,bonus,1,0.9675916005999572,10.33308080902296
162606,SHEEP,bonus,1,0.967555888865081,10.332527625448026
168577,SHEEP,bonus,1,0.9674487536604528,10.32954316917878
129004,SHEEP,bonus,1,0.9673773301907008,10.327556975892527
151557,SHEEP,bonus,1,0.9673594743232626,10.327237209402828
189733,SHEEP,bonus,1,0.9669666452396256,10.319321129304686
147534,SHEEP,bonus,1,0.9668952217698736,10.319038283253446
205079,SHEEP,bonus,1,0.9667880865652452,10.317248796115823
160623,SHEEP,bonus,1,0.9666988072280552,10.315626773095302
79265,SHEEP,bonus,1,0.966680951360617,10.315205382575767
156575,SHEEP,bonus,1,0.9666273837583028,10.314124509390854
158195,SHEEP,bonus,1,0.9665559602885508,10.313084268788344
166931,SHEEP,bonus,1,0.9665381044211128,10.312652040628876
198061,SHEEP,bonus,1,0.9665202485536748,10.312365552491896
140505,SHEEP,bonus,1,0.9664666809513606,10.311659053314036
237122,SHEEP,bonus,1,0.9664488250839226,10.31148301682924
194686,SHEEP,bonus,1,0.9664309692164844,10.310978934334916
150654,SHEEP,bonus,1,0.9663059781444182,10.307522189464905
157844,SHEEP,bonus,1,0.966216698807228,10.305941033668468
175948,SHEEP,bonus,1,0.96619884293979,10.305734238701842
93712,SHEEP,bonus,1,0.966145275337476,10.30475744799151
166303,SHEEP,bonus,1,0.9659667166630956,10.301828397732605
225375,SHEEP,bonus,1,0.9659131490607814,10.300985931975458
174931,SHEEP,bonus,1,0.9658238697235912,10.29922076771295
156943,SHEEP,bonus,1,0.965734590386401,10.298265676585713
130113,SHEEP,bonus,1,0.9656988786515248,10.297834142019989
142845,SHEEP,bonus,1,0.9656631669166488,10.296910997382378
154916,SHEEP,bonus,1,0.9654846082422684,10.295088383034924
147120,SHEEP,bonus,1,0.9653774730376402,10.293826154022955
157297,SHEEP,bonus,1,0.965323905435326,10.293211474435422
162893,SHEEP,bonus,1,0.9651632026283836,10.288353442527496
101016,SHEEP,bonus,1,0.9650024998214414,10.284233724122156
142129,SHEEP,bonus,1,0.9649489322191273,10.282767096831977
147151,SHEEP,bonus,1,0.9648953646168132,10.282377929997397
83632,SHEEP,bonus,1,0.964859652881937,10.28188010317638
145187,SHEEP,bonus,1,0.9647703735447468,10.280020077223998
131365,SHEEP,bonus,1,0.9646632383401186,10.2790133602301
151490,SHEEP,bonus,1,0.9645025355331762,10.275516455143707
155244,SHEEP,bonus,1,0.964484679665738,10.275474808718272
173262,SHEEP,bonus,1,0.96437754446111,10.272851893673067
146113,SHEEP,bonus,1,0.9642704092564816,10.270936558090714
211295,SHEEP,bonus,1,0.9642525533890436,10.27088493527652
147865,SHEEP,bonus,1,0.9641989857867296,10.2685104399815
181659,SHEEP,bonus,1,0.9641811299192916,10.26827438753298
225045,SHEEP,bonus,1,0.963984715377473,10.265502598193528
139837,SHEEP,bonus,1,0.9636633097635884,10.25865263760464
209450,SHEEP,bonus,1,0.9636275980287122,10.25822380945909
153837,SHEEP,bonus,1,0.963574030426398,10.257082402508344
188409,SHEEP,bonus,1,0.963520462824084,10.256124337916091
141511,SHEEP,bonus,1,0.9634133276194558,10.254655754013612
171931,SHEEP,bonus,1,0.9633776158845796,10.253451449389706
135138,SHEEP,bonus,1,0.9633597600171416,10.253403968049318
144183,SHEEP,bonus,1,0.9633419041497036,10.252727200863172
176277,SHEEP,bonus,1,0.9631276337404472,10.248029014779272
202771,SHEEP,bonus,1,0.9628955074637526,10.242627591562917
153883,SHEEP,bonus,1,0.9627348046568104,10.239523911952414
164568,SHEEP,bonus,1,0.962699092921934,10.23857227343238
188415,SHEEP,bonus,1,0.9626812370544962,10.238105849446937
129355,SHEEP,bonus,1,0.962574101849868,10.23689397678945
170927,SHEEP,bonus,1,0.9625562459824298,10.23665745844342
209097,SHEEP,bonus,1,0.9623598314406114,10.23156902194996
184972,SHEEP,bonus,1,0.962181272766231,10.228323970799014
122066,SHEEP,bonus,1,0.9620741375616028,10.22670352868361
179307,SHEEP,bonus,1,0.9619670023569744,10.224873555304876
163564,SHEEP,bonus,1,0.9619312906220984,10.224528866188358
163272,SHEEP,bonus,1,0.9618777230197842,10.223563537531952
149482,SHEEP,bonus,1,0.9618062995500322,10.222525010863295
148210,SHEEP,bonus,1,0.961770587815156,10.222516069337171
83292,SHEEP,bonus,1,0.9615027498035854,10.215729893981008
156945,SHEEP,bonus,1,0.9614670380687094,10.215104498222416
76582,SHEEP,bonus,1,0.9614134704663952,10.214226411478757
182676,SHEEP,bonus,1,0.9613599028640812,10.213808360148183
137159,SHEEP,bonus,1,0.961270623526891,10.21162177926218
151510,SHEEP,bonus,1,0.9610563531176344,10.208073038168106
154587,SHEEP,bonus,1,0.9610206413827584,10.207524090701856
176621,SHEEP,bonus,1,0.96082422684094,10.20443716201802
125089,SHEEP,bonus,1,0.9606992357688736,10.202126207574608
135423,SHEEP,bonus,1,0.9606635240339976,10.20192542959784
121742,SHEEP,bonus,1,0.9606456681665596,10.201540704328451
158923,SHEEP,bonus,1,0.9606099564316836,10.200380363931272
183298,SHEEP,bonus,1,0.9605563888293692,10.199996430118858
157288,SHEEP,bonus,1,0.9605206770944932,10.199385915046754
207420,SHEEP,bonus,1,0.9605028212270552,10.19891401514816
228725,SHEEP,bonus,1,0.9604849653596172,10.19881174084266
177618,SHEEP,bonus,1,0.9601635597457324,10.193675936884931
168276,SHEEP,bonus,1,0.9601457038782945,10.193191077615287
153243,SHEEP,bonus,1,0.9600385686736662,10.189265926769677
131731,SHEEP,bonus,1,0.960020712806228,10.188554043028414
152563,SHEEP,bonus,1,0.96000285693879,10.188276090937764
162891,SHEEP,bonus,1,0.959985001071352,10.18812782105758
93045,SHEEP,bonus,1,0.9598421541318476,10.18692391117516
164635,SHEEP,bonus,1,0.9598242982644096,10.186489915012237
188332,SHEEP,bonus,1,0.9598064423969715,10.186369360405047
179317,SHEEP,bonus,1,0.9596814513249052,10.183272327274327
148149,SHEEP,bonus,1,0.9596635954574674,10.18323735561416
158287,SHEEP,bonus,1,0.959520748517963,10.181345048655274
142517,SHEEP,bonus,1,0.9594671809156488,10.180692264524705
131448,SHEEP,bonus,1,0.9593957574458968,10.179325431472613
60081,SHEEP,bonus,1,0.9593243339761446,10.178219911295198
184315,SHEEP,bonus,1,0.9593064781087064,10.17768028041691
158930,SHEEP,bonus,1,0.9592886222412684,10.177388796064648
210791,SHEEP,bonus,1,0.959074351832012,10.173929099578366
211968,SHEEP,bonus,1,0.9590207842296978,10.173298173204069
158858,SHEEP,bonus,1,0.9589672166273836,10.172688249354673
149985,SHEEP,bonus,1,0.9589315048925076,10.171300183160133
127369,SHEEP,bonus,1,0.9588957931576316,10.171098280715288
169574,SHEEP,bonus,1,0.958645811013499,10.168775334415772
202071,SHEEP,bonus,1,0.9585922434111848,10.167819075582493
194068,SHEEP,bonus,1,0.9585386758088708,10.166614348755395
182310,SHEEP,bonus,1,0.958217270194986,10.160227895446983
166907,SHEEP,bonus,1,0.958199414327548,10.160220279108117
165231,SHEEP,bonus,1,0.9580565673880436,10.15649555702906
162206,SHEEP,bonus,1,0.9578601528462252,10.152789559119476
223362,SHEEP,bonus,1,0.957753017641597,10.151618760066947
210438,SHEEP,bonus,1,0.9576458824369688,10.149956135632689
142178,SHEEP,bonus,1,0.9575566030997786,10.148200120498093
142847,SHEEP,bonus,1,0.9575030354974644,10.146075558302194
129709,SHEEP,bonus,1,0.9574673237625884,10.145689014873971
164643,SHEEP,bonus,1,0.9574316120277124,10.145495966952598
141509,SHEEP,bonus,1,0.95736018855796,10.14402883580126
178311,SHEEP,bonus,1,0.957288765088208,10.142625446118174
100687,SHEEP,bonus,1,0.9570744946789514,10.137724056184569
175273,SHEEP,bonus,1,0.9569852153417612,10.13564574776438
153564,SHEEP,bonus,1,0.956842368402257,10.133004737685846
232068,SHEEP,bonus,1,0.9568066566673809,10.131569275898752
176619,SHEEP,bonus,1,0.9567709449325048,10.13127274504859
172939,SHEEP,bonus,1,0.9567530890650668,10.13088404786829
198063,SHEEP,bonus,1,0.95644953931862,10.126093248472005
164966,SHEEP,bonus,1,0.9562531247768016,10.12337210149351
152560,SHEEP,bonus,1,0.9561817013070496,10.122763983206005
199712,SHEEP,bonus,1,0.9561281337047354,10.1220961452234
162215,SHEEP,bonus,1,0.9560924219698592,10.1217790578679
160264,SHEEP,bonus,1,0.9560388543675452,10.121344306605293
84307,SHEEP,bonus,1,0.9559138632954788,10.117943495228134
204410,SHEEP,bonus,1,0.9558424398257268,10.116927902025544
161932,SHEEP,bonus,1,0.9558067280908508,10.116647104651229
172937,SHEEP,bonus,1,0.9557888722234126,10.11658888854798
165637,SHEEP,bonus,1,0.9557531604885364,10.115478566454811
138497,SHEEP,bonus,1,0.9557353046210983,10.115138763597225
188071,SHEEP,bonus,1,0.9556460252839084,10.11317741462913
133466,SHEEP,bonus,1,0.9556103135490324,10.112686089263924
133812,SHEEP,bonus,1,0.955521034211842,10.110383516949051
99686,SHEEP,bonus,1,0.9552531962002714,10.104874970420656
187734,SHEEP,bonus,1,0.9550389257910148,10.10110243323597
160291,SHEEP,bonus,1,0.9549139347189488,10.09848574046194
155236,SHEEP,bonus,1,0.9548603671166346,10.097328966211064
130021,SHEEP,bonus,1,0.9548067995143203,10.09659216696044
178650,SHEEP,bonus,1,0.9547889436468824,10.09637929087394
147202,SHEEP,bonus,1,0.9547710877794444,10.0962724707412
148540,SHEEP,bonus,1,0.95462824083994,10.093879268107614
195711,SHEEP,bonus,1,0.954610384972502,10.093615488277868
159959,SHEEP,bonus,1,0.9545389615027496,10.092990881517098
81617,SHEEP,bonus,1,0.9544139704306835,10.091501892134444
165580,SHEEP,bonus,1,0.9543068352260552,10.08891731333642
135813,SHEEP,bonus,1,0.9542354117563032,10.088234723071954
161885,SHEEP,bonus,1,0.954217555888865,10.088051268988876
153194,SHEEP,bonus,1,0.9540747089493608,10.084841579229664
137157,SHEEP,bonus,1,0.9540032854796086,10.082818365121
129343,SHEEP,bonus,1,0.9539497178772944,10.082636577004005
208756,SHEEP,bonus,1,0.9539140061424184,10.081956921928754
150324,SHEEP,bonus,1,0.9538425826726662,10.08057291258405
148986,SHEEP,bonus,1,0.953789015070352,10.07989555281696
210634,SHEEP,bonus,1,0.953735447468038,10.079596508080082
129718,SHEEP,bonus,1,0.9536818798657238,10.078313195867532
213981,SHEEP,bonus,1,0.9535211770587816,10.07712566926368
200072,SHEEP,bonus,1,0.9530390686379544,10.071119534989052
174612,SHEEP,bonus,1,0.9529676451682024,10.070006971986588
166975,SHEEP,bonus,1,0.95289622169845,10.068762573877446
129110,SHEEP,bonus,1,0.9527533747589458,10.06724667231553
130122,SHEEP,bonus,1,0.9527176630240696,10.067127678149127
179305,SHEEP,bonus,1,0.9526819512891936,10.066748288616422
157244,SHEEP,bonus,1,0.9524319691450612,10.061716274468225
92033,SHEEP,bonus,1,0.9521641311334904,10.05713440721855
131774,SHEEP,bonus,1,0.9520927076637384,10.055623234671032
180309,SHEEP,bonus,1,0.9520569959288622,10.055589233114656
130465,SHEEP,bonus,1,0.951932004856796,10.052534938260616
148809,SHEEP,bonus,1,0.9517891579172916,10.049893111914129
188746,SHEEP,bonus,1,0.9516641668452254,10.045306799265528
102036,SHEEP,bonus,1,0.9512177701592744,10.039633952118413
194058,SHEEP,bonus,1,0.9507356617384471,10.03070092785797
139769,SHEEP,bonus,1,0.9504856795943148,10.0260659424926
53322,STONE,bonus,1,0.9996274217585692,685.0
72419,STONE,bonus,1,0.9992548435171386,594.0
68410,STONE,bonus,1,0.9985096870342772,522.0
83479,STONE,bonus,1,0.9981371087928465,485.0
70756,STONE,bonus,1,0.9973919523099852,444.0
52985,STONE,bonus,1,0.9959016393442623,394.0
72758,STONE,bonus,1,0.992548435171386,327.0
71748,STONE,bonus,1,0.9918032786885246,324.0
69078,STONE,bonus,1,0.9906855439642324,300.0
51982,STONE,bonus,1,0.988822652757079,273.0
71751,STONE,bonus,1,0.9884500745156484,270.0
64736,STONE,bonus,1,0.9884500745156484,270.0
78121,STONE,bonus,1,0.9877049180327868,265.0
51317,STONE,bonus,1,0.9865871833084948,253.0
67749,STONE,bonus,1,0.986214605067064,249.0
49317,STONE,bonus,1,0.9858420268256334,246.0
81472,STONE,bonus,1,0.9832339791356184,237.0
83200,STONE,bonus,1,0.982488822652757,231.0
51984,STONE,bonus,1,0.982488822652757,231.0
74136,STONE,bonus,1,0.982488822652757,231.0
73422,STONE,bonus,1,0.981371087928465,228.0
55666,STONE,bonus,1,0.9802533532041728,225.0
54661,STONE,bonus,1,0.9783904619970194,213.0
83811,STONE,bonus,1,0.977645305514158,209.0
69415,STONE,bonus,1,0.9761549925484352,204.0
71753,STONE,bonus,1,0.9742921013412816,195.0
51988,STONE,bonus,1,0.9728017883755588,183.0
82808,STONE,bonus,1,0.9709388971684052,180.0
86489,STONE,bonus,1,0.9705663189269746,177.0
67745,STONE,bonus,1,0.9694485842026824,174.0
78792,STONE,bonus,1,0.969076005961252,171.0
73122,STONE,bonus,1,0.9668405365126675,162.0
84479,STONE,bonus,1,0.9653502235469448,159.0
50667,STONE,bonus,1,0.9623695976154992,152.0
74452,STONE,bonus,1,0.9597615499254843,147.0
76120,STONE,bonus,1,0.9560357675111774,132.0
51335,STONE,bonus,1,0.9538002980625933,126.0
70759,STONE,bonus,1,0.9523099850968704,125.0
63727,STONE,bonus,1,0.9504470938897168,120.0
57337,STONE,bonus,1,0.9504470938897168,120.0
53990,STONE,bonus,1,0.9504470938897168,120.0
55324,STONE,bonus,1,0.9482116244411326,117.0
68412,STONE,bonus,1,0.9456035767511176,114.0
69417,STONE,bonus,1,0.9456035767511176,114.0
50313,STONE,bonus,1,0.944113263785395,111.0
79801,STONE,bonus,1,0.9433681073025336,109.0
53300,STONE,bonus,1,0.9385245901639344,103.0
71082,STONE,bonus,1,0.937779433681073,102.0
63056,STONE,bonus,1,0.9347988077496274,99.0
70754,STONE,bonus,1,0.9347988077496274,99.0
73429,STONE,bonus,1,0.9318181818181818,97.0
80133,STONE,bonus,1,0.9299552906110284,94.0
77125,STONE,bonus,1,0.9288375558867362,93.0
69088,STONE,bonus,1,0.9288375558867362,93.0
56003,STONE,bonus,1,0.9288375558867362,93.0
50664,STONE,bonus,1,0.9251117734724292,91.0
73442,STONE,bonus,1,0.9243666169895678,90.0
65401,STONE,bonus,1,0.9243666169895678,90.0
62735,STONE,bonus,1,0.9243666169895678,90.0
71084,STONE,bonus,1,0.9243666169895678,90.0
82140,STONE,bonus,1,0.9184053651266766,87.0
48985,STONE,bonus,1,0.9161698956780924,86.0
79134,STONE,bonus,1,0.915424739195231,84.0
57699,STONE,bonus,1,0.915424739195231,84.0
69747,STONE,bonus,1,0.915424739195231,84.0
71087,STONE,bonus,1,0.9087183308494784,81.0
75456,STONE,bonus,1,0.9087183308494784,81.0
53969,STONE,bonus,1,0.9087183308494784,81.0
61710,STONE,bonus,1,0.9049925484351714,80.0
70416,STONE,bonus,1,0.9035022354694486,78.0
66406,STONE,bonus,1,0.9035022354694486,78.0
82531,STONE,bonus,1,0.9035022354694486,78.0
74096,STONE,bonus,1,0.896795827123696,75.0
74429,STONE,bonus,1,0.896795827123696,75.0
68414,STONE,bonus,1,0.896795827123696,75.0
73459,STONE,bonus,1,0.896795827123696,75.0
77794,STONE,bonus,1,0.8919523099850969,73.0
78463,STONE,bonus,1,0.8915797317436661,72.0
72756,STONE,bonus,1,0.8915797317436661,72.0
57020,STONE,bonus,1,0.8885991058122206,71.0
74448,STONE,bonus,1,0.8882265275707899,69.0
71527,STONE,bonus,1,0.8818926974664679,66.0
58704,STONE,bonus,1,0.8818926974664679,66.0
54322,STONE,bonus,1,0.8740685543964233,65.0
71764,STONE,bonus,1,0.8740685543964233,65.0
84484,STONE,bonus,1,0.8722056631892697,64.0
51657,STONE,bonus,1,0.8714605067064084,63.0
56669,STONE,bonus,1,0.8673621460506706,61.0
68417,STONE,bonus,1,0.86698956780924,60.0
54684,STONE,bonus,1,0.86698956780924,60.0
87585,STONE,bonus,1,0.86698956780924,60.0
76780,STONE,bonus,1,0.860655737704918,57.0
73445,STONE,bonus,1,0.860655737704918,57.0
73447,STONE,bonus,1,0.860655737704918,57.0
49647,STONE,bonus,1,0.860655737704918,57.0
83808,STONE,bonus,1,0.860655737704918,57.0
72774,STONE,bonus,1,0.860655737704918,57.0
71755,STONE,bonus,1,0.8528315946348733,54.0
83661,STONE,bonus,1,0.8528315946348733,54.0
72417,STONE,bonus,1,0.8528315946348733,54.0
75788,STONE,bonus,1,0.8528315946348733,54.0
77123,STONE,bonus,1,0.8528315946348733,54.0
76125,STONE,bonus,1,0.8528315946348733,54.0
69419,STONE,bonus,1,0.8528315946348733,54.0
54691,STONE,bonus,1,0.8446348733233979,52.0
73434,STONE,bonus,1,0.8442622950819673,51.0
51339,STONE,bonus,1,0.8442622950819673,51.0
76792,STONE,bonus,1,0.8442622950819673,51.0
77119,STONE,bonus,1,0.8442622950819673,51.0
64065,STONE,bonus,1,0.8442622950819673,51.0
85820,STONE,bonus,1,0.8442622950819673,51.0
61045,STONE,bonus,1,0.8442622950819673,51.0
59397,STONE,bonus,1,0.8442622950819673,51.0
58047,STONE,bonus,1,0.8334575260804769,49.0
66744,STONE,bonus,1,0.8327123695976155,48.0
72771,STONE,bonus,1,0.8327123695976155,48.0
80131,STONE,bonus,1,0.8327123695976155,48.0
75443,STONE,bonus,1,0.8327123695976155,48.0
71444,STONE,bonus,1,0.8327123695976155,48.0
73437,STONE,bonus,1,0.8327123695976155,48.0
48987,STONE,bonus,1,0.8327123695976155,48.0
76111,STONE,bonus,1,0.8327123695976155,48.0
59350,STONE,bonus,1,0.8230253353204173,46.0
79130,STONE,bonus,1,0.8215350223546944,45.0
53995,STONE,bonus,1,0.8215350223546944,45.0
66047,STONE,bonus,1,0.8215350223546944,45.0
69402,STONE,bonus,1,0.8215350223546944,45.0
68071,STONE,bonus,1,0.8215350223546944,45.0
53324,STONE,bonus,1,0.8215350223546944,45.0
55996,STONE,bonus,1,0.8215350223546944,45.0
87493,STONE,bonus,1,0.8215350223546944,45.0
62403,STONE,bonus,1,0.8215350223546944,45.0
67743,STONE,bonus,1,0.8215350223546944,45.0
57370,STONE,bonus,1,0.8070044709388972,42.0
55683,STONE,bonus,1,0.8070044709388972,42.0
52655,STONE,bonus,1,0.8070044709388972,42.0
72760,STONE,bonus,1,0.8070044709388972,42.0
73130,STONE,bonus,1,0.8070044709388972,42.0
49661,STONE,bonus,1,0.797317436661699,39.0
74440,STONE,bonus,1,0.797317436661699,39.0
85151,STONE,bonus,1,0.797317436661699,39.0
60705,STONE,bonus,1,0.797317436661699,39.0
93383,STONE,bonus,1,0.797317436661699,39.0
53653,STONE,bonus,1,0.797317436661699,39.0
49650,STONE,bonus,1,0.797317436661699,39.0
75116,STONE,bonus,1,0.797317436661699,39.0
64045,STONE,bonus,1,0.797317436661699,39.0
51315,STONE,bonus,1,0.797317436661699,39.0
57340,STONE,bonus,1,0.797317436661699,39.0
78461,STONE,bonus,1,0.786140089418778,38.0
60731,STONE,bonus,1,0.786140089418778,38.0
50996,STONE,bonus,1,0.783532041728763,36.0
75098,STONE,bonus,1,0.783532041728763,36.0
56671,STONE,bonus,1,0.783532041728763,36.0
73427,STONE,bonus,1,0.783532041728763,36.0
71769,STONE,bonus,1,0.783532041728763,36.0
55000,STONE,bonus,1,0.783532041728763,36.0
67751,STONE,bonus,1,0.783532041728763,36.0
63394,STONE,bonus,1,0.783532041728763,36.0
59355,STONE,bonus,1,0.7682563338301043,34.0
58021,STONE,bonus,1,0.7682563338301043,34.0
81802,STONE,bonus,1,0.7667660208643815,33.0
60034,STONE,bonus,1,0.7667660208643815,33.0
72168,STONE,bonus,1,0.7667660208643815,33.0
68420,STONE,bonus,1,0.7667660208643815,33.0
76794,STONE,bonus,1,0.7667660208643815,33.0
70413,STONE,bonus,1,0.7667660208643815,33.0
71425,STONE,bonus,1,0.7667660208643815,33.0
71439,STONE,bonus,1,0.7667660208643815,33.0
54994,STONE,bonus,1,0.753725782414307,31.0
58687,STONE,bonus,1,0.7526080476900149,30.0
52993,STONE,bonus,1,0.7526080476900149,30.0
84482,STONE,bonus,1,0.7526080476900149,30.0
82468,STONE,bonus,1,0.7526080476900149,30.0
78790,STONE,bonus,1,0.7526080476900149,30.0
68735,STONE,bonus,1,0.7526080476900149,30.0
75445,STONE,bonus,1,0.7526080476900149,30.0
53632,STONE,bonus,1,0.7526080476900149,30.0
53346,STONE,bonus,1,0.7526080476900149,30.0
51943,STONE,bonus,1,0.7526080476900149,30.0
50653,STONE,bonus,1,0.7526080476900149,30.0
70744,STONE,bonus,1,0.7526080476900149,30.0
61405,STONE,bonus,1,0.7526080476900149,30.0
69742,STONE,bonus,1,0.7526080476900149,30.0
56015,STONE,bonus,1,0.7328614008941878,29.0
71409,STONE,bonus,1,0.731371087928465,28.0
68740,STONE,bonus,1,0.7291356184798807,27.0
76797,STONE,bonus,1,0.7291356184798807,27.0
65403,STONE,bonus,1,0.7291356184798807,27.0
72547,STONE,bonus,1,0.7291356184798807,27.0
73425,STONE,bonus,1,0.7291356184798807,27.0
77790,STONE,bonus,1,0.7291356184798807,27.0
66075,STONE,bonus,1,0.7291356184798807,27.0
62047,STONE,bonus,1,0.7291356184798807,27.0
74568,STONE,bonus,1,0.7291356184798807,27.0
58019,STONE,bonus,1,0.7291356184798807,27.0
56369,STONE,bonus,1,0.7041728763040238,25.0
63736,STONE,bonus,1,0.7041728763040238,25.0
64747,STONE,bonus,1,0.7019374068554396,24.0
56681,STONE,bonus,1,0.7019374068554396,24.0
54667,STONE,bonus,1,0.7019374068554396,24.0
77798,STONE,bonus,1,0.7019374068554396,24.0
74772,STONE,bonus,1,0.7019374068554396,24.0
81313,STONE,bonus,1,0.7019374068554396,24.0
71758,STONE,bonus,1,0.7019374068554396,24.0
50986,STONE,bonus,1,0.7019374068554396,24.0
72451,STONE,bonus,1,0.7019374068554396,24.0
57723,STONE,bonus,1,0.6795827123695977,23.0
51325,STONE,bonus,1,0.6762295081967213,21.0
77441,STONE,bonus,1,0.6762295081967213,21.0
57716,STONE,bonus,1,0.6762295081967213,21.0
61034,STONE,bonus,1,0.6762295081967213,21.0
74450,STONE,bonus,1,0.6762295081967213,21.0
61038,STONE,bonus,1,0.6762295081967213,21.0
64068,STONE,bonus,1,0.6762295081967213,21.0
56679,STONE,bonus,1,0.6762295081967213,21.0
56031,STONE,bonus,1,0.6762295081967213,21.0
71407,STONE,bonus,1,0.6762295081967213,21.0
77109,STONE,bonus,1,0.6762295081967213,21.0
60387,STONE,bonus,1,0.6762295081967213,21.0
75428,STONE,bonus,1,0.6762295081967213,21.0
75113,STONE,bonus,1,0.6762295081967213,21.0
62042,STONE,bonus,1,0.6441877794336811,18.0
61719,STONE,bonus,1,0.6441877794336811,18.0
80804,STONE,bonus,1,0.6441877794336811,18.0
59030,STONE,bonus,1,0.6441877794336811,18.0
71767,STONE,bonus,1,0.6441877794336811,18.0
85148,STONE,bonus,1,0.6441877794336811,18.0
63403,STONE,bonus,1,0.6441877794336811,18.0
54679,STONE,bonus,1,0.6441877794336811,18.0
66077,STONE,bonus,1,0.6441877794336811,18.0
62368,STONE,bonus,1,0.6441877794336811,18.0
56713,STONE,bonus,1,0.6441877794336811,18.0
60356,STONE,bonus,1,0.6441877794336811,18.0
75794,STONE,bonus,1,0.6441877794336811,18.0
67072,STONE,bonus,1,0.6441877794336811,18.0
78470,STONE,bonus,1,0.6441877794336811,18.0
63371,STONE,bonus,1,0.6080476900149031,16.0
53009,STONE,bonus,1,0.6080476900149031,16.0
72778,STONE,bonus,1,0.6039493293591655,15.0
71772,STONE,bonus,1,0.6039493293591655,15.0
85334,STONE,bonus,1,0.6039493293591655,15.0
77801,STONE,bonus,1,0.6039493293591655,15.0
72430,STONE,bonus,1,0.6039493293591655,15.0
58006,STONE,bonus,1,0.6039493293591655,15.0
62406,STONE,bonus,1,0.6039493293591655,15.0
76435,STONE,bonus,1,0.6039493293591655,15.0
73450,STONE,bonus,1,0.6039493293591655,15.0
81133,STONE,bonus,1,0.6039493293591655,15.0
74108,STONE,bonus,1,0.6039493293591655,15.0
53998,STONE,bonus,1,0.6039493293591655,15.0
64713,STONE,bonus,1,0.6039493293591655,15.0
69409,STONE,bonus,1,0.6039493293591655,15.0
51994,STONE,bonus,1,0.6039493293591655,15.0
72192,STONE,bonus,1,0.6039493293591655,15.0
82806,STONE,bonus,1,0.5663189269746647,14.0
90345,STONE,bonus,1,0.5637108792846498,12.0
61063,STONE,bonus,1,0.5637108792846498,12.0
93381,STONE,bonus,1,0.5637108792846498,12.0
68431,STONE,bonus,1,0.5637108792846498,12.0
84663,STONE,bonus,1,0.5637108792846498,12.0
78465,STONE,bonus,1,0.5637108792846498,12.0
75437,STONE,bonus,1,0.5637108792846498,12.0
92712,STONE,bonus,1,0.5637108792846498,12.0
66458,STONE,bonus,1,0.5637108792846498,12.0
49656,STONE,bonus,1,0.5637108792846498,12.0
74468,STONE,bonus,1,0.5637108792846498,12.0
76778,STONE,bonus,1,0.5637108792846498,12.0
74435,STONE,bonus,1,0.5637108792846498,12.0
73431,STONE,bonus,1,0.5637108792846498,12.0
57384,STONE,bonus,1,0.5637108792846498,12.0
58684,STONE,bonus,1,0.5637108792846498,12.0
69757,STONE,bonus,1,0.5637108792846498,12.0
247156,STONE,bonus,1,0.5637108792846498,12.0
71166,STONE,bonus,1,0.5637108792846498,12.0
76109,STONE,bonus,1,0.5637108792846498,12.0
50324,STONE,bonus,1,0.5637108792846498,12.0
54689,STONE,bonus,1,0.5637108792846498,12.0
83973,STONE,bonus,1,0.5637108792846498,12.0
51663,STONE,bonus,1,0.5637108792846498,12.0
19211,STONE,bonus,1,0.5637108792846498,12.0
59027,STONE,bonus,1,0.5637108792846498,12.0
61697,STONE,bonus,1,0.5637108792846498,12.0
75440,STONE,bonus,1,0.5637108792846498,12.0
76450,STONE,bonus,1,0.5637108792846498,12.0
48935,STONE,bonus,1,0.5637108792846498,12.0
76452,STONE,bonus,1,0.5637108792846498,12.0
56007,STONE,bonus,1,0.5637108792846498,12.0
53651,STONE,bonus,1,0.503725782414307,10.0
50273,STONE,bonus,1,0.503725782414307,10.0
171230,WHEAT,bonus,1,0.9999232805247612,145966.98725551006
172905,WHEAT,bonus,1,0.999884920787142,142472.91556216712
211289,WHEAT,bonus,1,0.9998465610495224,138635.44717098228
171228,WHEAT,bonus,1,0.9997698415742836,136293.7511899691
170559,WHEAT,bonus,1,0.9996547623614256,127973.0920652762
162888,WHEAT,bonus,1,0.9995780428861868,125619.95712122029
169887,WHEAT,bonus,1,0.9993478844604704,119059.76509796546
179652,WHEAT,bonus,1,0.9992328052476122,117067.3911758925
186034,WHEAT,bonus,1,0.9991560857723734,114085.87966776488
212970,WHEAT,bonus,1,0.9990410065595152,113160.530215715
212298,WHEAT,bonus,1,0.9988492078714182,109110.4707613384
161890,WHEAT,bonus,1,0.9986574091833212,105678.37810769756
212301,WHEAT,bonus,1,0.9985039702328437,104712.1981119914
179655,WHEAT,bonus,1,0.9984272507576047,104329.47546226198
180324,WHEAT,bonus,1,0.9983121715447466,103369.00802459213
172233,WHEAT,bonus,1,0.9982354520695078,101136.91111982602
181320,WHEAT,bonus,1,0.998158732594269,100818.29580689056
181324,WHEAT,bonus,1,0.9980436533814108,99528.02890836184
179649,WHEAT,bonus,1,0.9978134949556944,97863.04636537796
180653,WHEAT,bonus,1,0.9976216962675976,94521.11052518785
211294,WHEAT,bonus,1,0.9974298975795004,92378.31475384448
66715,WHEAT,bonus,1,0.9973148183666424,91089.88506601025
184694,WHEAT,bonus,1,0.9971613794161648,89850.2020501092
234742,WHEAT,bonus,1,0.9970463002033066,89105.31628939026
167542,WHEAT,bonus,1,0.996892861252829,88264.295538487
181996,WHEAT,bonus,1,0.9968545015152096,87575.302837217
172563,WHEAT,bonus,1,0.9966243430894932,85928.80036759906
182326,WHEAT,bonus,1,0.996585983351874,85922.8561098887
64030,WHEAT,bonus,1,0.9965476236142544,85632.92046199023
181322,WHEAT,bonus,1,0.9965092638766352,85619.72857287011
127716,WHEAT,bonus,1,0.9962791054509188,84800.1458053049
186699,WHEAT,bonus,1,0.9961640262380606,84486.64012902782
210128,WHEAT,bonus,1,0.9961256665004412,84373.66904011444
185687,WHEAT,bonus,1,0.9960489470252024,84218.6860750883
169885,WHEAT,bonus,1,0.996010587287583,84148.85803386201
168548,WHEAT,bonus,1,0.9959338678123442,83892.82590929657
190046,WHEAT,bonus,1,0.9958955080747248,83538.72489047576
180321,WHEAT,bonus,1,0.995626989911389,82747.91537576738
235410,WHEAT,bonus,1,0.9955886301737696,82527.62626100233
185016,WHEAT,bonus,1,0.9955502704361502,82370.96545004351
189041,WHEAT,bonus,1,0.9953968314856726,82048.69796131231
208783,WHEAT,bonus,1,0.9952817522728143,81833.85700371106
155828,WHEAT,bonus,1,0.9951666730599564,81202.33961888518
188708,WHEAT,bonus,1,0.9951283133223368,80993.10679681555
233737,WHEAT,bonus,1,0.995051593847098,80922.25372047821
159183,WHEAT,bonus,1,0.9950132341094788,80841.66788296586
180313,WHEAT,bonus,1,0.9949748743718592,80758.11145017347
183002,WHEAT,bonus,1,0.9948597951590012,80709.10534576375
173574,WHEAT,bonus,1,0.994667996470904,80258.19513600858
231065,WHEAT,bonus,1,0.9945912769956652,80127.53216508655
185024,WHEAT,bonus,1,0.994361118569949,79775.90394111046
173569,WHEAT,bonus,1,0.9942460393570908,79532.26956834646
155830,WHEAT,bonus,1,0.9941309601442326,79280.33400794517
156499,WHEAT,bonus,1,0.9940926004066132,79263.14569292183
161879,WHEAT,bonus,1,0.993977521193755,78893.82853525737
157526,WHEAT,bonus,1,0.9938240822432776,78688.93772883223
189373,WHEAT,bonus,1,0.9934404848670836,78370.05794409636
167874,WHEAT,bonus,1,0.9933637653918448,78265.02934118862
181327,WHEAT,bonus,1,0.9930568874908896,77668.03255145246
223695,WHEAT,bonus,1,0.992903448540412,77432.9226295631
184007,WHEAT,bonus,1,0.9927883693275538,77275.10395134205
158512,WHEAT,bonus,1,0.99240477195136,76082.70679386273
69723,WHEAT,bonus,1,0.9922513330008824,75720.85287356917
156501,WHEAT,bonus,1,0.992136253788024,75617.2037730442
155826,WHEAT,bonus,1,0.991829375887069,74963.37776764279
167574,WHEAT,bonus,1,0.9915224979861138,74263.17945257755
208779,WHEAT,bonus,1,0.991445778510875,73929.80888410192
181993,WHEAT,bonus,1,0.991253979822778,73638.74096246614
125710,WHEAT,bonus,1,0.9912156200851586,73548.54782067663
175250,WHEAT,bonus,1,0.990870382446584,73195.84539447307
156495,WHEAT,bonus,1,0.9907553032337258,72994.9234952755
184021,WHEAT,bonus,1,0.9900264682189572,71642.28457232048
155159,WHEAT,bonus,1,0.9899497487437184,71499.21274395224
68723,WHEAT,bonus,1,0.9898730292684798,71429.85630372723
170556,WHEAT,bonus,1,0.9898346695308604,71409.60072668527
223022,WHEAT,bonus,1,0.9897195903180024,71056.82991960306
211133,WHEAT,bonus,1,0.989604511105144,70726.37575002514
182999,WHEAT,bonus,1,0.9893743526794276,70250.3579139626
157841,WHEAT,bonus,1,0.9886838774022786,69282.92659480931
157170,WHEAT,bonus,1,0.988338639763704,68740.19969261171
65065,WHEAT,bonus,1,0.9881852008132264,68639.11957045073
168880,WHEAT,bonus,1,0.9880317618627488,68441.86531847803
209459,WHEAT,bonus,1,0.9879934021251294,68428.45576783348
157523,WHEAT,bonus,1,0.9876481644865548,67978.4721924405
208452,WHEAT,bonus,1,0.9874947255360772,67766.3435062964
125708,WHEAT,bonus,1,0.9874180060608384,67728.14665259358
171894,WHEAT,bonus,1,0.9869193294717864,67424.13018719501
208781,WHEAT,bonus,1,0.9868426099965476,67263.8192536244
152830,WHEAT,bonus,1,0.9867275307836896,67027.45498954308
171901,WHEAT,bonus,1,0.9864973723579732,66756.4050509411
65372,WHEAT,bonus,1,0.9864206528827344,66589.545368391
157503,WHEAT,bonus,1,0.9860370555065404,66235.4314045141
67382,WHEAT,bonus,1,0.9859603360313016,66176.85071662639
155824,WHEAT,bonus,1,0.9857301776055852,65862.30310323392
65367,WHEAT,bonus,1,0.9853849399670106,65403.91195633481
185348,WHEAT,bonus,1,0.9851547815412942,65017.134657019626
152515,WHEAT,bonus,1,0.9848095439027196,64381.45510837596
179646,WHEAT,bonus,1,0.9847711841651005,64207.52532738444
126376,WHEAT,bonus,1,0.984656104952242,64115.85892457426
154827,WHEAT,bonus,1,0.9844643062641452,63489.73019584112
157173,WHEAT,bonus,1,0.9843875867889064,63313.806047059545
61686,WHEAT,bonus,1,0.9842341478384288,63243.20674544017
170554,WHEAT,bonus,1,0.983965629675093,62997.89085468598
185362,WHEAT,bonus,1,0.9838505504622348,62810.04704225967
64033,WHEAT,bonus,1,0.9836971115117572,62769.15147495508
158514,WHEAT,bonus,1,0.9835053128236604,62522.97305084498
178316,WHEAT,bonus,1,0.983390233610802,62445.01162302316
177289,WHEAT,bonus,1,0.9831984349227052,62259.8305939021
66376,WHEAT,bonus,1,0.9831600751850856,62168.68010401973
208114,WHEAT,bonus,1,0.9827381180712724,61665.386165117656
70734,WHEAT,bonus,1,0.9824695999079366,61373.63751207181
232402,WHEAT,bonus,1,0.9823545206950784,61227.26426026839
154822,WHEAT,bonus,1,0.9822778012198397,61128.99059848783
66049,WHEAT,bonus,1,0.9822394414822204,61123.3775181384
174572,WHEAT,bonus,1,0.9820860025317428,60884.13439824887
237079,WHEAT,bonus,1,0.9818942038436456,60780.917482517216
184352,WHEAT,bonus,1,0.9818174843684068,60695.07730147419
186367,WHEAT,bonus,1,0.9816640454179292,60450.10251716792
64732,WHEAT,bonus,1,0.9813571675169742,60207.61108625542
211296,WHEAT,bonus,1,0.9812037285664966,60076.53877149032
131734,WHEAT,bonus,1,0.9810886493536384,59826.31901902561
174574,WHEAT,bonus,1,0.9809352104031608,59740.36327485614
135752,WHEAT,bonus,1,0.980858490927922,59608.956578797246
188330,WHEAT,bonus,1,0.9807050519774444,59528.7242687016
209121,WHEAT,bonus,1,0.9805899727645864,59191.14388219576
65734,WHEAT,bonus,1,0.9800145767002952,58506.4714573212
65732,WHEAT,bonus,1,0.979976216962676,58477.80529433268
161881,WHEAT,bonus,1,0.9798611377498178,58451.38775159458
130692,WHEAT,bonus,1,0.979784418274579,58367.08145972903
211802,WHEAT,bonus,1,0.979592619586482,58289.668532810174
187364,WHEAT,bonus,1,0.9795159001112432,58250.41575271968
65705,WHEAT,bonus,1,0.979477540373624,58236.403510590506
158530,WHEAT,bonus,1,0.9792473819479076,58036.29814170527
71067,WHEAT,bonus,1,0.9791706624726688,57995.432881516506
207786,WHEAT,bonus,1,0.97909394299743,57936.98254559426
226717,WHEAT,bonus,1,0.978710345621236,57640.0796969431
65063,WHEAT,bonus,1,0.9785569066707585,57583.04907200237
208112,WHEAT,bonus,1,0.978518546933139,57549.64084438129
63052,WHEAT,bonus,1,0.9784034677202808,57381.349114493285
186354,WHEAT,bonus,1,0.978326748245042,57336.265289407296
185695,WHEAT,bonus,1,0.977943150868848,57075.40244440636
211126,WHEAT,bonus,1,0.977559553492654,56627.8400989874
187041,WHEAT,bonus,1,0.9775211937550348,56592.55869548706
187025,WHEAT,bonus,1,0.9774061145421764,56457.026304505984
156493,WHEAT,bonus,1,0.9770225171659824,55955.94062805616
169220,WHEAT,bonus,1,0.9768690782155052,55709.176598577054
67380,WHEAT,bonus,1,0.9768307184778856,55705.43155653022
188035,WHEAT,bonus,1,0.9764471211016916,55359.49926901879
69730,WHEAT,bonus,1,0.976293682151214,55219.39317966551
161873,WHEAT,bonus,1,0.9761402432007366,55031.13955149119
163559,WHEAT,bonus,1,0.9761018834631172,55026.602917003125
177256,WHEAT,bonus,1,0.9760251639878784,54996.86829656169
61688,WHEAT,bonus,1,0.975986804250259,54968.72689381706
153135,WHEAT,bonus,1,0.9756415666116844,54365.6625081766
156187,WHEAT,bonus,1,0.975603206874065,54331.96037240756
229061,WHEAT,bonus,1,0.9755648471364456,54293.37433991949
152466,WHEAT,bonus,1,0.9755264873988262,54200.82696114149
163561,WHEAT,bonus,1,0.9754497679235874,54150.59556492189
171223,WHEAT,bonus,1,0.975027810809774,53781.76501870901
223027,WHEAT,bonus,1,0.9749894510721546,53701.41000110512
124707,WHEAT,bonus,1,0.9749127315969158,53674.44246332317
161886,WHEAT,bonus,1,0.9748360121216773,53513.450354911125
64698,WHEAT,bonus,1,0.9747592926464383,53386.26584991833
210126,WHEAT,bonus,1,0.9743373355326248,52810.38877238029
209785,WHEAT,bonus,1,0.9738386589435728,52545.04798931351
207439,WHEAT,bonus,1,0.9736085005178564,52385.185245865054
174246,WHEAT,bonus,1,0.9734550615673788,52260.9880882354
67720,WHEAT,bonus,1,0.973263262879282,52146.55021371558
225036,WHEAT,bonus,1,0.9732249031416624,52080.46365518762
171594,WHEAT,bonus,1,0.9729947447159462,51721.97771931632
211634,WHEAT,bonus,1,0.9725344278645134,51214.9682460077
162545,WHEAT,bonus,1,0.9722275499635582,51040.22995780574
63692,WHEAT,bonus,1,0.9721508304883194,50937.28056884799
227384,WHEAT,bonus,1,0.9721124707507,50899.10719413837
179641,WHEAT,bonus,1,0.971997391537842,50827.93448247531
153803,WHEAT,bonus,1,0.971728873374506,50442.456622769685
207102,WHEAT,bonus,1,0.9714603552111704,50194.206071420325
164562,WHEAT,bonus,1,0.9713452759983122,49981.28154049023
66713,WHEAT,bonus,1,0.9710767578349764,49725.73713945742
126715,WHEAT,bonus,1,0.9708849591468794,49341.976263745375
151824,WHEAT,bonus,1,0.97084659940926,49313.91435284791
188041,WHEAT,bonus,1,0.970731520196402,49205.25338737898
165864,WHEAT,bonus,1,0.9703095630825884,48965.439007749264
62688,WHEAT,bonus,1,0.9699259657063946,48785.40146763413
156822,WHEAT,bonus,1,0.9698492462311558,48768.917457848525
204765,WHEAT,bonus,1,0.969772526755917,48751.50405188938
132036,WHEAT,bonus,1,0.9695040085925812,48497.16067758222
137091,WHEAT,bonus,1,0.9693889293797232,48471.31783001688
182970,WHEAT,bonus,1,0.9689669722659096,48338.58619728828
210801,WHEAT,bonus,1,0.968506655414477,48104.71145498378
187710,WHEAT,bonus,1,0.9684299359392382,48092.303631864255
233070,WHEAT,bonus,1,0.9683532164639994,48028.58349235762
212139,WHEAT,bonus,1,0.96831485672638,48003.94364247739
64058,WHEAT,bonus,1,0.9681614177759024,47971.98794276058
207110,WHEAT,bonus,1,0.9680846983006636,47912.27344291528
173567,WHEAT,bonus,1,0.9680463385630442,47872.80969010815
211131,WHEAT,bonus,1,0.9679696190878054,47763.723315021954
156497,WHEAT,bonus,1,0.9678545398749472,47689.749352189225
153138,WHEAT,bonus,1,0.967739460662089,47666.27301089979
148806,WHEAT,bonus,1,0.9677011009244696,47649.57745569454
184009,WHEAT,bonus,1,0.9676627411868504,47641.16950621095
227386,WHEAT,bonus,1,0.9675860217116116,47523.3929218931
211287,WHEAT,bonus,1,0.9672407840730368,47409.99880744405
66044,WHEAT,bonus,1,0.9672024243354176,47400.88679308725
63054,WHEAT,bonus,1,0.9671257048601788,47378.86341565182
57003,WHEAT,bonus,1,0.9670873451225592,47318.596884537845
162890,WHEAT,bonus,1,0.96704898538494,47316.60756061303
154141,WHEAT,bonus,1,0.966857186696843,47221.97671293127
133378,WHEAT,bonus,1,0.9667804672216042,47169.364489297965
230733,WHEAT,bonus,1,0.9663968698454104,46978.64797505278
187038,WHEAT,bonus,1,0.9662434308949328,46912.94956579681
144419,WHEAT,bonus,1,0.9658214737811194,46579.97831838426
208110,WHEAT,bonus,1,0.9657831140435,46566.7976056972
169238,WHEAT,bonus,1,0.9655529556177836,46460.06457317962
178933,WHEAT,bonus,1,0.9651309985039702,46022.46101729278
66401,WHEAT,bonus,1,0.9650542790287314,45948.67637077008
232070,WHEAT,bonus,1,0.9648624803406344,45831.53656777219
160209,WHEAT,bonus,1,0.9646706816525374,45708.189714515305
211470,WHEAT,bonus,1,0.9644021634892016,45627.04079212191
179940,WHEAT,bonus,1,0.9643254440139628,45595.88032926694
184696,WHEAT,bonus,1,0.9642103648011048,45504.15392052509
226385,WHEAT,bonus,1,0.9635582492615752,45192.03518235926
62025,WHEAT,bonus,1,0.96325137136062,45019.522798669845
175245,WHEAT,bonus,1,0.9629828531972842,44832.523050099786
162883,WHEAT,bonus,1,0.9627910545091872,44725.72144300313
177925,WHEAT,bonus,1,0.962675975296329,44664.01709457602
147792,WHEAT,bonus,1,0.9626376155587096,44651.4247111852
158174,WHEAT,bonus,1,0.962484176608232,44405.4490752857
162885,WHEAT,bonus,1,0.9624074571329932,44328.26316623836
156855,WHEAT,bonus,1,0.9618320610687024,43935.334182401806
161210,WHEAT,bonus,1,0.961716981855844,43869.60767131236
68051,WHEAT,bonus,1,0.9615635429053664,43671.223371898406
156151,WHEAT,bonus,1,0.9612950247420308,43539.860731354
144423,WHEAT,bonus,1,0.9612566650044112,43508.644744555735
64024,WHEAT,bonus,1,0.9608730676282174,43382.91480675178
144105,WHEAT,bonus,1,0.960834707890598,43371.80165607417
158828,WHEAT,bonus,1,0.9607963481529788,43361.67720954295
147464,WHEAT,bonus,1,0.9606812689401204,43323.73795467652
177281,WHEAT,bonus,1,0.9606429092025012,43316.71097705854
68720,WHEAT,bonus,1,0.9605278299896428,43278.177267722174
208454,WHEAT,bonus,1,0.9604894702520236,43275.24816304866
211636,WHEAT,bonus,1,0.9603743910391652,43217.20229717393
93031,WHEAT,bonus,1,0.9602976715639264,43204.97822671909
137728,WHEAT,bonus,1,0.9601825923510684,43140.95127372093
213145,WHEAT,bonus,1,0.9599907936629714,43045.43206025279
152178,WHEAT,bonus,1,0.9597989949748744,42958.19313058134
163557,WHEAT,bonus,1,0.9594153975986804,42764.529049978846
208108,WHEAT,bonus,1,0.959377037861061,42750.4042013313
66708,WHEAT,bonus,1,0.9593003183858222,42714.344465724425
155483,WHEAT,bonus,1,0.959070159960106,42638.66690031766
154812,WHEAT,bonus,1,0.9588783612720088,42576.89997937327
229730,WHEAT,bonus,1,0.95880164179677,42449.77541900936
93033,WHEAT,bonus,1,0.9585331236334343,42220.10097592331
148130,WHEAT,bonus,1,0.9582646054700986,42111.6291620418
179938,WHEAT,bonus,1,0.9580728067820016,41996.25266692168
155832,WHEAT,bonus,1,0.9580344470443822,41991.50566623703
94363,WHEAT,bonus,1,0.9576892094058076,41888.6952788752
164193,WHEAT,bonus,1,0.9571905328167556,41526.55938494258
132707,WHEAT,bonus,1,0.9569220146534198,41440.81686202422
161847,WHEAT,bonus,1,0.9567302159653228,41363.072571541765
207783,WHEAT,bonus,1,0.9565767770148452,41327.38530905197
87673,WHEAT,bonus,1,0.9562315393762708,41227.10819173881
178927,WHEAT,bonus,1,0.9560397406881735,41160.42017395198
136378,WHEAT,bonus,1,0.9559246614753156,41153.05875286988
89704,WHEAT,bonus,1,0.9558479420000768,41140.17744448065
166870,WHEAT,bonus,1,0.955579423836741,41022.22256367368
187370,WHEAT,bonus,1,0.9555410640991217,40997.469358566384
168567,WHEAT,bonus,1,0.9554259848862634,40901.36413464104
91046,WHEAT,bonus,1,0.955195826460547,40840.43103045827
181947,WHEAT,bonus,1,0.9551574667229276,40838.83463849914
205768,WHEAT,bonus,1,0.9550807472476888,40823.668275807344
69725,WHEAT,bonus,1,0.9548889485595918,40762.83791427628
146789,WHEAT,bonus,1,0.9547738693467336,40699.39912437856
130023,WHEAT,bonus,1,0.954620430396256,40647.73519345281
226379,WHEAT,bonus,1,0.9544669914457784,40594.20313432848
153499,WHEAT,bonus,1,0.9543519122329204,40519.674404133926
185018,WHEAT,bonus,1,0.9543135524953008,40518.70128756062
146791,WHEAT,bonus,1,0.9540066745943456,40303.16437121182
212639,WHEAT,bonus,1,0.9539683148567264,40302.18462075736
131363,WHEAT,bonus,1,0.9539299551191068,40296.94057632003
70736,WHEAT,bonus,1,0.9538148759062488,40263.971898050135
62694,WHEAT,bonus,1,0.9534696382676744,40101.078942411295
158860,WHEAT,bonus,1,0.9530093214162416,39829.81899043472
90042,WHEAT,bonus,1,0.9527408032529058,39728.50387613899
164238,WHEAT,bonus,1,0.952664083777667,39707.164681633854
153167,WHEAT,bonus,1,0.9525490045648088,39677.38762331773
161221,WHEAT,bonus,1,0.9520119682381372,39464.847801274416
158532,WHEAT,bonus,1,0.951896889025279,39434.461316585934
167880,WHEAT,bonus,1,0.9518585292876596,39432.10154719685
178318,WHEAT,bonus,1,0.951705090337182,39395.18703299824
184676,WHEAT,bonus,1,0.9516283708619432,39383.02950288068
170552,WHEAT,bonus,1,0.9515132916490852,39327.61234617123
130364,WHEAT,bonus,1,0.9512831332233688,39286.76943080968
157159,WHEAT,bonus,1,0.95120641374813,39202.47622965554
152470,WHEAT,bonus,1,0.9511296942728912,39168.97752619043
145438,WHEAT,bonus,1,0.9508611761095556,39082.05573913385
159855,WHEAT,bonus,1,0.950822816371936,39067.39010877205
61356,WHEAT,bonus,1,0.9505926579462196,38896.793071914704
157164,WHEAT,bonus,1,0.9504008592581228,38842.96237863853
130020,WHEAT,bonus,1,0.9502474203076452,38823.05322526414
146106,WHEAT,bonus,1,0.9502090605700256,38810.94212568268
159169,WHEAT,bonus,1,0.950132341094787,38779.60229425347
130033,WHEAT,bonus,1,0.9500939813571676,38760.75607100096
177291,WHEAT,bonus,1,0.9500172618819288,38734.02422507731
144421,WHEAT,bonus,1,0.94994054240669,38727.93371852598
181954,WHEAT,bonus,1,0.9498254631938318,38646.46488981495
151799,WHEAT,bonus,1,0.9496720242433542,38583.55897919393
151511,WHEAT,bonus,1,0.949556945030496,38551.16658257864
153148,WHEAT,bonus,1,0.9494035060800184,38460.66820026619
131035,WHEAT,bonus,1,0.9491349879166826,38338.58777541138
169548,WHEAT,bonus,1,0.9490582684414438,38317.82512608009
160883,WHEAT,bonus,1,0.9487130308028692,38145.06000331188
203761,WHEAT,bonus,1,0.9484445126395336,38001.02605832521
67722,WHEAT,bonus,1,0.948406152901914,37996.17482279749
130730,WHEAT,bonus,1,0.9483294334266754,37982.21366499547
64695,WHEAT,bonus,1,0.9482527139514366,37948.63703637725
162540,WHEAT,bonus,1,0.9481376347385784,37903.33720330901
89362,WHEAT,bonus,1,0.9479841957881008,37845.73859511007
162892,WHEAT,bonus,1,0.9478307568376232,37798.690883457726
138394,WHEAT,bonus,1,0.9477923971000038,37774.63791545267
153146,WHEAT,bonus,1,0.9476005984119068,37721.98619608572
183684,WHEAT,bonus,1,0.9474471594614292,37652.99104886947
155822,WHEAT,bonus,1,0.9473704399861904,37596.94724105844
179327,WHEAT,bonus,1,0.9472553607733324,37578.49219891231
62714,WHEAT,bonus,1,0.947025202347616,37469.35270739904
177952,WHEAT,bonus,1,0.9467950439218996,37357.901961489486
158172,WHEAT,bonus,1,0.946449806283325,37294.21635372128
152141,WHEAT,bonus,1,0.9462196478576088,37160.98930192741
147116,WHEAT,bonus,1,0.9461812881199892,37128.5090412125
158594,WHEAT,bonus,1,0.9459127699566536,37077.98596152545
136048,WHEAT,bonus,1,0.9457209712685564,37035.29570719648
178282,WHEAT,bonus,1,0.9456826115309372,37002.0068207772
175280,WHEAT,bonus,1,0.9456442517933176,36980.08924430917
153476,WHEAT,bonus,1,0.9455291725804597,36971.647272549846
162515,WHEAT,bonus,1,0.945375733629982,36931.27253368229
222351,WHEAT,bonus,1,0.9453373738923626,36899.54839707967
172902,WHEAT,bonus,1,0.944992136253788,36787.1043773288
132038,WHEAT,bonus,1,0.9449154167785492,36769.346167842654
146443,WHEAT,bonus,1,0.9446852583528328,36721.34249237978
89692,WHEAT,bonus,1,0.944493459664736,36668.78422014108
225704,WHEAT,bonus,1,0.9444550999271164,36657.51574178219
159270,WHEAT,bonus,1,0.9438797038628256,36508.29194808873
160842,WHEAT,bonus,1,0.9438029843875868,36498.86454588415
173935,WHEAT,bonus,1,0.9435728259618704,36408.92538149578
154840,WHEAT,bonus,1,0.9429974298975796,36233.45850787877
171892,WHEAT,bonus,1,0.9427289117342438,36127.10601671825
174939,WHEAT,bonus,1,0.942652192259005,36083.89794197627
180271,WHEAT,bonus,1,0.9425371130461468,36058.28463777546
163187,WHEAT,bonus,1,0.942460393570908,36034.87648526711
143417,WHEAT,bonus,1,0.9421151559323334,35935.46497689262
151473,WHEAT,bonus,1,0.942076796194714,35916.26862874689
191721,WHEAT,bonus,1,0.9419617169818558,35882.1629016407
88686,WHEAT,bonus,1,0.9418082780313782,35838.38754847171
127044,WHEAT,bonus,1,0.9415781196056618,35793.72591085464
63720,WHEAT,bonus,1,0.941194522229468,35730.842558258504
185689,WHEAT,bonus,1,0.9410027235413708,35647.83502574587
153144,WHEAT,bonus,1,0.9408492845908936,35603.37713521877
154143,WHEAT,bonus,1,0.9407725651156548,35588.03716149076
133045,WHEAT,bonus,1,0.9406191261651772,35577.6138635473
209452,WHEAT,bonus,1,0.9405040469523188,35515.83058546184
68047,WHEAT,bonus,1,0.9404656872146996,35515.703524191726
65730,WHEAT,bonus,1,0.9398902911504086,35380.97618638022
169546,WHEAT,bonus,1,0.9396217729870728,35344.70201537774
161507,WHEAT,bonus,1,0.938969657447543,35154.310924759455
87683,WHEAT,bonus,1,0.9382408224327744,34892.845634235484
137390,WHEAT,bonus,1,0.9378955847942,34824.57619978328
148798,WHEAT,bonus,1,0.9377421458437224,34799.8665223205
148452,WHEAT,bonus,1,0.937511987418006,34728.62642821128
64038,WHEAT,bonus,1,0.9374352679427672,34670.07500020897
159495,WHEAT,bonus,1,0.937128390041812,34600.180664710955
173610,WHEAT,bonus,1,0.9367447926656182,34535.58946024404
178987,WHEAT,bonus,1,0.9363611952894242,34403.25248321688
150130,WHEAT,bonus,1,0.9363228355518048,34380.022526951376
93702,WHEAT,bonus,1,0.9361693966013273,34333.6722771317
164566,WHEAT,bonus,1,0.9360159576508496,34284.47528538731
176585,WHEAT,bonus,1,0.9355940005370365,34182.357405962844
160509,WHEAT,bonus,1,0.9355556407994168,34150.558989834746
156490,WHEAT,bonus,1,0.935172043423223,34032.979964458325
145090,WHEAT,bonus,1,0.9349035252598872,33957.77077138942
150126,WHEAT,bonus,1,0.9348268057846484,33933.948340749936
141101,WHEAT,bonus,1,0.9346733668341708,33910.757083154684
88013,WHEAT,bonus,1,0.9345199278836932,33833.33993171147
87681,WHEAT,bonus,1,0.934481568146074,33821.99774526762
183678,WHEAT,bonus,1,0.9344048486708352,33798.41179797562
129025,WHEAT,bonus,1,0.93409797076988,33653.64815016237
133049,WHEAT,bonus,1,0.9339445318194024,33640.609252559305
161871,WHEAT,bonus,1,0.933906172081783,33622.88485802949
188037,WHEAT,bonus,1,0.9335992941808278,33501.127366586195
154810,WHEAT,bonus,1,0.9329855383789176,33374.62859954674
164520,WHEAT,bonus,1,0.9327553799532012,33315.70885482602
182013,WHEAT,bonus,1,0.9327170202155816,33315.61616004686
140104,WHEAT,bonus,1,0.9325635812651042,33260.8269040283
150802,WHEAT,bonus,1,0.9323334228393878,33215.85616683212
149465,WHEAT,bonus,1,0.9321032644136714,33149.33083601376
132044,WHEAT,bonus,1,0.9319881852008132,33131.795622135534
180315,WHEAT,bonus,1,0.931873105987955,33113.51536806863
63717,WHEAT,bonus,1,0.9313744293989028,32901.0957236296
166538,WHEAT,bonus,1,0.9311442709731864,32835.195598211605
143748,WHEAT,bonus,1,0.9307223138593732,32767.847437115637
154147,WHEAT,bonus,1,0.9304921554336568,32683.186340681037
90031,WHEAT,bonus,1,0.930415435958418,32640.42382591486
183281,WHEAT,bonus,1,0.9299551191069854,32498.72932189641
142752,WHEAT,bonus,1,0.9297633204188884,32444.89900504345
171225,WHEAT,bonus,1,0.9296866009436496,32438.46143526322
181272,WHEAT,bonus,1,0.929149564616978,32311.65402165281
61684,WHEAT,bonus,1,0.9289961256665004,32268.306116734344
65061,WHEAT,bonus,1,0.9288426867160228,32253.068900959577
147112,WHEAT,bonus,1,0.928765967240784,32235.067752595685
134747,WHEAT,bonus,1,0.9286892477655452,32227.82763656327
131033,WHEAT,bonus,1,0.928267290651732,32128.29344953862
208461,WHEAT,bonus,1,0.9279220530131574,32089.641537080093
88354,WHEAT,bonus,1,0.927883693275538,32085.0107091031
154814,WHEAT,bonus,1,0.9273466569488664,31888.15933015484
90033,WHEAT,bonus,1,0.9269246998350532,31778.53597053387
153815,WHEAT,bonus,1,0.9266561816717174,31614.679016547885
161849,WHEAT,bonus,1,0.9265794621964786,31576.64804117453
159603,WHEAT,bonus,1,0.9264643829836204,31513.08471108116
89032,WHEAT,bonus,1,0.9263876635083816,31492.07700249777
134049,WHEAT,bonus,1,0.9262725842955234,31472.84387613728
93697,WHEAT,bonus,1,0.9259273466569488,31387.721847287663
152464,WHEAT,bonus,1,0.92585062718171,31370.950995452546
229728,WHEAT,bonus,1,0.9256204687559936,31306.191825772206
179933,WHEAT,bonus,1,0.9255437492807548,31279.17002456821
160167,WHEAT,bonus,1,0.9255053895431355,31274.69293072479
64064,WHEAT,bonus,1,0.9253135908550384,31241.95367845538
66046,WHEAT,bonus,1,0.9251985116421804,31224.728812437075
68718,WHEAT,bonus,1,0.925160151904561,31207.31903377288
148459,WHEAT,bonus,1,0.9251217921669416,31202.34047750726
64389,WHEAT,bonus,1,0.9248149142659864,31135.351695864098
141756,WHEAT,bonus,1,0.924776554528367,31104.456030688834
65375,WHEAT,bonus,1,0.924086079251218,30924.63158903881
190713,WHEAT,bonus,1,0.9239710000383596,30912.45097401313
149124,WHEAT,bonus,1,0.923510683186927,30679.76571242632
153836,WHEAT,bonus,1,0.92331888449883,30614.2120873026
157490,WHEAT,bonus,1,0.9230120065978747,30535.98338074862
143091,WHEAT,bonus,1,0.9229736468602556,30520.154068932337
140077,WHEAT,bonus,1,0.9225133300088229,30440.16021740715
182997,WHEAT,bonus,1,0.9220913728950094,30355.74730273077
141752,WHEAT,bonus,1,0.9217461352564348,30268.40070406386
72071,WHEAT,bonus,1,0.9216310560435766,30249.35413752067
63396,WHEAT,bonus,1,0.9215159768307184,30235.025567034183
162562,WHEAT,bonus,1,0.9214392573554796,30216.1163061299
151470,WHEAT,bonus,1,0.9214008976178604,30215.238130226186
158156,WHEAT,bonus,1,0.9211323794545244,30149.210959824693
155512,WHEAT,bonus,1,0.9210173002416664,30120.00228911115
140748,WHEAT,bonus,1,0.9205569833902336,30014.86369894687
157832,WHEAT,bonus,1,0.9203268249645172,29958.446907746304
144435,WHEAT,bonus,1,0.9199815873259428,29896.658214753435
66035,WHEAT,bonus,1,0.9197897886378456,29832.8540003012
180943,WHEAT,bonus,1,0.919713069162607,29793.047489657816
164864,WHEAT,bonus,1,0.919137673098316,29637.22171613242
173280,WHEAT,bonus,1,0.9190609536230772,29623.955655661743
150133,WHEAT,bonus,1,0.9189075146725996,29606.24566730312
138738,WHEAT,bonus,1,0.9188691549349802,29602.25298274823
225711,WHEAT,bonus,1,0.9186773562468832,29532.71590986798
165870,WHEAT,bonus,1,0.9186389965092638,29532.57055487272
138066,WHEAT,bonus,1,0.9182937588706892,29439.240134389573
72436,WHEAT,bonus,1,0.9181403199202116,29413.41653545103
155485,WHEAT,bonus,1,0.9180636004449728,29382.96840618953
159840,WHEAT,bonus,1,0.9177567225440176,29323.86991581994
147787,WHEAT,bonus,1,0.9176800030687792,29303.8486868575
172941,WHEAT,bonus,1,0.9176032835935404,29275.41731252042
152187,WHEAT,bonus,1,0.917373125167824,29237.90129715016
143438,WHEAT,bonus,1,0.9172964056925852,29228.80934072604
69727,WHEAT,bonus,1,0.9166442901530554,29103.249198047524
132705,WHEAT,bonus,1,0.916414131727339,29021.552931677383
151132,WHEAT,bonus,1,0.9162606927768614,28997.52813307751
154145,WHEAT,bonus,1,0.9161839733016226,28991.650286191027
152138,WHEAT,bonus,1,0.9161072538263838,28971.053446141243
68716,WHEAT,bonus,1,0.916030534351145,28961.686459035143
138735,WHEAT,bonus,1,0.9159538148759062,28953.152738037024
145092,WHEAT,bonus,1,0.9156469369749513,28849.216232759674
69061,WHEAT,bonus,1,0.9155702174997123,28834.976608267443
170923,WHEAT,bonus,1,0.9154934980244736,28826.24116056085
210124,WHEAT,bonus,1,0.9154167785492348,28807.497505079413
93357,WHEAT,bonus,1,0.9151482603858988,28713.5317676138
134052,WHEAT,bonus,1,0.9151099006482796,28711.131324870465
157827,WHEAT,bonus,1,0.91507154091066,28704.573874574424
139421,WHEAT,bonus,1,0.9150331811730408,28695.39929143383
159599,WHEAT,bonus,1,0.914956461697802,28688.90424907197
177630,WHEAT,bonus,1,0.9145345045839888,28599.47648712988
158837,WHEAT,bonus,1,0.9143427058958916,28563.314804848967
142748,AMBER,luxury,1,1.0,4.3692984689784335
142749,AMBER,luxury,1,0.9655172413793104,3.82850560895816
198755,AMBER,luxury,1,0.9540229885057472,3.784714446147908
142079,AMBER,luxury,1,0.942528735632184,3.749278046083451
143083,AMBER,luxury,1,0.9310344827586208,3.663031581681032
143081,AMBER,luxury,1,0.9195402298850576,3.645397826290372
79847,AMBER,luxury,1,0.896551724137931,3.529949863340645
141743,AMBER,luxury,1,0.8850574712643678,3.5264677990912405
143418,AMBER,luxury,1,0.8735632183908046,3.210889625917403
143080,AMBER,luxury,1,0.8275862068965517,3.1680073140624208
141408,AMBER,luxury,1,0.7931034482758621,3.056643413073915
143419,AMBER,luxury,1,0.7816091954022989,2.95658848548328
143416,AMBER,luxury,1,0.7701149425287356,2.939241798799705
79848,AMBER,luxury,1,0.7586206896551724,2.9373669165938034
199091,AMBER,luxury,1,0.7471264367816092,2.908983409784807
142415,AMBER,luxury,1,0.735632183908046,2.8957677905631254
141409,AMBER,luxury,1,0.7126436781609196,2.820263889605316
198756,AMBER,luxury,1,0.7011494252873564,2.747015504145545
143085,AMBER,luxury,1,0.6551724137931034,2.6055468688953365
79512,AMBER,luxury,1,0.6436781609195402,2.597562850688405
143079,AMBER,luxury,1,0.632183908045977,2.57599643371414
198421,AMBER,luxury,1,0.6206896551724138,2.5453519956964645
141745,AMBER,luxury,1,0.5977011494252874,2.5266988876019125
143751,AMBER,luxury,1,0.5862068965517241,2.5229861804932217
143415,AMBER,luxury,1,0.5632183908045977,2.496572852270681
142751,AMBER,luxury,1,0.5402298850574713,2.486702108892596
63439,AMBER,luxury,1,0.5287356321839081,2.47634689158478
142081,AMBER,luxury,1,0.5172413793103449,2.4488095744905154
141073,AMBER,luxury,1,0.4942528735632184,2.381649344404687
63438,AMBER,luxury,1,0.4827586206896552,2.341107869441116
63774,AMBER,luxury,1,0.4712643678160919,2.2931533869206504
143750,AMBER,luxury,1,0.4482758620689655,2.2328990596045304
79511,AMBER,luxury,1,0.425287356321839,2.1567180452209405
144088,AMBER,luxury,1,0.4022988505747126,2.00015246266575
143421,AMBER,luxury,1,0.3793103448275862,1.9800997038210109
143086,AMBER,luxury,1,0.367816091954023,1.9662094133928771
199425,AMBER,luxury,1,0.3563218390804598,1.952888802874173
141746,AMBER,luxury,1,0.3218390804597701,1.9035991992446009
199092,AMBER,luxury,1,0.3103448275862069,1.901443477702096
141411,AMBER,luxury,1,0.2988505747126437,1.8862375344029565
140738,AMBER,luxury,1,0.2873563218390804,1.8442723919701047
143755,AMBER,luxury,1,0.264367816091954,1.832342157040057
144086,AMBER,luxury,1,0.2528735632183908,1.830631974602087
63104,AMBER,luxury,1,0.2413793103448276,1.8242745242384544
143749,AMBER,luxury,1,0.2298850574712643,1.8099461286092244
199089,AMBER,luxury,1,0.2068965517241379,1.785711706706565
80183,AMBER,luxury,1,0.1954022988505747,1.770706642415356
63775,AMBER,luxury,1,0.1839080459770115,1.7698305060792
79513,AMBER,luxury,1,0.160919540229885,1.7165437944278683
198422,AMBER,luxury,1,0.1494252873563218,1.691402353466818
63773,AMBER,luxury,1,0.1379310344827586,1.6460540973538265
199426,AMBER,luxury,1,0.1264367816091954,1.6095426105968391
198419,AMBER,luxury,1,0.1149425287356321,1.585718272008044
198085,AMBER,luxury,1,0.1034482758620689,1.5419455892928495
60748,CITRUS,luxury,1,1.0,62892.4936574964
184710,CITRUS,luxury,1,0.999948092395536,39268.83174783214
134147,CITRUS,luxury,1,0.9998442771866078,36037.3445781573
181683,CITRUS,luxury,1,0.9996885543732156,34656.228011555824
135152,CITRUS,luxury,1,0.9995328315598236,32226.644399599845
209144,CITRUS,luxury,1,0.9990656631196472,24405.00102457428
212489,CITRUS,luxury,1,0.9988580327017909,23708.02551795375
60406,CITRUS,luxury,1,0.9987023098883988,21170.49647010948
180986,CITRUS,luxury,1,0.9985465870750064,20343.454529113376
214170,CITRUS,luxury,1,0.9984946794705424,20260.44180179532
208124,CITRUS,luxury,1,0.9983908642616144,19951.63017852743
166236,CITRUS,luxury,1,0.9983389566571502,19476.32208587031
207798,CITRUS,luxury,1,0.998131326239294,19093.88934976618
208804,CITRUS,luxury,1,0.99807941863483,18848.54679243358
210488,CITRUS,luxury,1,0.997975603425902,18217.85683124428
136492,CITRUS,luxury,1,0.9979236958214378,18089.346516055142
136162,CITRUS,luxury,1,0.9977679730080456,17604.506321140736
95699,CITRUS,luxury,1,0.9977160654035816,17493.247011855656
152181,CITRUS,luxury,1,0.9975603425901894,16925.034544092923
96030,CITRUS,luxury,1,0.9974565273812612,16672.791759649524
190400,CITRUS,luxury,1,0.9974046197767972,16237.887108243684
135829,CITRUS,luxury,1,0.9972488969634052,15741.480276758602
207808,CITRUS,luxury,1,0.9969374513366208,15199.225225962116
204109,CITRUS,luxury,1,0.9966260057098364,14467.334714292228
212493,CITRUS,luxury,1,0.9965221905009084,14291.52785744757
66445,CITRUS,luxury,1,0.9964702828964443,14260.693914946436
137834,CITRUS,luxury,1,0.9964183752919804,14201.114549656064
202430,CITRUS,luxury,1,0.9963145600830522,14160.501840556562
133475,CITRUS,luxury,1,0.996262652478588,14084.227983341869
208463,CITRUS,luxury,1,0.99615883726966,14017.281104005566
196757,CITRUS,luxury,1,0.9956397612250196,13051.401167361206
203768,CITRUS,luxury,1,0.9955878536205556,12987.451547029055
85325,CITRUS,luxury,1,0.9951206851803788,12260.631864994848
56733,CITRUS,luxury,1,0.9949649623669868,12004.789111429887
210481,CITRUS,luxury,1,0.9949130547625228,11885.71327607398
184030,CITRUS,luxury,1,0.9945497015312744,11528.201686433613
206780,CITRUS,luxury,1,0.994290163508954,11003.8921482917
213490,CITRUS,luxury,1,0.994134440695562,10834.085911703844
204106,CITRUS,luxury,1,0.9938229950687776,10634.00943201423
205779,CITRUS,luxury,1,0.9935115494419932,10407.78695512819
131049,CITRUS,luxury,1,0.9934077342330652,10318.978644368855
198081,CITRUS,luxury,1,0.9933039190241372,10289.385502694247
97037,CITRUS,luxury,1,0.9930443810018168,10086.631386435263
60403,CITRUS,luxury,1,0.9929924733973527,10079.07620434338
58734,CITRUS,luxury,1,0.9926810277705684,9900.694516450403
74132,CITRUS,luxury,1,0.9925772125616404,9814.725406543215
161219,CITRUS,luxury,1,0.9921619517259278,9684.478153575894
215499,CITRUS,luxury,1,0.9919543213080716,9609.8051358601
149163,CITRUS,luxury,1,0.9917985984946794,9589.24264396476
183701,CITRUS,luxury,1,0.9916428756812872,9545.806135992054
103376,CITRUS,luxury,1,0.9915390604723592,9504.647549278856
203802,CITRUS,luxury,1,0.9911237996366468,9307.980931311798
211827,CITRUS,luxury,1,0.9909680768232546,9222.095998216078
205111,CITRUS,luxury,1,0.9906566311964704,8949.690506378778
196420,CITRUS,luxury,1,0.990449000778614,8837.764714677643
203814,CITRUS,luxury,1,0.99039709317415,8827.20321727179
153185,CITRUS,luxury,1,0.990345185569686,8755.257396759882
187061,CITRUS,luxury,1,0.9896703867116532,8440.90773256029
73800,CITRUS,luxury,1,0.9896184791071893,8429.440987179256
59748,CITRUS,luxury,1,0.9895665715027252,8417.268562167432
160880,CITRUS,luxury,1,0.9888917726446924,8037.504182588691
128375,CITRUS,luxury,1,0.988580327017908,7971.428882568354
188067,CITRUS,luxury,1,0.98847651180898,7924.112930051149
130385,CITRUS,luxury,1,0.988372696600052,7891.066157240923
205114,CITRUS,luxury,1,0.9880093433688036,7808.73705370007
203764,CITRUS,luxury,1,0.9878017129509472,7640.2814962407665
207125,CITRUS,luxury,1,0.9876459901375552,7570.355146847414
49987,CITRUS,luxury,1,0.9873864521152348,7517.538153468068
206786,CITRUS,luxury,1,0.9870750064884506,7410.516200470526
124760,CITRUS,luxury,1,0.9866597456527382,7244.632101468142
75905,CITRUS,luxury,1,0.9862444848170256,7168.836114282237
55728,CITRUS,luxury,1,0.9861406696080977,7099.409518304175
96371,CITRUS,luxury,1,0.9860887620036336,7084.372900657015
155190,CITRUS,luxury,1,0.9858292239813132,6943.634708027467
129708,CITRUS,luxury,1,0.9857773163768492,6798.702116269387
211821,CITRUS,luxury,1,0.9855177783545288,6697.996283027855
154899,CITRUS,luxury,1,0.9854658707500648,6693.19434336762
186027,CITRUS,luxury,1,0.9850506099143524,6625.895413610747
151646,CITRUS,luxury,1,0.9849987023098884,6625.295625703516
208138,CITRUS,luxury,1,0.984687256683104,6558.912867065856
184373,CITRUS,luxury,1,0.984583441474176,6530.599914550781
193058,CITRUS,luxury,1,0.984479626265248,6469.763358764299
211488,CITRUS,luxury,1,0.9844277186607838,6457.01850399431
104375,CITRUS,luxury,1,0.9843239034518556,6444.304385403347
137497,CITRUS,luxury,1,0.9841681806384636,6411.013658013562
73456,CITRUS,luxury,1,0.9840643654295356,6381.892766498515
61089,CITRUS,luxury,1,0.9832857513625746,6207.554430811324
190388,CITRUS,luxury,1,0.9832338437581104,6178.519367156912
214252,CITRUS,luxury,1,0.9830262133402544,6141.673902649996
208811,CITRUS,luxury,1,0.9829223981313262,6115.546212505656
61762,CITRUS,luxury,1,0.9825071372956138,6047.570689020543
61742,CITRUS,luxury,1,0.9824552296911496,6039.854757881064
210820,CITRUS,luxury,1,0.9822995068777576,6021.929983987943
50325,CITRUS,luxury,1,0.9820918764599014,5896.679603308705
212484,CITRUS,luxury,1,0.9819880612509732,5870.8265662304375
188712,CITRUS,luxury,1,0.981676615624189,5770.081326961249
207140,CITRUS,luxury,1,0.9808980015572282,5679.52013598633
189045,CITRUS,luxury,1,0.980638463534908,5622.228444204679
93690,CITRUS,luxury,1,0.9803789255125877,5571.7904748743495
151187,CITRUS,luxury,1,0.9803270179081236,5561.63059389419
184033,CITRUS,luxury,1,0.9797041266545548,5503.942456167915
153868,CITRUS,luxury,1,0.9792888658188424,5398.945756166504
76863,CITRUS,luxury,1,0.9790812354009862,5328.056979893579
94688,CITRUS,luxury,1,0.97887360498313,5213.683892590372
126365,CITRUS,luxury,1,0.978769789774202,5165.918693044184
202767,CITRUS,luxury,1,0.9783026213340256,5025.883984686254
71780,CITRUS,luxury,1,0.9776797300804568,4945.506091323843
139080,CITRUS,luxury,1,0.9775759148715288,4942.234792830051
216517,CITRUS,luxury,1,0.9775240072670648,4938.392991956516
95362,CITRUS,luxury,1,0.9771606540358162,4908.197730909979
82956,CITRUS,luxury,1,0.977108746431352,4906.595841579222
127033,CITRUS,luxury,1,0.977056838826888,4904.295271194609
211146,CITRUS,luxury,1,0.977004931222424,4892.888805201678
137167,CITRUS,luxury,1,0.976901116013496,4862.386167728218
209476,CITRUS,luxury,1,0.976849208409032,4836.536795502654
211143,CITRUS,luxury,1,0.9755515182974306,4614.6500104886345
125765,CITRUS,luxury,1,0.9754996106929664,4588.880228113194
150481,CITRUS,luxury,1,0.9754477030885024,4563.038401097
213495,CITRUS,luxury,1,0.9753957954840384,4562.56818780725
213502,CITRUS,luxury,1,0.974928627043862,4490.92622654052
162561,CITRUS,luxury,1,0.974876719439398,4478.546588245724
60745,CITRUS,luxury,1,0.9742538281858292,4408.500545960537
184024,CITRUS,luxury,1,0.9741500129769012,4386.272100187593
206783,CITRUS,luxury,1,0.9737866597456528,4347.40649962866
132069,CITRUS,luxury,1,0.9733713989099404,4288.663033949977
96040,CITRUS,luxury,1,0.973163768492084,4233.540311187072
126704,CITRUS,luxury,1,0.973059953283156,4221.126081406166
184675,CITRUS,luxury,1,0.9724889696340514,4162.490653110257
78843,CITRUS,luxury,1,0.9723332468206592,4154.417960476318
205125,CITRUS,luxury,1,0.9722294316117313,4151.272239896668
154500,CITRUS,luxury,1,0.9721775240072672,4151.037835964527
71199,CITRUS,luxury,1,0.9717103555670906,4095.4781630965513
180655,CITRUS,luxury,1,0.971347002335842,3994.791246699118
154510,CITRUS,luxury,1,0.971087464313522,3983.310192998708
217164,CITRUS,luxury,1,0.9709836491045938,3977.6765332713994
158288,CITRUS,luxury,1,0.9704645730599532,3891.7642138663937
205440,CITRUS,luxury,1,0.970205035037633,3867.812644882813
187706,CITRUS,luxury,1,0.9699974046197768,3822.294056327865
130053,CITRUS,luxury,1,0.9698416818063846,3807.284810332616
219223,CITRUS,luxury,1,0.9697897742019206,3796.671442476807
182678,CITRUS,luxury,1,0.9696340513885284,3772.135185618866
182660,CITRUS,luxury,1,0.9695302361796004,3757.9122806748455
206133,CITRUS,luxury,1,0.9694783285751364,3743.911978912748
197087,CITRUS,luxury,1,0.9694264209706722,3743.419642032231
191384,CITRUS,luxury,1,0.9684401764858552,3652.0476237957146
209151,CITRUS,luxury,1,0.968284453672463,3620.844329403207
129458,CITRUS,luxury,1,0.9681806384635347,3613.458352938861
138439,CITRUS,luxury,1,0.9679730080456788,3596.014890234911
208146,CITRUS,luxury,1,0.9675577472099662,3535.712137664158
59756,CITRUS,luxury,1,0.9675058396055022,3535.4444597320785
211494,CITRUS,luxury,1,0.967453932001038,3525.6563238379576
221183,CITRUS,luxury,1,0.967298209187646,3511.126188083441
155572,CITRUS,luxury,1,0.9670905787697898,3503.4587967346206
129380,CITRUS,luxury,1,0.9666234103296132,3452.527159984173
214501,CITRUS,luxury,1,0.9664676875162213,3434.844924426135
150840,CITRUS,luxury,1,0.9664157799117572,3434.5652039139422
89301,CITRUS,luxury,1,0.9662081494939008,3415.667180726476
152518,CITRUS,luxury,1,0.9660524266805088,3399.7434864481907
185021,CITRUS,luxury,1,0.9657409810537244,3372.359584251377
128043,CITRUS,luxury,1,0.9654814430314042,3352.3273803724624
202427,CITRUS,luxury,1,0.9650661821956916,3293.3320767587597
76200,CITRUS,luxury,1,0.9649623669867636,3285.7801933111127
82666,CITRUS,luxury,1,0.9648585517778354,3276.9678583772184
65777,CITRUS,luxury,1,0.9646509213599792,3258.1258718689182
74230,CITRUS,luxury,1,0.9637684920840904,3196.415433960788
95692,CITRUS,luxury,1,0.9636646768751622,3180.7674929824216
188044,CITRUS,luxury,1,0.9636127692706982,3180.624451909164
210813,CITRUS,luxury,1,0.963405138852842,3167.238353530693
155854,CITRUS,luxury,1,0.9632494160394498,3161.624852093365
95381,CITRUS,luxury,1,0.9631975084349856,3148.381892127887
140775,CITRUS,luxury,1,0.9629898780171297,3134.6293537442866
222857,CITRUS,luxury,1,0.9628860628082014,3130.627293177935
154522,CITRUS,luxury,1,0.9626784323903452,3115.339435084862
191400,CITRUS,luxury,1,0.9620555411367764,3060.2621697306927
50662,CITRUS,luxury,1,0.9619517259278484,3046.930477304523
196080,CITRUS,luxury,1,0.9618479107189204,3045.678512526181
131062,CITRUS,luxury,1,0.961432649883208,3017.601721919846
206484,CITRUS,luxury,1,0.9612250194653515,2992.688390152107
191723,CITRUS,luxury,1,0.9608097586296392,2941.795365390155
214495,CITRUS,luxury,1,0.960550220607319,2933.84197310585
215169,CITRUS,luxury,1,0.9604464053983908,2922.888277660919
96698,CITRUS,luxury,1,0.9601868673760706,2907.456610460564
183670,CITRUS,luxury,1,0.9600830521671424,2896.388806880328
135085,CITRUS,luxury,1,0.9600311445626784,2889.430356121839
185367,CITRUS,luxury,1,0.9599792369582144,2887.163148495837
68815,CITRUS,luxury,1,0.95966779133143,2867.177408460051
139433,CITRUS,luxury,1,0.959563976122502,2862.6433462394143
149142,CITRUS,luxury,1,0.9593044381001816,2855.5535468133703
156275,CITRUS,luxury,1,0.9589929924733972,2834.9369949261227
212151,CITRUS,luxury,1,0.958733454451077,2820.4773453361845
126046,CITRUS,luxury,1,0.958629639242149,2807.132702877261
49321,CITRUS,luxury,1,0.9584739164287568,2801.4980815670374
214163,CITRUS,luxury,1,0.9583181936153646,2789.106655612582
133744,CITRUS,luxury,1,0.9580067479885804,2768.248100311201
137430,CITRUS,luxury,1,0.9578510251751882,2764.5042727212594
206159,CITRUS,luxury,1,0.95774720996626,2753.277411247839
216514,CITRUS,luxury,1,0.9574876719439398,2725.459156473426
186352,CITRUS,luxury,1,0.9573319491305476,2710.944248245787
75241,CITRUS,luxury,1,0.9572281339216197,2706.743839189519
213165,CITRUS,luxury,1,0.9570724111082274,2701.379129539969
150327,CITRUS,luxury,1,0.9567609654814432,2691.961998462677
210155,CITRUS,luxury,1,0.9565014274591228,2686.486407935189
74857,CITRUS,luxury,1,0.9559823514144822,2651.404362545771
157181,CITRUS,luxury,1,0.9550480145341292,2603.855139869762
170948,CITRUS,luxury,1,0.954840384116273,2593.936488191012
191738,CITRUS,luxury,1,0.9547365689073448,2588.8565029056263
149147,CITRUS,luxury,1,0.9546327536984168,2587.737882973556
156572,CITRUS,luxury,1,0.9544251232805606,2576.9431537208548
94356,CITRUS,luxury,1,0.953802232026992,2534.199510985343
148158,CITRUS,luxury,1,0.9531274331689592,2500.6660745206177
130718,CITRUS,luxury,1,0.9524526343109264,2463.58953115585
66453,CITRUS,luxury,1,0.951881650661822,2427.201422864902
163889,CITRUS,luxury,1,0.9516740202439656,2414.7709737085047
80875,CITRUS,luxury,1,0.9514663898261096,2409.5204975151028
134484,CITRUS,luxury,1,0.9513625746171814,2406.4494805012823
179981,CITRUS,luxury,1,0.9510511289903972,2393.0658307096687
195742,CITRUS,luxury,1,0.9507396833636128,2383.1980408886884
99043,CITRUS,luxury,1,0.950116792110044,2364.341573575965
130394,CITRUS,luxury,1,0.9492862704386192,2325.6704442544124
209804,CITRUS,luxury,1,0.9491824552296912,2318.5550752820177
154566,CITRUS,luxury,1,0.949026732416299,2310.507055821049
212554,CITRUS,luxury,1,0.9486633791850506,2287.9514629067894
140430,CITRUS,luxury,1,0.9486114715805866,2284.893390090489
126711,CITRUS,luxury,1,0.947936672722554,2250.832429533263
163942,CITRUS,luxury,1,0.947209966260057,2211.528351878155
58413,CITRUS,luxury,1,0.9465870750064884,2183.014836709389
150179,CITRUS,luxury,1,0.9464832597975604,2178.768609995132
215258,CITRUS,luxury,1,0.9463275369841682,2170.3485392387806
209843,CITRUS,luxury,1,0.946275629379704,2164.103675906972
207131,CITRUS,luxury,1,0.9457565533350636,2142.686393872612
206809,CITRUS,luxury,1,0.9453932001038152,2130.7881964836088
127710,CITRUS,luxury,1,0.9452893848948872,2129.0582274453363
73127,CITRUS,luxury,1,0.9452374772904232,2119.700209287952
70440,CITRUS,luxury,1,0.945185569685959,2119.449818552674
90693,CITRUS,luxury,1,0.9448741240591748,2113.664529524953
51693,CITRUS,luxury,1,0.9447184012457824,2107.222697884087
219508,CITRUS,luxury,1,0.9446664936413184,2105.8494238927283
182329,CITRUS,luxury,1,0.9446145860368544,2103.039821307344
196409,CITRUS,luxury,1,0.9443550480145342,2085.9140098682165
125039,CITRUS,luxury,1,0.9439916947832856,2070.3105819682432
209816,CITRUS,luxury,1,0.9432130807163248,2053.8865488554598
158183,CITRUS,luxury,1,0.9429016350895406,2048.0897763864627
148498,CITRUS,luxury,1,0.9426420970672204,2044.0555177731492
53698,CITRUS,luxury,1,0.9425901894627564,2043.2706700500728
144239,CITRUS,luxury,1,0.942330651440436,2031.281748270785
183667,CITRUS,luxury,1,0.942278743835972,2030.115277059777
132736,CITRUS,luxury,1,0.9420711134181158,2021.2367084334664
102374,CITRUS,luxury,1,0.9419672982091876,2015.8708587580927
152527,CITRUS,luxury,1,0.9418634830002596,2014.6470031828949
180323,CITRUS,luxury,1,0.9418115753957956,2011.5336300147403
226712,CITRUS,luxury,1,0.9416558525824034,2006.839655653456
93700,CITRUS,luxury,1,0.9414482221645472,2002.9322638583967
62766,CITRUS,luxury,1,0.9408253309109784,1977.60757495012
82327,CITRUS,luxury,1,0.94046197767973,1963.655143621747
69144,CITRUS,luxury,1,0.940358162470802,1958.981852327266
159188,CITRUS,luxury,1,0.940306254866338,1958.156559766192
129390,CITRUS,luxury,1,0.9402024396574098,1956.5828872041084
150846,CITRUS,luxury,1,0.9395795484038412,1941.406507279214
73527,CITRUS,luxury,1,0.9395276407993772,1935.9756495094375
166250,CITRUS,luxury,1,0.939423825590449,1931.2417497585748
159305,CITRUS,luxury,1,0.9393200103815208,1928.532880064097
145124,CITRUS,luxury,1,0.9388009343368804,1919.961662946252
138750,CITRUS,luxury,1,0.9386971191279524,1918.7309084053488
157240,CITRUS,luxury,1,0.9386452115234882,1916.5228604178471
69153,CITRUS,luxury,1,0.9379704126654554,1891.693423481477
141772,CITRUS,luxury,1,0.9378146898520632,1881.344076818438
126783,COCOA,luxury,1,1.0,80022.88134735246
126111,COCOA,luxury,1,0.999529854254819,64589.224092091405
128455,COCOA,luxury,1,0.9992164237580315,60274.384491302095
129127,COCOA,luxury,1,0.9979627017708824,51910.5609299249
126108,COCOA,luxury,1,0.9968656950321266,44264.60000566473
140842,COCOA,luxury,1,0.996708979783733,43521.39122603352
124770,COCOA,luxury,1,0.9960821187901584,40726.21370237883
125778,COCOA,luxury,1,0.9959254035417646,40659.77196684148
219934,COCOA,luxury,1,0.994358251057828,36274.839090897774
141514,COCOA,luxury,1,0.9926343833254976,31920.15263919848
220265,COCOA,luxury,1,0.9916940918351356,30794.458265435616
128123,COCOA,luxury,1,0.991537376586742,30390.02894686423
218930,COCOA,luxury,1,0.9913806613383482,29454.9664120987
220941,COCOA,luxury,1,0.9912239460899546,29060.60084780337
205188,COCOA,luxury,1,0.9909105155931672,27441.824210538303
71191,COCOA,luxury,1,0.9907538003447736,27399.6849609922
127447,COCOA,luxury,1,0.9898135088544116,26124.698911929463
141517,COCOA,luxury,1,0.989656793606018,25858.05144436437
127115,COCOA,luxury,1,0.9895000783576242,25714.58238550893
130467,COCOA,luxury,1,0.9891866478608368,25590.67162114846
72189,COCOA,luxury,1,0.9885597868672622,24320.079236038888
71523,COCOA,luxury,1,0.9862090581413572,20793.589226511907
140175,COCOA,luxury,1,0.9858956276445698,20371.74545969424
73867,COCOA,luxury,1,0.9852687666509952,19529.959943424736
123095,COCOA,luxury,1,0.9851120514026016,19088.174479981997
129792,COCOA,luxury,1,0.9846419056574204,18817.744800417597
208550,COCOA,luxury,1,0.9830747531734838,17171.209881378738
63435,COCOA,luxury,1,0.9821344616831218,15968.436871493352
219602,COCOA,luxury,1,0.9815076006895472,15643.674896913612
240049,COCOA,luxury,1,0.9808807396959724,14981.350586327828
80519,COCOA,luxury,1,0.9794703024604294,14302.627370069213
224960,COCOA,luxury,1,0.9786867262184612,13630.390274362995
82215,COCOA,luxury,1,0.9785300109700674,13616.71151351743
134818,COCOA,luxury,1,0.9780598652248864,13474.51347795475
219262,COCOA,luxury,1,0.9775897194797054,13235.612044420464
190401,COCOA,luxury,1,0.9774330042313116,13178.833755997332
72195,COCOA,luxury,1,0.9760225669957688,12056.22567091154
219605,COCOA,luxury,1,0.9758658517473752,12011.93658038019
102043,COCOA,luxury,1,0.9752389907538004,11714.3102696951
203503,COCOA,luxury,1,0.9750822755054068,11707.23062465272
202494,COCOA,luxury,1,0.974925560257013,11685.452883185715
102381,COCOA,luxury,1,0.974455414511832,11515.03054029254
141174,COCOA,luxury,1,0.9741419840150448,11275.940555327146
125102,COCOA,luxury,1,0.9738285535182574,11038.909756065248
74220,COCOA,luxury,1,0.9732016925246828,10582.17465837834
204850,COCOA,luxury,1,0.9722614010343208,10248.371033087888
102037,COCOA,luxury,1,0.9705375333019904,9768.01331472452
74558,COCOA,luxury,1,0.9699106723084155,9371.64193417938
71863,COCOA,luxury,1,0.969753957060022,9273.168604507471
76193,COCOA,luxury,1,0.968343519824479,8998.524586947575
221939,COCOA,luxury,1,0.9680300893276916,8941.054145253007
220619,COCOA,luxury,1,0.967873374079298,8879.690173649571
93655,COCOA,luxury,1,0.9667763673405424,8746.52229484988
137500,COCOA,luxury,1,0.966462936843755,8731.506634436731
75563,COCOA,luxury,1,0.9656793606017866,8487.269003615122
102056,COCOA,luxury,1,0.9648957843598184,8401.69921194196
221614,COCOA,luxury,1,0.9647390691114246,8393.6361926047
129795,COCOA,luxury,1,0.9637987776210624,8014.772970876581
71532,COCOA,luxury,1,0.9634853471242752,7910.564054124213
136832,COCOA,luxury,1,0.9633286318758816,7899.141043169697
86222,COCOA,luxury,1,0.9631719166274878,7893.389235722776
76240,COCOA,luxury,1,0.962074909888732,7553.616109376888
213246,COCOA,luxury,1,0.9584704591756776,6729.101013380015
102040,COCOA,luxury,1,0.957373452436922,6486.19723500786
72200,COCOA,luxury,1,0.9569033066917412,6352.150585788004
103041,COCOA,luxury,1,0.9565898761949536,6308.598439378942
128452,COCOA,luxury,1,0.955963015201379,6177.208075073573
237022,COCOA,luxury,1,0.9556495847045916,6162.417881697125
97353,COCOA,luxury,1,0.9551794389594108,6129.391186785896
215593,COCOA,luxury,1,0.9534555712270804,5902.114243461037
63443,COCOA,luxury,1,0.9529854254818994,5807.25155122887
97015,COCOA,luxury,1,0.9520451339915372,5628.000684037368
130799,COCOA,luxury,1,0.9509481272527815,5427.040362534935
79179,COCOA,luxury,1,0.9501645510108132,5365.2778296000815
242051,COCOA,luxury,1,0.949380974768845,5254.073324689441
248761,COCOA,luxury,1,0.948910829023664,5218.759697303286
77869,COCOA,luxury,1,0.9487541137752704,5212.182094313959
102704,COCOA,luxury,1,0.947500391788121,5082.117230782821
102050,COCOA,luxury,1,0.94703024604294,5037.695146059586
142181,COCOA,luxury,1,0.9462466698009716,4931.287913548058
133813,COCOA,luxury,1,0.945149663062216,4831.769998474532
220260,COCOA,luxury,1,0.94232878859113,4416.105585807125
95652,COCOA,luxury,1,0.9415452123491616,4373.396599762091
235344,COCOA,luxury,1,0.9407616361071932,4292.995748256119
203174,COCOA,luxury,1,0.9402914903620122,4249.811439037033
125110,COCOA,luxury,1,0.9398213446168312,4197.783466684926
93988,COCOA,luxury,1,0.9391944836232564,4107.017146697908
122423,COCOA,luxury,1,0.938567622629682,4079.460589248009
222269,COCOA,luxury,1,0.9370004701457452,3984.945095400468
142216,COCOA,luxury,1,0.9357467481585958,3889.895145581699
75567,COCOA,luxury,1,0.9354333176618084,3845.304382901809
77584,COCOA,luxury,1,0.9351198871650211,3818.17958073961
74895,COCOA,luxury,1,0.9343363109230528,3728.799357139928
79205,COCOA,luxury,1,0.9338661651778718,3683.644569641873
72528,COCOA,luxury,1,0.9335527346810844,3642.375799997306
220937,COCOA,luxury,1,0.9329258736875098,3632.5752083345183
101038,COCOA,luxury,1,0.9316721517003604,3527.448101083653
219613,COCOA,luxury,1,0.9315154364519668,3522.486492458212
218273,COCOA,luxury,1,0.9312020059551794,3498.6465896886034
201487,COCOA,luxury,1,0.9304184297132112,3420.4014913395845
122755,COCOA,luxury,1,0.9293214229744554,3357.0817091594054
76196,COCOA,luxury,1,0.9285378467324872,3277.385462439252
225618,COCOA,luxury,1,0.9279109857389124,3228.694131089708
188076,COCOA,luxury,1,0.9277542704905188,3224.183011895374
92979,COCOA,luxury,1,0.9269706942485504,3194.5610055877382
229979,COCOA,luxury,1,0.9258736875097948,3114.592724205548
134485,COCOA,luxury,1,0.925716972261401,3106.165914656668
223928,COCOA,luxury,1,0.9254035417646136,3100.340465314584
101035,COCOA,luxury,1,0.9244632502742516,3070.999071142243
167029,COCOA,luxury,1,0.9236796740322832,3008.7749083836543
124103,COCOA,luxury,1,0.922425952045134,2931.684682438809
75530,COCOA,luxury,1,0.921485660554772,2851.5267063569
80882,COCOA,luxury,1,0.9207020843128036,2831.965265208837
138852,COCOA,luxury,1,0.9203886538160164,2806.3114771655146
141841,COCOA,luxury,1,0.920075223319229,2800.65516261464
77865,COCOA,luxury,1,0.9197617928224416,2780.314845448519
84560,COCOA,luxury,1,0.9192916470772606,2774.7947489558
74181,COCOA,luxury,1,0.9180379250901112,2728.443060501879
213918,COCOA,luxury,1,0.9175677793449304,2711.075522677889
100706,COCOA,luxury,1,0.9163140573577808,2666.25602242075
234338,COCOA,luxury,1,0.9153737658674188,2627.092118863117
218611,COCOA,luxury,1,0.9142767591286632,2592.5515955387245
187403,COCOA,luxury,1,0.9141200438802696,2589.3539458757205
74553,COCOA,luxury,1,0.9133364676383012,2565.469324304946
134146,COCOA,luxury,1,0.9131797523899076,2563.954253617354
154266,COCOA,luxury,1,0.913023037141514,2547.101247160193
101365,COCOA,luxury,1,0.910202162670428,2419.97095894376
202497,COCOA,luxury,1,0.9084782949380976,2367.492402269072
156299,COCOA,luxury,1,0.9075380034477356,2339.4379205980613
222946,COCOA,luxury,1,0.9067544272057672,2305.8376716743555
210900,COCOA,luxury,1,0.9065977119573736,2303.8339563202744
131801,COCOA,luxury,1,0.9055007052186178,2277.4630013114
214585,COCOA,luxury,1,0.9042469832314683,2245.952145853385
206194,COCOA,luxury,1,0.9033066917411064,2195.021228258659
69485,COCOA,luxury,1,0.9029932612443192,2166.485340242509
95982,COCOA,luxury,1,0.9028365459959254,2158.101996508792
209223,COCOA,luxury,1,0.9012693935119888,2095.907907695213
186393,COCOA,luxury,1,0.9007992477668078,2087.981564397249
100362,COCOA,luxury,1,0.8987619495376901,1981.607292033165
221623,COCOA,luxury,1,0.8986052342892964,1965.443210740208
133141,COCOA,luxury,1,0.8981350885441154,1952.993575849516
85565,COCOA,luxury,1,0.8967246513085724,1934.9570218221252
76578,COCOA,luxury,1,0.8957843598182104,1907.8908307613376
204176,COCOA,luxury,1,0.8956276445698167,1902.51000369685
223595,COCOA,luxury,1,0.8951574988246357,1895.0749117723449
237695,COCOA,luxury,1,0.8939037768374863,1866.2410348376284
84227,COCOA,luxury,1,0.8928067700987306,1845.518539438562
72867,COCOA,luxury,1,0.8923366243535495,1812.7201875449896
212241,COCOA,luxury,1,0.8921799091051559,1811.8680750703352
140542,COCOA,luxury,1,0.8902993261244319,1757.3281964714963
96676,COCOA,luxury,1,0.8892023193856762,1746.6032865425225
153589,COCOA,luxury,1,0.8887321736404952,1741.706683090042
72522,COCOA,luxury,1,0.8885754583921015,1740.0445300934316
133474,COCOA,luxury,1,0.8866948754113775,1681.1269403711751
76202,COCOA,luxury,1,0.8860680144178028,1669.355231249309
76521,COCOA,luxury,1,0.8854411534242281,1659.5348441216267
94318,COCOA,luxury,1,0.8832471399467168,1619.980815374182
94984,COCOA,luxury,1,0.8829337094499294,1603.9828299196936
75187,COCOA,luxury,1,0.8827769942015358,1602.9353155663125
221265,COCOA,luxury,1,0.8816799874627801,1567.2908574645012
204509,COCOA,luxury,1,0.8813665569659928,1566.0557240167625
138168,COCOA,luxury,1,0.8807396959724181,1538.7413230080156
121411,COCOA,luxury,1,0.8799561197304497,1517.8996711105465
76859,COCOA,luxury,1,0.8791725434884814,1501.7600865851994
230990,COCOA,luxury,1,0.8788591129916941,1497.506425944658
148253,COCOA,luxury,1,0.8782322519981194,1489.1422574343717
154598,COCOA,luxury,1,0.8772919605077574,1478.4501472046427
216599,COCOA,luxury,1,0.876508384265789,1463.3586803084834
135490,COCOA,luxury,1,0.8752546622786397,1446.748747326378
207208,COCOA,luxury,1,0.874157655539884,1428.3057728190402
74532,COFFEE,luxury,1,1.0,87287.5773397194
161613,COFFEE,luxury,1,0.9998964696138316,69051.81911148269
202495,COFFEE,luxury,1,0.9996894088414948,58728.62472951752
207207,COFFEE,luxury,1,0.9994823480691584,48717.76808721229
127452,COFFEE,luxury,1,0.9991717569106532,41043.10948767314
100719,COFFEE,luxury,1,0.9990682265244848,40611.38578003642
97705,COFFEE,luxury,1,0.9989646961383166,39457.8873161324
142187,COFFEE,luxury,1,0.99875763536598,37941.5040789239
101720,COFFEE,luxury,1,0.9985505745936432,37755.35184761947
126109,COFFEE,luxury,1,0.99813645304897,34974.23768959404
207879,COFFEE,luxury,1,0.9978258618904648,33509.05117350158
205464,COFFEE,luxury,1,0.9972046795734548,31640.32938995139
74194,COFFEE,luxury,1,0.996997618801118,30158.111946059627
66462,COFFEE,luxury,1,0.9965834972564448,29030.84195322531
158630,COFFEE,luxury,1,0.9964799668702764,28692.33998821797
74859,COFFEE,luxury,1,0.9962729060979396,28400.240438404373
65455,COFFEE,luxury,1,0.994823480691583,25598.81897055692
206474,COFFEE,luxury,1,0.994512889533078,24542.551148091425
98377,COFFEE,luxury,1,0.9939952376022364,22971.24762670353
97033,COFFEE,luxury,1,0.9930634641267212,21186.394744609093
160610,COFFEE,luxury,1,0.9928564033543844,21110.96447129252
126774,COFFEE,luxury,1,0.9926493425820478,20919.917131911225
219599,COFFEE,luxury,1,0.9916140387203644,19000.914487931903
75527,COFFEE,luxury,1,0.9914069779480278,18502.48886938164
156639,COFFEE,luxury,1,0.9913034475618594,18449.2289478823
76194,COFFEE,luxury,1,0.9910963867895228,18169.414798668917
72876,COFFEE,luxury,1,0.9909928564033544,18149.8326518744
65115,COFFEE,luxury,1,0.9900610829278392,17421.536079271966
126102,COFFEE,luxury,1,0.989957552541671,17418.9527914464
73216,COFFEE,luxury,1,0.9897504917693344,17242.447628339276
153936,COFFEE,luxury,1,0.989646961383166,17195.208068168526
190735,COFFEE,luxury,1,0.9887151879076508,16520.15301938956
95363,COFFEE,luxury,1,0.9886116575214824,16434.46493542481
187399,COFFEE,luxury,1,0.9885081271353142,16420.252762292526
204796,COFFEE,luxury,1,0.9880940055906408,16349.446171983276
159274,COFFEE,luxury,1,0.9879904752044724,16304.819561181148
128449,COFFEE,luxury,1,0.9874728232736308,16217.349158595684
71531,COFFEE,luxury,1,0.9870587017289576,15810.554647826346
158623,COFFEE,luxury,1,0.9869551713427892,15739.70630092691
68134,COFFEE,luxury,1,0.9867481105704524,15703.094349406509
205468,COFFEE,luxury,1,0.9863339890257792,15459.72681609559
215928,COFFEE,luxury,1,0.9858163370949372,15180.061829898095
155295,COFFEE,luxury,1,0.9852986851640956,14844.262446265451
61086,COFFEE,luxury,1,0.9843669116885806,14204.78108134789
98710,COFFEE,luxury,1,0.9842633813024124,14182.145367610445
222965,COFFEE,luxury,1,0.984159850916244,14170.227666698274
128120,COFFEE,luxury,1,0.9838492597577388,14070.706083358007
77249,COFFEE,luxury,1,0.9834351382130656,13623.173297422589
97373,COFFEE,luxury,1,0.9826068951237188,13329.294771826815
79201,COFFEE,luxury,1,0.9819857128067088,13007.059159671962
212240,COFFEE,luxury,1,0.9816751216482036,12911.816927416585
97701,COFFEE,luxury,1,0.9813645304896988,12810.562120075956
203504,COFFEE,luxury,1,0.981157469717362,12700.50680285233
208498,COFFEE,luxury,1,0.9809504089450254,12683.777625322997
214922,COFFEE,luxury,1,0.9803292266280154,12374.223141437857
160278,COFFEE,luxury,1,0.9800186354695104,12235.164581001818
154935,COFFEE,luxury,1,0.9796045139248368,11967.063794104291
75521,COFFEE,luxury,1,0.9791903923801636,11690.920029465597
68812,COFFEE,luxury,1,0.9785692100631536,11490.291668822929
101375,COFFEE,luxury,1,0.9784656796769852,11450.918093059236
187732,COFFEE,luxury,1,0.9783621492908168,11450.541518224514
153929,COFFEE,luxury,1,0.9773268454291336,11212.74876330826
66122,COFFEE,luxury,1,0.9771197846567968,11193.77673989622
69145,COFFEE,luxury,1,0.9770162542706284,11179.077210378484
163270,COFFEE,luxury,1,0.97691272388446,11160.95424560974
64114,COFFEE,luxury,1,0.9768091934982918,11151.149814503768
68131,COFFEE,luxury,1,0.9767056631121234,11142.079026240102
154267,COFFEE,luxury,1,0.97629154156745,10941.208650865923
74219,COFFEE,luxury,1,0.9751527073195984,10708.353325255635
95700,COFFEE,luxury,1,0.9748421161610932,10663.055513693203
73882,COFFEE,luxury,1,0.9739103426855782,10232.37074715514
222590,COFFEE,luxury,1,0.9727715084377264,9935.753873660877
209842,COFFEE,luxury,1,0.971736204576043,9661.480677325171
140840,COFFEE,luxury,1,0.971115022259033,9509.956665055664
186054,COFFEE,luxury,1,0.9703903095558546,9291.767921359702
157951,COFFEE,luxury,1,0.9702867791696864,9235.784863101886
127114,COFFEE,luxury,1,0.9697691272388446,9071.303092285496
77195,COFFEE,luxury,1,0.9694585360803396,9038.624435584934
210230,COFFEE,luxury,1,0.9693550056941712,9001.247582076056
186060,COFFEE,luxury,1,0.9687338233771612,8857.573807516497
74515,COFFEE,luxury,1,0.9686302929909928,8854.242360257429
157596,COFFEE,luxury,1,0.9680091106739828,8676.09598990016
73528,COFFEE,luxury,1,0.967802049901646,8652.515126676864
140846,COFFEE,luxury,1,0.9675949891293094,8570.253897485076
100381,COFFEE,luxury,1,0.967180867584636,8549.419787706302
206535,COFFEE,luxury,1,0.9663526244952894,8272.488392031213
186732,COFFEE,luxury,1,0.9661455637229528,8216.95801347181
201823,COFFEE,luxury,1,0.9657314421782792,8156.356323497349
60753,COFFEE,luxury,1,0.9647996687027642,7953.627821827898
63442,COFFEE,luxury,1,0.964696138316596,7938.629234466803
69151,COFFEE,luxury,1,0.9643855471580908,7861.451394984639
186727,COFFEE,luxury,1,0.9642820167719226,7852.767512277281
78533,COFFEE,luxury,1,0.9641784863857542,7826.189482570433
101724,COFFEE,luxury,1,0.9634537736825758,7738.058645286572
213917,COFFEE,luxury,1,0.9628325913655658,7647.609079879327
153257,COFFEE,luxury,1,0.9621078786623876,7572.516745382985
85287,COFFEE,luxury,1,0.9615902267315456,7492.043660734413
68140,COFFEE,luxury,1,0.9605549228698624,7290.836008075474
61425,COFFEE,luxury,1,0.9587949063050004,7085.009713158541
96024,COFFEE,luxury,1,0.9582772543741588,6905.999912170928
60077,COFFEE,luxury,1,0.9577596024433171,6847.322911818417
208513,COFFEE,luxury,1,0.9576560720571488,6831.423401451839
67134,COFFEE,luxury,1,0.9575525416709804,6799.087526830648
102385,COFFEE,luxury,1,0.957449011284812,6770.66609540718
76856,COFFEE,luxury,1,0.9564137074231288,6657.240643690336
67127,COFFEE,luxury,1,0.9559995858784552,6610.211081152002
162604,COFFEE,luxury,1,0.955896055492287,6604.049790284656
158255,COFFEE,luxury,1,0.9554819339476136,6580.067203447494
95357,COFFEE,luxury,1,0.9548607516306036,6548.122672479396
64106,COFFEE,luxury,1,0.9534113262242468,6365.479789126288
100042,COFFEE,luxury,1,0.9526866135210684,6198.162505989386
208211,COFFEE,luxury,1,0.9525830831349,6191.418780218321
131798,COFFEE,luxury,1,0.9524795527487318,6179.097179931989
205524,COFFEE,luxury,1,0.9515477792732168,6042.46102778716
209166,COFFEE,luxury,1,0.9511336577285432,5986.666625180244
156274,COFFEE,luxury,1,0.9506160057977016,5952.006641378383
145549,COFFEE,luxury,1,0.94947717154985,5805.6461978368725
79539,COFFEE,luxury,1,0.9490630500051764,5758.700092059856
67466,COFFEE,luxury,1,0.9489595196190082,5757.510172619636
96368,COFFEE,luxury,1,0.9484418676881664,5692.874535074531
78508,COFFEE,luxury,1,0.9479242157573248,5646.407547456147
83892,COFFEE,luxury,1,0.947717154984988,5641.329504120422
153588,COFFEE,luxury,1,0.9473030334403147,5614.4268919982
65112,COFFEE,luxury,1,0.946785381509473,5588.039133026196
209181,COFFEE,luxury,1,0.9463712599647996,5553.869826912186
75199,COFFEE,luxury,1,0.9460606688062948,5507.689816489936
76184,COFFEE,luxury,1,0.9459571384201264,5498.096271383422
219949,COFFEE,luxury,1,0.9457500776477896,5483.036185042556
209838,COFFEE,luxury,1,0.9448183041722744,5393.574206850935
76241,COFFEE,luxury,1,0.9446112433999378,5385.099062912378
73857,COFFEE,luxury,1,0.9439900610829278,5354.052429038281
71534,COFFEE,luxury,1,0.9434724091520862,5301.626930127567
74855,COFFEE,luxury,1,0.9430582876074128,5274.581950085182
154597,COFFEE,luxury,1,0.942851226835076,5256.409540229523
60090,COFFEE,luxury,1,0.941608862201056,5092.35889501083
188404,COFFEE,luxury,1,0.9414018014287192,5065.731357304735
66794,COFFEE,luxury,1,0.940366497567036,4932.399783653987
237361,COFFEE,luxury,1,0.9401594367946992,4905.171105355981
100702,COFFEE,luxury,1,0.9400559064085308,4897.369680261378
156613,COFFEE,luxury,1,0.9381923594575008,4749.794385524017
94351,COFFEE,luxury,1,0.9380888290713324,4748.918301159917
209178,COFFEE,luxury,1,0.937985298685164,4742.858648897231
204512,COFFEE,luxury,1,0.9369499948234808,4663.202016941063
96696,COFFEE,luxury,1,0.9363288125064706,4595.96313757112
127782,COFFEE,luxury,1,0.9349829174862824,4492.514344020978
82195,COFFEE,luxury,1,0.9346723263277772,4455.117267125839
210514,COFFEE,luxury,1,0.9330158401490838,4340.988753176587
63102,COFFEE,luxury,1,0.9328087793767472,4334.872365623546
187405,COFFEE,luxury,1,0.9319805362874004,4308.682017485763
152930,COFFEE,luxury,1,0.931566414742727,4282.447772474524
205862,COFFEE,luxury,1,0.930634641267212,4198.553219784842
76532,COFFEE,luxury,1,0.9303240501087068,4174.625763875563
68807,COFFEE,luxury,1,0.930013458950202,4152.048798065323
72523,COFFEE,luxury,1,0.9289781550885184,4091.234096215415
72883,COFFEE,luxury,1,0.9287710943161818,4084.592448794993
159271,COFFEE,luxury,1,0.9279428512268352,4040.8213205082807
59752,COFFEE,luxury,1,0.92763226006833,4032.664191833506
126446,COFFEE,luxury,1,0.927321668909825,4013.7208004627446
187408,COFFEE,luxury,1,0.9264934258204784,3946.491330317385
131802,COFFEE,luxury,1,0.9255616523449632,3874.1322476379823
202456,COFFEE,luxury,1,0.924629878869448,3810.571747190511
97028,COFFEE,luxury,1,0.92452634848328,3802.288198324703
206866,COFFEE,luxury,1,0.9236981053939332,3756.799599378644
81189,COFFEE,luxury,1,0.923387514235428,3746.589801314727
98706,COFFEE,luxury,1,0.9232839838492598,3735.552915725415
204459,COFFEE,luxury,1,0.9231804534630914,3731.231756499596
77868,COFFEE,luxury,1,0.9226628015322496,3710.8695435145
58410,COFFEE,luxury,1,0.9216274976705664,3611.0897956050926
81279,COFFEE,luxury,1,0.9212133761258928,3606.30663245244
158260,COFFEE,luxury,1,0.9201780722642096,3563.2420887996213
102053,COFFEE,luxury,1,0.917589812610001,3422.3068823073168
76199,COFFEE,luxury,1,0.9157262656589708,3323.4209738930062
210518,COFFEE,luxury,1,0.9141733098664458,3257.6234465283405
100698,COFFEE,luxury,1,0.9138627187079408,3239.5274906637464
218946,COFFEE,luxury,1,0.9131380060047624,3203.65133055971
207150,COFFEE,luxury,1,0.9129309452324256,3195.740739234002
74182,COFFEE,luxury,1,0.9125168236877524,3162.9904131232006
74222,COFFEE,luxury,1,0.912413293301584,3150.61616707478
65118,COFFEE,luxury,1,0.911792110984574,3114.5762537439305
166706,COFFEE,luxury,1,0.911481519826069,3101.764820197365
74894,COFFEE,luxury,1,0.9110673982813956,3079.1905735282453
124764,COFFEE,luxury,1,0.9108603375090588,3078.0801321709782
152589,COFFEE,luxury,1,0.910549746350554,3071.7056772925266
99366,COFFEE,luxury,1,0.9103426855782172,3054.870028414195
159303,COFFEE,luxury,1,0.9098250336473755,3037.476714205231
208175,COFFEE,luxury,1,0.9095144424888704,3031.509757389783
125771,COFFEE,luxury,1,0.9092038513303654,3001.667932270064
64110,COFFEE,luxury,1,0.9082720778548504,2980.056382509284
164710,COFFEE,luxury,1,0.9078579563101772,2954.0545113138937
75232,COFFEE,luxury,1,0.9077544259240088,2941.355368306225
81616,COFFEE,luxury,1,0.9074438347655036,2910.7619579351945
224303,COFFEE,luxury,1,0.907236773993167,2901.3647908476314
162264,COFFEE,luxury,1,0.906926182834662,2880.6730698527817
62099,COFFEE,luxury,1,0.905062635883632,2807.541287516819
94361,COFFEE,luxury,1,0.9046485143389584,2794.602096985451
153954,COFFEE,luxury,1,0.9043379231804536,2782.041205555824
167366,COFFEE,luxury,1,0.9037167408634434,2773.198837684955
218877,COFFEE,luxury,1,0.902992028160265,2741.25898298937
223596,COFFEE,luxury,1,0.90268143700176,2737.0505167983183
102048,COFFEE,luxury,1,0.9025779066155916,2734.4756467443817
54692,COPPER,luxury,1,0.9985405010946242,562.0
61039,COPPER,luxury,1,0.9961080029189978,423.0
54685,COPPER,luxury,1,0.99537825346631,417.0
56009,COPPER,luxury,1,0.9951350036487472,415.0
57669,COPPER,luxury,1,0.9934322549258088,379.0
59349,COPPER,luxury,1,0.9929457552906836,368.0
54992,COPPER,luxury,1,0.991972756020433,345.0
55025,COPPER,luxury,1,0.9912430065677452,309.0
57001,COPPER,luxury,1,0.9905132571150572,303.0
53008,COPPER,luxury,1,0.9897835076623692,297.0
54001,COPPER,luxury,1,0.9888105083921188,280.0
81641,COPPER,luxury,1,0.9878375091218682,276.0
53012,COPPER,luxury,1,0.9875942593043056,270.0
58677,COPPER,luxury,1,0.9861347603989296,255.0
56672,COPPER,luxury,1,0.9854050109462418,249.0
57352,COPPER,luxury,1,0.9851617611286791,246.0
50659,COPPER,luxury,1,0.9841887618584286,238.0
54998,COPPER,luxury,1,0.9805400145949892,218.0
58012,COPPER,luxury,1,0.9802967647774264,216.0
82323,COPPER,luxury,1,0.9790805156896132,209.0
76790,COPPER,luxury,1,0.9788372658720506,208.0
60355,COPPER,luxury,1,0.977134517149112,195.0
50647,COPPER,luxury,1,0.9768912673315496,191.0
57345,COPPER,luxury,1,0.9764047676964244,190.0
57369,COPPER,luxury,1,0.9761615178788616,189.0
80960,COPPER,luxury,1,0.975918268061299,188.0
57358,COPPER,luxury,1,0.975188518608611,185.0
56365,COPPER,luxury,1,0.9742155193383604,174.0
55010,COPPER,luxury,1,0.973972269520798,173.0
81301,COPPER,luxury,1,0.973972269520798,173.0
51667,COPPER,luxury,1,0.9700802724397956,158.0
52619,COPPER,luxury,1,0.9683775237168571,150.0
50990,COPPER,luxury,1,0.9674045244466066,149.0
80277,COPPER,luxury,1,0.965215276088543,144.0
82865,COPPER,luxury,1,0.962539528095354,134.0
51670,COPPER,luxury,1,0.96035027973729,130.0
52967,COPPER,luxury,1,0.96035027973729,130.0
74758,COPPER,luxury,1,0.9596205302846024,129.0
55995,COPPER,luxury,1,0.9574312819265386,125.0
53295,COPPER,luxury,1,0.956458282656288,123.0
61715,COPPER,luxury,1,0.9559717830211628,121.0
55678,COPPER,luxury,1,0.9545122841157868,118.0
55014,COPPER,luxury,1,0.9528095353928484,115.0
78934,COPPER,luxury,1,0.9508635368523474,111.0
59367,COPPER,luxury,1,0.9508635368523474,111.0
52988,COPPER,luxury,1,0.9508635368523474,111.0
81974,COPPER,luxury,1,0.9498905375820968,110.0
51616,COPPER,luxury,1,0.9498905375820968,110.0
54975,COPPER,luxury,1,0.9469715397713452,107.0
54017,COPPER,luxury,1,0.94648504013622,106.0
63730,COPPER,luxury,1,0.945755290683532,105.0
81309,COPPER,luxury,1,0.945755290683532,105.0
80963,COPPER,luxury,1,0.945755290683532,105.0
49603,COPPER,luxury,1,0.9425930430552176,101.0
51993,COPPER,luxury,1,0.9416200437849672,100.0
81982,COPPER,luxury,1,0.9408902943322792,98.0
53664,COPPER,luxury,1,0.940403794697154,97.0
49271,COPPER,luxury,1,0.940403794697154,97.0
73892,COPPER,luxury,1,0.9394307954269034,96.0
51998,COPPER,luxury,1,0.9391875456093408,95.0
51947,COPPER,luxury,1,0.9365117976161518,90.0
53686,COPPER,luxury,1,0.9340792994405254,86.0
75764,COPPER,luxury,1,0.9340792994405254,86.0
84480,COPPER,luxury,1,0.9326198005351496,85.0
52680,COPPER,luxury,1,0.9326198005351496,85.0
61370,COPPER,luxury,1,0.9326198005351496,85.0
49597,COPPER,luxury,1,0.9301873023595232,84.0
81627,COPPER,luxury,1,0.92897105327171,83.0
43235,COPPER,luxury,1,0.92897105327171,83.0
77796,COPPER,luxury,1,0.9279980540014596,82.0
65737,COPPER,luxury,1,0.9265385550960836,81.0
50943,COPPER,luxury,1,0.9245925565555826,79.0
79799,COPPER,luxury,1,0.9219168085623936,76.0
59039,COPPER,luxury,1,0.91972756020433,74.0
53001,COPPER,luxury,1,0.91972756020433,74.0
81288,COPPER,luxury,1,0.9185113111165166,73.0
60371,COPPER,luxury,1,0.917538311846266,72.0
76459,COPPER,luxury,1,0.917538311846266,72.0
78507,COPPER,luxury,1,0.917538311846266,72.0
81281,COPPER,luxury,1,0.9160788129408904,71.0
79449,COPPER,luxury,1,0.9151058136706396,70.0
79131,COPPER,luxury,1,0.9146193140355144,69.0
58350,COPPER,luxury,1,0.9146193140355144,69.0
75576,COPPER,luxury,1,0.910240817319387,66.0
62373,COPPER,luxury,1,0.9085380685964486,65.0
54300,COPPER,luxury,1,0.9085380685964486,65.0
57685,COPPER,luxury,1,0.9031865726100704,60.0
50987,COPPER,luxury,1,0.9000243249817562,58.0
60692,COPPER,luxury,1,0.9000243249817562,58.0
74902,COPPER,luxury,1,0.8985648260763804,57.0
69755,COPPER,luxury,1,0.896132327900754,56.0
80620,COPPER,luxury,1,0.896132327900754,56.0
60041,COPPER,luxury,1,0.896132327900754,56.0
83477,COPPER,luxury,1,0.8949160788129409,55.0
49982,COPPER,luxury,1,0.8936998297251277,54.0
63062,COPPER,luxury,1,0.8900510824616882,51.0
57713,COPPER,luxury,1,0.8900510824616882,51.0
52276,COPPER,luxury,1,0.8900510824616882,51.0
78464,COPPER,luxury,1,0.8868888348333739,49.0
72062,COPPER,luxury,1,0.8805643395767453,45.0
52997,COPPER,luxury,1,0.8805643395767453,45.0
46256,COPPER,luxury,1,0.8805643395767453,45.0
58044,COPPER,luxury,1,0.8805643395767453,45.0
53656,COPPER,luxury,1,0.8805643395767453,45.0
50663,COPPER,luxury,1,0.8805643395767453,45.0
75909,COPPER,luxury,1,0.8805643395767453,45.0
73084,COPPER,luxury,1,0.8759425930430552,44.0
78928,COPPER,luxury,1,0.8759425930430552,44.0
53616,COPPER,luxury,1,0.8759425930430552,44.0
54364,COPPER,luxury,1,0.8759425930430552,44.0
72108,COPPER,luxury,1,0.8759425930430552,44.0
44918,COPPER,luxury,1,0.8759425930430552,44.0
87158,COPPER,luxury,1,0.8735100948674288,43.0
53967,COPPER,luxury,1,0.8735100948674288,43.0
62394,COPPER,luxury,1,0.8713208465093651,42.0
76920,COPPER,luxury,1,0.8713208465093651,42.0
79602,COPPER,luxury,1,0.8713208465093651,42.0
82966,COPPER,luxury,1,0.8681585988810508,41.0
52007,COPPER,luxury,1,0.8664558501581123,40.0
72422,COPPER,luxury,1,0.8645098516176113,39.0
58026,COPPER,luxury,1,0.8645098516176113,39.0
77586,COPPER,luxury,1,0.8645098516176113,39.0
149604,COPPER,luxury,1,0.8608611043541717,38.0
71058,COPPER,luxury,1,0.8608611043541717,38.0
69152,COPPER,luxury,1,0.8608611043541717,38.0
175554,COPPER,luxury,1,0.8608611043541717,38.0
70087,COPPER,luxury,1,0.8581853563609827,37.0
70794,COPPER,luxury,1,0.8581853563609827,37.0
84320,COPPER,luxury,1,0.8550231087326684,36.0
83001,COPPER,luxury,1,0.8550231087326684,36.0
88162,COPPER,luxury,1,0.8550231087326684,36.0
59361,COPPER,luxury,1,0.8550231087326684,36.0
46924,COPPER,luxury,1,0.8550231087326684,36.0
54347,COPPER,luxury,1,0.8550231087326684,36.0
55337,COPPER,luxury,1,0.850644612016541,35.0
58375,COPPER,luxury,1,0.850644612016541,35.0
81138,COPPER,luxury,1,0.850644612016541,35.0
83663,COPPER,luxury,1,0.8482121138409147,34.0
54695,COPPER,luxury,1,0.8482121138409147,34.0
75160,COPPER,luxury,1,0.8445633665774751,33.0
73736,COPPER,luxury,1,0.8445633665774751,33.0
59680,COPPER,luxury,1,0.8445633665774751,33.0
218545,COPPER,luxury,1,0.8445633665774751,33.0
49315,COPPER,luxury,1,0.8414011189491608,32.0
203151,CORAL,luxury,1,1.0,2141.440166183517
236038,CORAL,luxury,1,0.9994246260069044,1067.7372435188097
238066,CORAL,luxury,1,0.9982738780207134,684.1187293188591
236370,CORAL,luxury,1,0.9974108170310702,612.8902134343823
239410,CORAL,luxury,1,0.9971231300345224,586.5857532637959
236042,CORAL,luxury,1,0.996547756041427,540.2510997502586
238737,CORAL,luxury,1,0.995397008055236,490.4983011988653
237057,CORAL,luxury,1,0.9948216340621404,470.5641481875954
240082,CORAL,luxury,1,0.9945339470655926,466.7645330995141
159983,CORAL,luxury,1,0.9942462600690448,460.0688205450826
237054,CORAL,luxury,1,0.9936708860759492,423.6640361413644
219245,CORAL,luxury,1,0.9930955120828538,408.6061477006695
220279,CORAL,luxury,1,0.9925201380897584,403.6681827764895
222286,CORAL,luxury,1,0.9919447640966628,399.58789021157486
222245,CORAL,luxury,1,0.9916570771001152,395.3364953667695
217226,CORAL,luxury,1,0.9902186421173764,352.8437548446305
12165,CORAL,luxury,1,0.9890678941311852,347.78889558580613
236040,CORAL,luxury,1,0.9887802071346375,346.0501252646397
237049,CORAL,luxury,1,0.9884925201380896,345.8618564493575
8476,CORAL,luxury,1,0.988204833141542,345.12792618920173
184053,CORAL,luxury,1,0.9879171461449944,345.0797953312002
238043,CORAL,luxury,1,0.9876294591484464,343.5714683632639
219889,CORAL,luxury,1,0.987054085155351,332.86314256083443
237038,CORAL,luxury,1,0.9867663981588032,330.1300783760454
161694,CORAL,luxury,1,0.9856156501726122,325.25042964133416
154532,CORAL,luxury,1,0.9853279631760644,319.9938171772152
72129,CORAL,luxury,1,0.9847525891829688,312.5676844615224
160660,CORAL,luxury,1,0.9844649021864212,311.8597432193504
70478,CORAL,luxury,1,0.9841772151898734,311.11771437915894
211544,CORAL,luxury,1,0.9838895281933256,310.76842468681525
172375,CORAL,luxury,1,0.983601841196778,309.2231877974105
11157,CORAL,luxury,1,0.9833141542002302,308.5529837472122
260465,CORAL,luxury,1,0.9815880322209436,297.75744137634285
156218,CORAL,luxury,1,0.981300345224396,289.6544087857575
219940,CORAL,luxury,1,0.9807249712313004,288.9587417039163
240376,CORAL,luxury,1,0.9804372842347526,286.7196314438835
239081,CORAL,luxury,1,0.9801495972382048,283.963829209971
218576,CORAL,luxury,1,0.979861910241657,281.5702317303925
74820,CORAL,luxury,1,0.9795742232451092,278.9140522047574
249122,CORAL,luxury,1,0.9781357882623706,272.7396152960626
15183,CORAL,luxury,1,0.9778481012658228,265.2538680232822
218894,CORAL,luxury,1,0.977560414269275,259.0310307915215
228986,CORAL,luxury,1,0.9772727272727272,256.17651810280154
237051,CORAL,luxury,1,0.9769850402761796,256.11126751986285
66789,CORAL,luxury,1,0.9766973532796318,255.41767092858336
243741,CORAL,luxury,1,0.9752589182968928,243.3254532373386
171702,CORAL,luxury,1,0.9749712313003452,241.39396894193533
208201,CORAL,luxury,1,0.9746835443037974,239.96781271323653
218934,CORAL,luxury,1,0.9743958573072498,237.9278958487745
218581,CORAL,luxury,1,0.974108170310702,236.047303080932
66774,CORAL,luxury,1,0.9738204833141542,233.80284896691592
217563,CORAL,luxury,1,0.9732451093210588,229.9824794491997
221573,CORAL,luxury,1,0.9720943613348676,225.2735163113586
221297,CORAL,luxury,1,0.97180667433832,224.86638366566424
166260,CORAL,luxury,1,0.971518987341772,224.4128771272685
71485,CORAL,luxury,1,0.9703682393555813,221.85623392784092
236365,CORAL,luxury,1,0.9686421173762946,214.00859506089185
236367,CORAL,luxury,1,0.9683544303797468,211.83426758933595
235363,CORAL,luxury,1,0.9680667433831992,211.1246552410686
221582,CORAL,luxury,1,0.9663406214039124,203.0482346682145
218891,CORAL,luxury,1,0.9654775604142692,198.960840427555
34730,CORAL,luxury,1,0.9651898734177216,197.54151552383624
5242,CORAL,luxury,1,0.9649021864211738,196.1315145119666
229958,CORAL,luxury,1,0.964614499424626,194.65069093816857
160310,CORAL,luxury,1,0.9637514384349828,189.15898015471765
184432,CORAL,luxury,1,0.963463751438435,187.90600131908107
259501,CORAL,luxury,1,0.9631760644418872,187.7325894158706
161307,CORAL,luxury,1,0.9628883774453396,187.1182843301567
73813,CORAL,luxury,1,0.962313003452244,184.6256803950799
221231,CORAL,luxury,1,0.9620253164556962,181.9752421309608
227966,CORAL,luxury,1,0.9614499424626008,181.62880122882305
158565,CORAL,luxury,1,0.9608745684695053,178.02740590039846
259821,CORAL,luxury,1,0.960011507479862,176.9502492348136
159921,CORAL,luxury,1,0.9597238204833142,176.3737612892086
86180,CORAL,luxury,1,0.9591484464902188,174.38942830910108
221609,CORAL,luxury,1,0.9588607594936708,173.5469425954965
238355,CORAL,luxury,1,0.9585730724971232,173.3229526717045
102722,CORAL,luxury,1,0.9577100115074798,171.3205366638307
249462,CORAL,luxury,1,0.9571346375143844,168.755579476633
165018,CORAL,luxury,1,0.9568469505178366,168.75222379117406
202475,CORAL,luxury,1,0.9565592635212888,168.2214105679861
159978,CORAL,luxury,1,0.956271576524741,168.0229644559738
84877,CORAL,luxury,1,0.9559838895281934,167.53852467227324
222277,CORAL,luxury,1,0.955408515535098,166.84432993890533
239362,CORAL,luxury,1,0.9548331415420024,165.93186992634264
72837,CORAL,luxury,1,0.9542577675489068,165.66771413937963
160663,CORAL,luxury,1,0.953970080552359,165.56147872729565
156890,CORAL,luxury,1,0.952819332566168,164.99098602960373
216259,CORAL,luxury,1,0.9525316455696202,164.81644957155942
9147,CORAL,luxury,1,0.9519562715765248,164.11623947541557
223586,CORAL,luxury,1,0.9508055235903338,163.44229942428336
183763,CORAL,luxury,1,0.950517836593786,163.37077168295974
240341,CORAL,luxury,1,0.9502301495972382,162.25329583368233
215217,CORAL,luxury,1,0.9496547756041428,161.48623699096552
219913,CORAL,luxury,1,0.9485040276179516,160.47079636624386
242378,CORAL,luxury,1,0.947928653624856,159.79358180609515
238068,CORAL,luxury,1,0.9476409666283084,158.5267128497419
210284,CORAL,luxury,1,0.9467779056386652,157.32651390810963
166693,CORAL,luxury,1,0.9464902186421174,157.09054916693577
155201,CORAL,luxury,1,0.945914844649022,155.11882712828174
165693,CORAL,luxury,1,0.9450517836593786,154.05072949351785
160249,CORAL,luxury,1,0.9447640966628308,153.74924870062532
247416,CORAL,luxury,1,0.9444764096662832,153.44043329272293
202812,CORAL,luxury,1,0.9436133486766398,151.23892371836948
242065,CORAL,luxury,1,0.943325661680092,150.71010691749214
184738,CORAL,luxury,1,0.9424626006904488,149.8254065372769
245106,CORAL,luxury,1,0.9418872266973533,148.97180721665754
168363,CORAL,luxury,1,0.9415995397008056,148.86736573892867
160658,CORAL,luxury,1,0.9413118527042578,148.0865182025218
259119,CORAL,luxury,1,0.94102416570771,148.01673378214394
243022,CORAL,luxury,1,0.9407364787111624,147.3895441434526
231990,CORAL,luxury,1,0.9404487917146144,145.98161366375572
156216,CORAL,luxury,1,0.9401611047180668,144.51607356885145
176427,CORAL,luxury,1,0.9395857307249712,144.0288686048137
218227,CORAL,luxury,1,0.9390103567318756,143.79154788722593
201153,CORAL,luxury,1,0.938722669735328,143.22222219158294
245436,CORAL,luxury,1,0.9378596087456847,142.22735055483557
81206,CORAL,luxury,1,0.937571921749137,142.21279223513636
260504,CORAL,luxury,1,0.9361334867663982,140.34899204082066
25336,CORAL,luxury,1,0.9355581127733028,139.32249434169626
174409,CORAL,luxury,1,0.9344073647871116,138.4287410957167
223249,CORAL,luxury,1,0.933831990794016,137.97252560582183
184742,CORAL,luxury,1,0.9335443037974684,137.95661957511393
238330,CORAL,luxury,1,0.9323935558112774,136.49501676530335
160924,CORAL,luxury,1,0.9321058688147296,135.01657534891214
215879,CORAL,luxury,1,0.9306674338319908,133.39091310410325
218939,CORAL,luxury,1,0.930379746835443,133.16064948404326
243735,CORAL,luxury,1,0.929228998849252,130.66712826107118
214876,CORAL,luxury,1,0.9283659378596087,130.3349349528467
218258,CORAL,luxury,1,0.9272151898734176,129.8556972232629
155873,CORAL,luxury,1,0.92692750287687,129.61629505329648
217930,CORAL,luxury,1,0.9266398158803222,129.6060829356511
220953,CORAL,luxury,1,0.9260644418872268,129.47375086169694
70493,CORAL,luxury,1,0.9252013808975834,128.79116311049486
250134,CORAL,luxury,1,0.92433831990794,127.69470000541293
7801,CORAL,luxury,1,0.9234752589182968,127.08320462125118
182016,COTTON,luxury,1,1.0,122412.22213054229
185034,COTTON,luxury,1,0.9996534516218464,104095.53652432669
182667,COTTON,luxury,1,0.9995841419462156,101621.71426031494
180657,COTTON,luxury,1,0.999514832270585,99261.97310063647
61388,COTTON,luxury,1,0.9993762129193235,95877.93323669376
184650,COTTON,luxury,1,0.999237593568062,92635.04245899842
181344,COTTON,luxury,1,0.9988910451899086,85542.1945160253
185371,COTTON,luxury,1,0.9984751871361242,79824.24283390942
187382,COTTON,luxury,1,0.9979207097310784,73803.78977402931
188393,COTTON,luxury,1,0.9978514000554476,73080.40812768938
181662,COTTON,luxury,1,0.997782090379817,72628.80382767886
132798,COTTON,luxury,1,0.9976434710285556,71692.47973677116
183673,COTTON,luxury,1,0.9975048516772942,71553.23393792583
187057,COTTON,luxury,1,0.997296922650402,70466.0523834243
187045,COTTON,luxury,1,0.9970196839478792,68949.07077740233
171928,COTTON,luxury,1,0.9967424452453564,66850.45664696686
183647,COTTON,luxury,1,0.9961186581646798,63963.25903295106
183355,COTTON,luxury,1,0.9958414194621568,63135.58785282843
188055,COTTON,luxury,1,0.9956334904352648,61495.45781761005
181304,COTTON,luxury,1,0.9954948710840034,60959.71715122219
184028,COTTON,luxury,1,0.9954255614083726,60508.98021998776
184642,COTTON,luxury,1,0.994593845300804,56559.23709951341
169909,COTTON,luxury,1,0.9944552259495426,55930.81654597863
62407,COTTON,luxury,1,0.9940393678957582,54747.02078258966
185031,COTTON,luxury,1,0.9939700582201276,54702.58466850948
186039,COTTON,luxury,1,0.993831438868866,53279.59994212082
186659,COTTON,luxury,1,0.9937621291932354,53241.64738001311
179321,COTTON,luxury,1,0.9934155808150816,52390.56436648838
177617,COTTON,luxury,1,0.9930690324369282,51339.56067082947
184037,COTTON,luxury,1,0.9929997227612974,51301.741340843655
174271,COTTON,luxury,1,0.9925145550318824,49753.869089210966
187725,COTTON,luxury,1,0.992375935680621,49053.90321505397
187387,COTTON,luxury,1,0.9923066260049904,48867.63701536748
179326,COTTON,luxury,1,0.9920293873024674,47975.66275218889
61056,COTTON,luxury,1,0.9918214582755752,47471.17815107003
183303,COTTON,luxury,1,0.9912669808705296,46775.967859641416
63395,COTTON,luxury,1,0.9900887163848072,43753.54736084714
187377,COTTON,luxury,1,0.9898807873579152,43430.96641747746
189400,COTTON,luxury,1,0.9893263099528694,42394.70791742857
188039,COTTON,luxury,1,0.9891183809259771,41957.79813872512
70426,COTTON,luxury,1,0.9887718325478236,41273.604952405374
184375,COTTON,luxury,1,0.9882866648184088,40694.6500061823
182643,COTTON,luxury,1,0.9880787357915164,40123.67631107817
182681,COTTON,luxury,1,0.9878708067646244,40032.567676634186
186377,COTTON,luxury,1,0.9878014970889936,39947.34964175173
174603,COTTON,luxury,1,0.9877321874133628,39650.27034053664
188388,COTTON,luxury,1,0.9876628777377322,39578.54247629448
168903,COTTON,luxury,1,0.9873163293595786,38740.61305016829
175614,COTTON,luxury,1,0.9853063487662878,34870.98808458114
181012,COTTON,luxury,1,0.9850984197393956,34472.59872158211
183975,COTTON,luxury,1,0.984751871361242,34103.22043950662
188062,COTTON,luxury,1,0.9846825616856112,34098.00341441748
182300,COTTON,luxury,1,0.9844746326587192,33965.31789969123
73117,COTTON,luxury,1,0.984266703631827,33708.67230804126
186719,COTTON,luxury,1,0.9840587746049348,33631.28263629677
186714,COTTON,luxury,1,0.9836429165511504,32713.88288813813
127772,COTTON,luxury,1,0.9834349875242584,31923.555439612195
61728,COTTON,luxury,1,0.9833656778486276,31826.42062842028
182330,COTTON,luxury,1,0.9832963681729968,31768.178072368064
185983,COTTON,luxury,1,0.983019129470474,31461.192305390305
207775,COTTON,luxury,1,0.982533961741059,31055.04521771013
175941,COTTON,luxury,1,0.9822567230385362,30004.453520839397
131460,COTTON,luxury,1,0.9812170779040754,28279.247019805567
170924,COTTON,luxury,1,0.9805239811477682,27588.090104258437
69426,COTTON,luxury,1,0.9803853617965068,27527.184639843923
132465,COTTON,luxury,1,0.980108123093984,27251.11916043716
61721,COTTON,luxury,1,0.9794150263376769,26413.11820237503
184005,COTTON,luxury,1,0.979345716662046,26410.544074649966
97350,COTTON,luxury,1,0.9789298586082618,25981.1492108406
181656,COTTON,luxury,1,0.9786526199057388,25596.48035182212
172595,COTTON,luxury,1,0.978583310230108,25570.005966542987
72449,COTTON,luxury,1,0.978375381203216,25435.99861084284
181976,COTTON,luxury,1,0.9781674521763238,25254.728618435063
70093,COTTON,luxury,1,0.9779595231494316,25149.01497143934
185717,COTTON,luxury,1,0.9774743554200166,24792.760691836495
88341,COTTON,luxury,1,0.9772664263931244,24495.353676920637
178654,COTTON,luxury,1,0.976642639312448,24016.58634536047
176618,COTTON,luxury,1,0.976157471583033,23444.073390854457
179650,COTTON,luxury,1,0.9760881619074022,23439.925889821126
188049,COTTON,luxury,1,0.97588023288051,23301.466604922956
179654,COTTON,luxury,1,0.9751871361242028,22774.36021438733
188382,COTTON,luxury,1,0.9750485167729416,22702.29150897317
78802,COTTON,luxury,1,0.9749792070973108,22643.177498919715
141173,COTTON,luxury,1,0.9747712780704186,22558.23160617648
187994,COTTON,luxury,1,0.974701968394788,22525.21612429113
63744,COTTON,luxury,1,0.9744940393678958,22306.573452874374
56039,COTTON,luxury,1,0.974424729692265,22290.351797224976
184703,COTTON,luxury,1,0.9742168006653728,22138.38638270554
155949,COTTON,luxury,1,0.9740088716384808,22059.21530262824
183343,COTTON,luxury,1,0.9738702522872194,21788.14783911537
126765,COTTON,luxury,1,0.9735237039090656,21582.49611283924
173263,COTTON,luxury,1,0.9725533684502355,20715.799445712677
141845,COTTON,luxury,1,0.9706126975325756,19379.621894757835
145791,COTTON,luxury,1,0.9704047685056834,19118.842390780865
185654,COTTON,luxury,1,0.9701968394787912,18997.92341829047
74122,COTTON,luxury,1,0.9693651233712226,18566.7338966989
62060,COTTON,luxury,1,0.9692265040199612,18444.10101143808
145794,COTTON,luxury,1,0.9688106459661768,18174.1329137179
60384,COTTON,luxury,1,0.9683254782367618,17932.7672080384
74790,COTTON,luxury,1,0.9681868588855004,17813.66231665063
183299,COTTON,luxury,1,0.9670085943997782,17086.00528198557
208797,COTTON,luxury,1,0.9666620460216246,16860.549126666854
234407,COTTON,luxury,1,0.9661075686165788,16533.645340706964
132138,COTTON,luxury,1,0.9654144718602716,16110.833686277672
62075,COTTON,luxury,1,0.965067923482118,16037.927625371209
87340,COTTON,luxury,1,0.964859994455226,15813.108627760845
184347,COTTON,luxury,1,0.9646520654283338,15681.669260510816
62389,COTTON,luxury,1,0.9644441364014416,15617.618452705035
85997,COTTON,luxury,1,0.9640282783476574,15375.445619679576
157525,COTTON,luxury,1,0.9636817299695036,15181.278898859026
126770,COTTON,luxury,1,0.9635431106182424,15052.626059732502
209119,COTTON,luxury,1,0.9634738009426116,14898.01666290005
154900,COTTON,luxury,1,0.9617410590518436,14078.47883806865
182343,COTTON,luxury,1,0.961186581646798,13899.37643136978
183698,COTTON,luxury,1,0.96042417521486,13688.049522898902
180654,COTTON,luxury,1,0.9602855558635984,13663.62867974733
90991,COTTON,luxury,1,0.9599390074854448,13573.796832723545
186032,COTTON,luxury,1,0.9598696978098142,13570.88382894906
97346,COTTON,luxury,1,0.9598003881341836,13492.520092981791
68422,COTTON,luxury,1,0.959661768782922,13466.234646487295
186382,COTTON,luxury,1,0.9592459107291378,13293.747197613093
89637,COTTON,luxury,1,0.958968672026615,13283.894521644088
70439,COTTON,luxury,1,0.958691433324092,13171.873150887208
71443,COTTON,luxury,1,0.9583448849459384,13021.909718508785
54355,COTTON,luxury,1,0.9581369559190464,12979.085588648348
187066,COTTON,luxury,1,0.9580676462434156,12972.415193308369
87291,COTTON,luxury,1,0.9577904075408928,12902.421950841732
69094,COTTON,luxury,1,0.9576517881896311,12889.240354762347
88312,COTTON,luxury,1,0.9575824785140006,12863.454766966404
208443,COTTON,luxury,1,0.9573745494871084,12782.364858621511
162209,COTTON,luxury,1,0.9571666204602164,12737.628237630506
183360,COTTON,luxury,1,0.956958691433324,12493.809950915957
188743,COTTON,luxury,1,0.9566121430551704,12247.628287025804
128440,COTTON,luxury,1,0.9565428333795398,12210.37753281248
75793,COTTON,luxury,1,0.956473523703909,12189.55478532867
128782,COTTON,luxury,1,0.9564042140282784,12175.365631548677
125763,COTTON,luxury,1,0.9562655946770168,12157.003173848816
88980,COTTON,luxury,1,0.9556418075963404,12039.58473325668
174934,COTTON,luxury,1,0.9554338785694484,11978.274654531022
199442,COTTON,luxury,1,0.955018020515664,11758.351969874886
70434,COTTON,luxury,1,0.9549487108400332,11733.191617271525
151843,COTTON,luxury,1,0.9544635431106182,11587.026692825944
185709,COTTON,luxury,1,0.954255614083726,11567.22473641836
155906,COTTON,luxury,1,0.9541863044080954,11546.71233335608
185723,COTTON,luxury,1,0.9531466592736346,11307.27968616674
184023,COTTON,luxury,1,0.9530080399223732,11290.352209696432
156184,COTTON,luxury,1,0.9529387302467424,11280.349879027664
57714,COTTON,luxury,1,0.9526614915442196,11171.69827243087
188077,COTTON,luxury,1,0.9523842528416968,11126.972412082256
62728,COTTON,luxury,1,0.9521763238148044,11074.002207205924
87640,COTTON,luxury,1,0.9516218464097588,10957.399184536014
91330,COTTON,luxury,1,0.9514139173828666,10939.98860442979
156908,COTTON,luxury,1,0.9512752980316052,10906.6428473884
68091,COTTON,luxury,1,0.9498891045189908,10579.790217409118
87337,COTTON,luxury,1,0.94981979484336,10566.833108914032
93001,COTTON,luxury,1,0.9495425561408372,10432.900538122349
189061,COTTON,luxury,1,0.9491960077626836,10336.06727955268
191012,COTTON,luxury,1,0.94884945938453,10209.985399162257
71435,COTTON,luxury,1,0.948641530357638,10182.2546528246
58056,COTTON,luxury,1,0.9482256723038536,10040.795362985942
209784,COTTON,luxury,1,0.9480870529525922,10037.042167914798
126444,COTTON,luxury,1,0.947393956196285,9930.639319378117
127116,COTTON,luxury,1,0.9465622400887164,9748.712610205714
182675,COTTON,luxury,1,0.9464236207374548,9717.400146484377
92655,COTTON,luxury,1,0.94593845300804,9645.60295741427
146796,COTTON,luxury,1,0.9457305239811478,9631.784380317518
90309,COTTON,luxury,1,0.944690878846687,9411.883818511997
169918,COTTON,luxury,1,0.9444829498197947,9363.948682599244
208125,COTTON,luxury,1,0.9444136401441642,9327.54105157306
51676,COTTON,luxury,1,0.9442750207929028,9316.791972409554
127768,COTTON,luxury,1,0.9437205433878568,9210.568756716772
128773,COTTON,luxury,1,0.9433046853340726,9063.405113062518
190727,COTTON,luxury,1,0.9427502079290268,8871.589854333466
187060,COTTON,luxury,1,0.9426115885777656,8865.007284031028
155296,COTTON,luxury,1,0.9425422789021348,8858.848379299074
72442,COTTON,luxury,1,0.9419878014970888,8764.969675935574
209130,COTTON,luxury,1,0.9417798724701968,8733.905602513796
179998,COTTON,luxury,1,0.9410867757138895,8600.68164347136
162881,COTTON,luxury,1,0.941017466038259,8598.351076034636
158240,COTTON,luxury,1,0.9406016079844748,8576.979477845758
91313,COTTON,luxury,1,0.9400471305794288,8440.812415043489
64063,COTTON,luxury,1,0.9398392015525368,8408.838269877047
65399,COTTON,luxury,1,0.939769891876906,8403.416753323794
181676,COTTON,luxury,1,0.9397005822012752,8387.261333276543
62721,COTTON,luxury,1,0.9394926531743832,8360.870027526245
89652,COTTON,luxury,1,0.9372054338785696,8022.079449416405
76461,COTTON,luxury,1,0.9371361242029388,8014.060731189004
210134,COTTON,luxury,1,0.937066814527308,8009.254229829389
157187,COTTON,luxury,1,0.9369975048516772,7992.351406777963
128121,COTTON,luxury,1,0.9367895758247852,7933.968900351253
91997,COTTON,luxury,1,0.936581646797893,7899.226309074556
211475,COTTON,luxury,1,0.9359578597172166,7842.069377689996
186989,COTTON,luxury,1,0.9358885500415858,7827.9236782360385
88297,COTTON,luxury,1,0.9358192403659552,7822.383204793106
88338,COTTON,luxury,1,0.93533407263654,7744.653214432745
154845,COTTON,luxury,1,0.9345716662046022,7685.678113773796
136154,COTTON,luxury,1,0.9345023565289714,7659.313244363707
79470,COTTON,luxury,1,0.9339478791239256,7538.726826679073
87631,COTTON,luxury,1,0.933878569448295,7537.102290282619
87308,COTTON,luxury,1,0.933601330745772,7497.478014086941
86968,COTTON,luxury,1,0.9334627113945106,7492.274301849624
56036,COTTON,luxury,1,0.932630995286942,7363.853043882555
185714,COTTON,luxury,1,0.9325616856113114,7362.408343606567
234410,COTTON,luxury,1,0.9324923759356806,7362.370105106458
179980,COTTON,luxury,1,0.93242306626005,7335.757839088482
131127,COTTON,luxury,1,0.9323537565844192,7333.364241047698
93323,COTTON,luxury,1,0.931868588855004,7269.582872623943
235075,COTTON,luxury,1,0.9313834211255893,7225.707736731497
181684,COTTON,luxury,1,0.930690324369282,7134.678194096503
181329,COTTON,luxury,1,0.9298586082617132,7048.27855557892
154945,COTTON,luxury,1,0.929442750207929,7005.816433902761
131799,COTTON,luxury,1,0.9290268921541448,6968.171710036056
60716,COTTON,luxury,1,0.9286803437759912,6936.964849356802
147801,COTTON,luxury,1,0.9286110341003604,6928.297545747677
133470,COTTON,luxury,1,0.9281258663709454,6865.521620016691
155976,COTTON,luxury,1,0.9279179373440531,6853.396990170308
92992,COTTON,luxury,1,0.9274327696146382,6796.447037222761
125086,COTTON,luxury,1,0.9272941502633768,6784.365947430716
130118,COTTON,luxury,1,0.926739672858331,6692.472017629431
237081,COTTON,luxury,1,0.9266703631827004,6668.527120657396
89311,COTTON,luxury,1,0.9259079567507624,6575.57167860393
161537,COTTON,luxury,1,0.9257000277238704,6570.429451525797
190061,COTTON,luxury,1,0.9249376212919324,6513.219246482739
92338,COTTON,luxury,1,0.9244524535625174,6456.355492472442
155969,COTTON,luxury,1,0.9241752148599944,6432.513389075817
192070,COTTON,luxury,1,0.9241059051843638,6430.16819696883
193362,COTTON,luxury,1,0.9238286664818408,6394.496421612337
167570,COTTON,luxury,1,0.9233434987524258,6373.800048828125
183683,COTTON,luxury,1,0.9231355697255336,6358.181492600825
187667,COTTON,luxury,1,0.9229276406986416,6335.9391587514965
126773,COTTON,luxury,1,0.9222345439423344,6236.870184953737
180338,COTTON,luxury,1,0.9220266149154422,6224.111811623162
126107,COTTON,luxury,1,0.9217493762129192,6190.287723109393
155182,COTTON,luxury,1,0.9216800665372886,6188.925814477621
156316,COTTON,luxury,1,0.921610756861658,6174.650404866003
133372,CRAB,luxury,1,1.0,9.626866430871788
76183,CRAB,luxury,1,0.9999461235924788,9.521477808112923
132704,CRAB,luxury,1,0.9998922471849576,9.4906149476968
92849,CRAB,luxury,1,0.9998383707774364,9.437208229020824
48986,CRAB,luxury,1,0.9997306179623944,9.224174157264734
54654,CRAB,luxury,1,0.999622865147352,8.884426207057217
48646,CRAB,luxury,1,0.9995689887398308,8.845143672407223
63076,CRAB,luxury,1,0.9994073595172672,8.738867528441935
92183,CRAB,luxury,1,0.9993534831097464,8.723206803135309
53314,CRAB,luxury,1,0.9992996067022252,8.708547942784202
49662,CRAB,luxury,1,0.9991918538871828,8.681365483688017
128014,CRAB,luxury,1,0.9987069662194924,8.319477287208588
93187,CRAB,luxury,1,0.9985992134044502,8.26223378999333
88498,CRAB,luxury,1,0.9981143257367598,7.975633826888737
128011,CRAB,luxury,1,0.9979526965141964,7.968325641208214
62410,CRAB,luxury,1,0.9978988201066752,7.944924954698543
130696,CRAB,luxury,1,0.997467808846506,7.710562498846277
127347,CRAB,luxury,1,0.9970367975863368,7.409283115434135
128687,CRAB,luxury,1,0.9969290447712946,7.381307441892158
69771,CRAB,luxury,1,0.99671353914121,7.300362866331084
236037,CRAB,luxury,1,0.9966057863261678,7.298050829422022
81860,CRAB,luxury,1,0.9964441571036045,7.290842704559885
250140,CRAB,luxury,1,0.9962825278810408,7.277235078057704
63485,CRAB,luxury,1,0.9961208986584774,7.268591583304834
236977,CRAB,luxury,1,0.995959269435914,7.255888759359552
134040,CRAB,luxury,1,0.9956898873983084,7.212391311982175
82532,CRAB,luxury,1,0.995582134583266,7.178010867012492
64080,CRAB,luxury,1,0.9953666289531814,7.137329984155772
129359,CRAB,luxury,1,0.9953127525456602,7.128040275559659
131699,CRAB,luxury,1,0.995204999730618,7.124153260982269
48989,CRAB,luxury,1,0.9951511233230969,7.117340525424234
135379,CRAB,luxury,1,0.9949356176930122,7.078665214022916
212500,CRAB,luxury,1,0.9948817412854912,7.074659740819557
216180,CRAB,luxury,1,0.99482786487797,7.066362574419782
89387,CRAB,luxury,1,0.9947201120629277,7.040896639486521
50335,CRAB,luxury,1,0.9946662356554063,7.017326940147912
161687,CRAB,luxury,1,0.9945584828403642,7.008026550600037
74793,CRAB,luxury,1,0.9943968536178008,7.004630663139831
85154,CRAB,luxury,1,0.9941813479877162,6.975504340186304
81141,CRAB,luxury,1,0.994127471580195,6.963545579480735
250048,CRAB,luxury,1,0.994073595172674,6.954750600453957
127335,CRAB,luxury,1,0.9940197187651528,6.951281320065082
75796,CRAB,luxury,1,0.9939658423576316,6.944549482234598
128354,CRAB,luxury,1,0.9939119659501104,6.938109105047071
91843,CRAB,luxury,1,0.993373201874899,6.877169318581176
227056,CRAB,luxury,1,0.9932654490598568,6.868575999360242
6568,CRAB,luxury,1,0.9931576962448144,6.859027786635781
131361,CRAB,luxury,1,0.9930499434297722,6.85275312710267
12837,CRAB,luxury,1,0.9929421906147298,6.850157535023016
87159,CRAB,luxury,1,0.9928883142072088,6.841462032020773
79805,CRAB,luxury,1,0.9927266849846452,6.818838582929158
53310,CRAB,luxury,1,0.992618932169603,6.796564111475273
77467,CRAB,luxury,1,0.9925650557620818,6.796071966339085
72186,CRAB,luxury,1,0.9925111793545608,6.779138397888576
83535,CRAB,luxury,1,0.9924034265395184,6.77476856738626
64151,CRAB,luxury,1,0.992295673724476,6.770411086693682
125021,CRAB,luxury,1,0.9921879209094338,6.766068122459147
217830,CRAB,luxury,1,0.9921340445019126,6.763033841286583
105379,CRAB,luxury,1,0.991918538871828,6.745723874695212
127339,CRAB,luxury,1,0.9918646624643068,6.739991099081008
235620,CRAB,luxury,1,0.9918107860567856,6.734852929566036
91515,CRAB,luxury,1,0.9917030332417436,6.728150814882364
86829,CRAB,luxury,1,0.9914336512041376,6.706543129855823
73468,CRAB,luxury,1,0.991164269166532,6.69047940861266
11206,CRAB,luxury,1,0.9910565163514896,6.686386257911482
6125,CRAB,luxury,1,0.9910026399439684,6.684173613218108
15592,CRAB,luxury,1,0.990787134313884,6.660410460462692
72457,CRAB,luxury,1,0.9904638758687572,6.647474379034879
164676,CRAB,luxury,1,0.990409999461236,6.64592336298157
11890,CRAB,luxury,1,0.9901944938311512,6.63616721168167
128343,CRAB,luxury,1,0.9899789882010668,6.62148614385517
7909,CRAB,luxury,1,0.9895479769408976,6.53929935815474
22322,CRAB,luxury,1,0.9892785949032918,6.505847249792404
89173,CRAB,luxury,1,0.9891708420882496,6.49524397236273
72794,CRAB,luxury,1,0.9891169656807284,6.4943823224042605
234081,CRAB,luxury,1,0.9890630892732072,6.493243690009029
49311,CRAB,luxury,1,0.9887937072356016,6.475641618855609
134707,CRAB,luxury,1,0.9885243251979958,6.451401687370544
78805,CRAB,luxury,1,0.9881471903453478,6.417927350612765
216513,CRAB,luxury,1,0.9880933139378266,6.412650651560976
129691,CRAB,luxury,1,0.9879855611227844,6.411382101562835
87834,CRAB,luxury,1,0.9879316847152632,6.409736890496567
71790,CRAB,luxury,1,0.9877700554926996,6.407117389665309
74799,CRAB,luxury,1,0.9876623026776574,6.393017698536516
165,CRAB,luxury,1,0.9876084262701365,6.39263819888564
93859,CRAB,luxury,1,0.9874467970475728,6.388144811764466
81662,CRAB,luxury,1,0.9873390442325306,6.38483094641924
201868,CRAB,luxury,1,0.9872312914174884,6.367662248012634
76831,CRAB,luxury,1,0.9869080329723614,6.356087149903991
207528,CRAB,luxury,1,0.9866386509347556,6.308070945393654
208563,CRAB,luxury,1,0.9865847745272344,6.305553367483839
74462,CRAB,luxury,1,0.9863153924896289,6.286986537724135
235960,CRAB,luxury,1,0.9862076396745864,6.272853796546988
82478,CRAB,luxury,1,0.9860460104520232,6.26506802710107
62474,CRAB,luxury,1,0.9859382576369808,6.225523718085432
70157,CRAB,luxury,1,0.9857227520068962,6.22141804543049
66483,CRAB,luxury,1,0.985614999191854,6.2116507312041405
47690,CRAB,luxury,1,0.9853456171542482,6.204653626831189
165686,CRAB,luxury,1,0.9850762351166424,6.190535816935685
83146,CRAB,luxury,1,0.984914605894079,6.190263241732835
230348,CRAB,luxury,1,0.9846452238564732,6.1785731347253
89501,CRAB,luxury,1,0.9845913474489522,6.173559066344187
80808,CRAB,luxury,1,0.9844835946339098,6.160761707104134
189084,CRAB,luxury,1,0.9843219654113464,6.147157599996111
45589,CRAB,luxury,1,0.9842680890038252,6.145183331372987
71798,CRAB,luxury,1,0.984214212596304,6.141815122445249
17867,CRAB,luxury,1,0.9841064597812618,6.133008720046315
216183,CRAB,luxury,1,0.9840525833737408,6.129595500448973
90169,CRAB,luxury,1,0.9839448305586984,6.125249446028622
241107,CRAB,luxury,1,0.9838909541511772,6.124865937308589
250698,CRAB,luxury,1,0.9834060664834868,6.102152325445966
224368,CRAB,luxury,1,0.9833521900759656,6.100256595248248
7828,CRAB,luxury,1,0.9832444372609236,6.0944845677274415
35210,CRAB,luxury,1,0.9831905608534024,6.093514528847809
211944,CRAB,luxury,1,0.9831366844458812,6.085467996808556
169646,CRAB,luxury,1,0.9829211788157964,6.071182864698919
119692,CRAB,luxury,1,0.9829211788157964,6.071182864698919
70507,CRAB,luxury,1,0.9826517967781908,6.063313984043528
133063,CRAB,luxury,1,0.9824901675556272,6.060294658781343
170638,CRAB,luxury,1,0.982328538333064,6.056290692891422
84150,CRAB,luxury,1,0.9822746619255428,6.037831014678761
106706,CRAB,luxury,1,0.9820591562954584,6.031312087544935
237060,CRAB,luxury,1,0.9818436506653736,6.009576191202668
234699,CRAB,luxury,1,0.981574268627768,5.995181104980616
248492,CRAB,luxury,1,0.981251010182641,5.9897035537087575
7466,CRAB,luxury,1,0.980550616884866,5.973169227481799
86897,CRAB,luxury,1,0.9803351112547816,5.964628266159162
85226,CRAB,luxury,1,0.980173482032218,5.956026078784826
90837,CRAB,luxury,1,0.9799579764021336,5.946108520128605
79808,CRAB,luxury,1,0.9799040999946124,5.943569693945462
218886,CRAB,luxury,1,0.97979634717957,5.942219960928269
121646,CRAB,luxury,1,0.9796885943645278,5.935486595055657
229909,CRAB,luxury,1,0.9795269651419644,5.91206511896909
140777,CRAB,luxury,1,0.9795269651419644,5.91206511896909
34204,CRAB,luxury,1,0.9792037066968374,5.90450837499573
230293,CRAB,luxury,1,0.9791498302893163,5.90261458153704
90173,CRAB,luxury,1,0.9790959538817952,5.901760030677425
211836,CRAB,luxury,1,0.9787726954366682,5.891684307247013
129699,CRAB,luxury,1,0.9787188190291471,5.888500054017311
80871,CRAB,luxury,1,0.9786110662141048,5.884894146869378
64824,CRAB,luxury,1,0.9785571898065836,5.883370569482947
215594,CRAB,luxury,1,0.9785033133990626,5.881013727393493
65417,CRAB,luxury,1,0.9783416841764992,5.875670770388568
126662,CRAB,luxury,1,0.9781800549539356,5.87143217820515
234961,CRAB,luxury,1,0.9779645493238512,5.866432244262003
154852,CRAB,luxury,1,0.9777490436937664,5.85994755007314
91170,CRAB,luxury,1,0.9776951672862454,5.859050259422061
120360,CRAB,luxury,1,0.977587414471203,5.857093675731537
237055,CRAB,luxury,1,0.9768870211734282,5.839054647228401
136072,CRAB,luxury,1,0.9766715155433436,5.828633843790759
170401,CRAB,luxury,1,0.976456009913259,5.826301957562196
86155,CRAB,luxury,1,0.9763482570982168,5.813562326674893
95387,CRAB,luxury,1,0.9760249986530898,5.7987445673753975
242713,CRAB,luxury,1,0.9758633694305264,5.794513285393276
83554,CRAB,luxury,1,0.9758094930230052,5.794461336076937
35543,CRAB,luxury,1,0.975701740207963,5.791948388229438
94191,CRAB,luxury,1,0.9755401109853996,5.769612807984502
33538,CRAB,luxury,1,0.975324605355315,5.763583592957985
11893,CRAB,luxury,1,0.975001346910188,5.749266080785304
144749,CRAB,luxury,1,0.9746780884650612,5.743549689952641
98717,CRAB,luxury,1,0.97462421205754,5.74076796781085
9816,CRAB,luxury,1,0.9744625828349766,5.738965588355634
253818,CRAB,luxury,1,0.9740315715748074,5.728575913063897
32194,CRAB,luxury,1,0.9739776951672864,5.728368750816274
119020,CRAB,luxury,1,0.9736005603146384,5.718635687364024
51648,CRAB,luxury,1,0.9734389310920748,5.714019996780269
16300,CRAB,luxury,1,0.9731695490544692,5.707522741482806
238755,CRAB,luxury,1,0.9730617962394268,5.705156236200161
85159,CRAB,luxury,1,0.9729540434243844,5.703469324236459
215958,CRAB,luxury,1,0.9726846613867788,5.6943541219837535
129027,CRAB,luxury,1,0.9725230321642152,5.689112311387253
217824,CRAB,luxury,1,0.972415279349173,5.686093600602797
19957,CRAB,luxury,1,0.9720381444965248,5.675233797978897
226062,CRAB,luxury,1,0.9719842680890038,5.670672599775676
124999,CRAB,luxury,1,0.9719303916814828,5.668563980985175
91510,CRAB,luxury,1,0.9718765152739616,5.6672308208836855
66440,CRAB,luxury,1,0.9717687624589192,5.6649939758396926
239065,CRAB,luxury,1,0.9716610096438768,5.664274817702969
238072,CRAB,luxury,1,0.9716071332363558,5.661866290809061
50704,CRAB,luxury,1,0.9715532568288346,5.653214831577061
85826,CRAB,luxury,1,0.9714455040137924,5.641272400638
124684,CRAB,luxury,1,0.9710683691611444,5.622864597795391
71785,CRAB,luxury,1,0.9707989871235386,5.617590915135156
76799,CRAB,luxury,1,0.9707451107160174,5.616998146841542
33199,CRAB,luxury,1,0.9704757286784116,5.611275140517611
215817,CRAB,luxury,1,0.9704218522708906,5.610014398129671
172296,CRAB,luxury,1,0.9703140994558482,5.607926437997644
212838,CRAB,luxury,1,0.9700447174182424,5.599639642345114
215144,CRAB,luxury,1,0.9699908410107214,5.598063490714274
102686,CRAB,luxury,1,0.9698830881956793,5.59633214490356
141742,CRAB,luxury,1,0.9695598297505522,5.591976551603877
236033,CRAB,luxury,1,0.9693982005279888,5.583329884285496
238746,CRAB,luxury,1,0.9692904477129464,5.579689356666595
132364,CRAB,luxury,1,0.9684284251926082,5.551544325032025
194077,CRAB,luxury,1,0.9682667959700448,5.5471964255599895
63148,CRAB,luxury,1,0.9677819083023544,5.525898936285147
133056,CRAB,luxury,1,0.9677280318948333,5.523893645839869
127666,CRAB,luxury,1,0.967674155487312,5.523776594018252
250469,CRAB,luxury,1,0.967620279079791,5.523712370538703
130689,CRAB,luxury,1,0.967297020634664,5.513012861272617
48657,CRAB,luxury,1,0.9671892678196218,5.512032201970454
18953,CRAB,luxury,1,0.9670276385970584,5.499309628948645
244818,CRAB,luxury,1,0.9668121329669738,5.496293814391765
92846,CRAB,luxury,1,0.9667043801519316,5.491809490489847
48979,CRAB,luxury,1,0.966542750929368,5.486825926873437
55410,CRAB,luxury,1,0.9664888745218468,5.486611097752001
121650,CRAB,luxury,1,0.9664888745218468,5.486611097752001
129005,CRAB,luxury,1,0.965788481224072,5.471668106513529
248449,CRAB,luxury,1,0.9654652227789452,5.460803651486845
127008,CRAB,luxury,1,0.9652497171488604,5.460335156466458
124692,CRAB,luxury,1,0.9651958407413394,5.458355072471275
71111,CRAB,luxury,1,0.9648187058886912,5.448836333286015
199473,CRAB,luxury,1,0.9647109530736492,5.447688766848216
12163,CRAB,luxury,1,0.9647109530736492,5.447688766848216
129680,CRAB,luxury,1,0.9643338182210012,5.442919445442477
124695,CRAB,luxury,1,0.96427994181348,5.441467258278702
163680,CRAB,luxury,1,0.9641183125909164,5.434428963424315
71154,CRAB,luxury,1,0.9641183125909164,5.434428963424315
67778,CRAB,luxury,1,0.9641183125909164,5.434428963424315
133031,CRAB,luxury,1,0.963902806960832,5.434123269994989
127711,CRAB,luxury,1,0.9637950541457896,5.425417158845212
132056,CRAB,luxury,1,0.9636873013307472,5.421165135761696
89724,CRAB,luxury,1,0.9635795485157048,5.414747551538149
18209,CRAB,luxury,1,0.9633640428856204,5.407461536401845
240106,CRAB,luxury,1,0.9630407844404936,5.398337345833988
134075,CRAB,luxury,1,0.9629869080329724,5.3937471014134974
80199,CRAB,luxury,1,0.9629869080329724,5.3937471014134974
198455,CRAB,luxury,1,0.9623403911427186,5.37802919911063
139081,CRAB,luxury,1,0.9622326383276764,5.37262246938711
239046,CRAB,luxury,1,0.962124885512634,5.369571436354911
26988,CRAB,luxury,1,0.9619632562900706,5.365838866816377
214514,CRAB,luxury,1,0.9618016270675072,5.361441175919022
119010,CRAB,luxury,1,0.9616938742524648,5.360733972901219
92855,CRAB,luxury,1,0.9616399978449436,5.36055629218454
231928,CRAB,luxury,1,0.961370615807338,5.351637517639973
82146,CRAB,luxury,1,0.9611012337697322,5.349516273224656
211497,CRAB,luxury,1,0.9608318517321264,5.339810354259769
186071,CRAB,luxury,1,0.9607779753246054,5.337266088383915
237732,CRAB,luxury,1,0.9605085932869996,5.332212377100983
72853,CRAB,luxury,1,0.9603469640644362,5.322720455745101
113974,CRAB,luxury,1,0.960293087656915,5.318724898688723
74471,CRAB,luxury,1,0.9601853348418729,5.317722821152954
210829,CRAB,luxury,1,0.9600237056193092,5.3155922389931005
211168,CRAB,luxury,1,0.9599698292117882,5.313121318100983
129051,CRAB,luxury,1,0.959915952804267,5.310166610514313
3858,CRAB,luxury,1,0.9598620763967458,5.307996344634923
67445,CRAB,luxury,1,0.9598620763967458,5.307996344634923
241707,CRAB,luxury,1,0.9598620763967458,5.307996344634923
124996,CRAB,luxury,1,0.9594310651365768,5.296048776494784
67812,CRAB,luxury,1,0.9593233123215344,5.295442154504376
135039,CRAB,luxury,1,0.9592694359140131,5.294537287838771
126345,CRAB,luxury,1,0.9590000538764076,5.288754270514617
172409,CRAB,luxury,1,0.9589461774688864,5.288348848613433
102058,CRAB,luxury,1,0.9588923010613652,5.286417207169225
236718,CRAB,luxury,1,0.958784548246323,5.284047099000595
231015,CRAB,luxury,1,0.9585690426162384,5.278792773912118
104712,CRAB,luxury,1,0.9583535369861538,5.274531379098839
49978,CRAB,luxury,1,0.9581380313560692,5.268739933090346
90511,CRAB,luxury,1,0.9578147729109424,5.266568107986231
55054,CRAB,luxury,1,0.957329885243252,5.252667454288499
81312,CRAB,luxury,1,0.9572221324282096,5.251423566810609
72463,CRAB,luxury,1,0.9571143796131674,5.250184633306444
191722,DYES,luxury,1,1.0,5.689286284103468
192727,DYES,luxury,1,0.9929478138222848,5.463895089607556
192059,DYES,luxury,1,0.9774330042313116,4.9969589741842375
192390,DYES,luxury,1,0.9760225669957688,4.980433467556708
193735,DYES,luxury,1,0.9689703808180536,4.752242993501758
60758,DYES,luxury,1,0.9661495063469676,4.718553901371443
191050,DYES,luxury,1,0.9619181946403385,4.599734628455507
194739,DYES,luxury,1,0.91114245416079,3.940106481271889
194067,DYES,luxury,1,0.8928067700987306,3.841501964552321
190717,DYES,luxury,1,0.8899858956276445,3.782664151709864
194407,DYES,luxury,1,0.8843441466854725,3.7590279822396
60086,DYES,luxury,1,0.8645980253878702,3.561209150973053
193402,DYES,luxury,1,0.8603667136812412,3.525078899133565
59754,DYES,luxury,1,0.842031029619182,3.4163987144422925
61091,DYES,luxury,1,0.8377997179125529,3.387846787040105
190044,DYES,luxury,1,0.8236953455571228,3.260845931782017
191718,DYES,luxury,1,0.8152327221438646,3.2015589355798006
60426,DYES,luxury,1,0.8110014104372355,3.1360295520557258
61763,DYES,luxury,1,0.8081805359661495,3.111712209104118
61430,DYES,luxury,1,0.7842031029619182,2.999173994165712
195072,DYES,luxury,1,0.7785613540197461,2.9747889303584625
195411,DYES,luxury,1,0.770098730606488,2.9265068779166774
155181,DYES,luxury,1,0.763046544428773,2.8859137642948536
192397,DYES,luxury,1,0.7461212976022567,2.785204860891185
193395,DYES,luxury,1,0.7362482369534555,2.773881402842685
189712,DYES,luxury,1,0.7348377997179125,2.7594688354311137
194074,DYES,luxury,1,0.7263751763046544,2.6866924739529274
154509,DYES,luxury,1,0.7136812411847673,2.660560297186688
195744,DYES,luxury,1,0.7080394922425952,2.6377748009146136
190377,DYES,luxury,1,0.6953455571227081,2.6031821862502342
155514,DYES,luxury,1,0.685472496473907,2.550203828839442
194400,DYES,luxury,1,0.6840620592383639,2.546921373990936
155519,DYES,luxury,1,0.6629055007052186,2.4950466865062126
195079,DYES,luxury,1,0.6544428772919605,2.467534314775626
156186,DYES,luxury,1,0.6530324400564175,2.4661866403675567
153506,DYES,luxury,1,0.6361071932299013,2.4037372401828057
59082,DYES,luxury,1,0.5881523272214386,2.269395628724206
153509,DYES,luxury,1,0.5811001410437235,2.2613772744659077
60419,DYES,luxury,1,0.5740479548660085,2.2527386031053926
192734,DYES,luxury,1,0.5712270803949224,2.244110122609547
156523,DYES,luxury,1,0.5684062059238364,2.238599065831236
154172,DYES,luxury,1,0.5669957686882934,2.2343461080782
155176,DYES,luxury,1,0.5599435825105783,2.212275006134942
155186,DYES,luxury,1,0.5289139633286318,2.148041566509824
153168,DYES,luxury,1,0.5204513399153737,2.1355249574951105
190720,DYES,luxury,1,0.5190409026798307,2.1347048840280647
156182,DYES,luxury,1,0.5091678420310296,2.121960877666636
156854,DYES,luxury,1,0.5049365303244006,2.105136710061628
156191,DYES,luxury,1,0.4894217207334274,2.0695469081465
157191,DYES,luxury,1,0.4809590973201692,2.045688081751928
62095,DYES,luxury,1,0.4555712270803949,1.9928490465442024
152501,DYES,luxury,1,0.4485190409026798,1.9830372450280631
191380,DYES,luxury,1,0.4400564174894217,1.9713018205721449
192722,DYES,luxury,1,0.4372355430183356,1.959909285907245
154504,DYES,luxury,1,0.38787023977433,1.8815907240064909
59414,DYES,luxury,1,0.3751763046544429,1.841515187933599
157195,DYES,luxury,1,0.3723554301833568,1.827250990243674
153500,DYES,luxury,1,0.3624823695345557,1.8161933118605784
189372,DYES,luxury,1,0.3540197461212976,1.809667547760481
196076,DYES,luxury,1,0.3483779971791255,1.797565779217254
155509,DYES,luxury,1,0.3399153737658674,1.7875776963561618
152164,DYES,luxury,1,0.3370944992947813,1.7839352133339583
157186,DYES,luxury,1,0.3286318758815232,1.767844882292554
62435,DYES,luxury,1,0.3272214386459802,1.7677834880014598
196416,DYES,luxury,1,0.3244005641748942,1.766815998250548
155858,DYES,luxury,1,0.3229901269393512,1.7665325177669189
195404,DYES,luxury,1,0.3201692524682651,1.7635932941710408
154854,DYES,luxury,1,0.3145275035260931,1.7484505619106745
157859,DYES,luxury,1,0.3131170662905501,1.7305991208181866
152496,DYES,luxury,1,0.304654442877292,1.7187083697368315
157863,DYES,luxury,1,0.3032440056417489,1.7141121376100896
156514,DYES,luxury,1,0.3018335684062059,1.706469027521463
156863,DYES,luxury,1,0.2750352609308886,1.6412522075561191
153832,DYES,luxury,1,0.2186177715091678,1.4997148766661237
154837,DYES,luxury,1,0.2115655853314527,1.4883319692995889
158531,DYES,luxury,1,0.2087447108603667,1.4829757914262076
158192,DYES,luxury,1,0.2016925246826516,1.4567511482327662
158201,DYES,luxury,1,0.1904090267983074,1.426339530180453
151161,DYES,luxury,1,0.1861777150916784,1.420304765813518
155526,DYES,luxury,1,0.1777150916784203,1.4041213694916863
151492,DYES,luxury,1,0.1748942172073342,1.400609973134213
156177,DYES,luxury,1,0.1720733427362482,1.3978985840059035
152828,DYES,luxury,1,0.1650211565585331,1.3918152570204356
158834,FURS,luxury,1,1.0,19.2
60349,FURS,luxury,1,1.0,19.2
60686,FURS,luxury,1,1.0,19.2
61017,FURS,luxury,1,0.9995826709062005,18.88966105845468
61354,FURS,luxury,1,0.9993640699523052,18.5281472374927
61349,FURS,luxury,1,0.9992845786963434,18.36664709178496
59681,FURS,luxury,1,0.9992050874403816,18.22558971831355
186306,FURS,luxury,1,0.999046104928458,18.0
151793,FURS,luxury,1,0.999046104928458,18.0
70398,FURS,luxury,1,0.999046104928458,18.0
171557,FURS,luxury,1,0.999046104928458,18.0
149450,FURS,luxury,1,0.999046104928458,18.0
199039,FURS,luxury,1,0.999046104928458,18.0
69390,FURS,luxury,1,0.999046104928458,18.0
190998,FURS,luxury,1,0.999046104928458,18.0
151797,FURS,luxury,1,0.999046104928458,18.0
170551,FURS,luxury,1,0.999046104928458,18.0
70402,FURS,luxury,1,0.999046104928458,18.0
172896,FURS,luxury,1,0.999046104928458,18.0
150789,FURS,luxury,1,0.999046104928458,18.0
153134,FURS,luxury,1,0.999046104928458,18.0
69394,FURS,luxury,1,0.999046104928458,18.0
151801,FURS,luxury,1,0.999046104928458,18.0
169545,FURS,luxury,1,0.999046104928458,18.0
162839,FURS,luxury,1,0.999046104928458,18.0
62690,FURS,luxury,1,0.999046104928458,18.0
154473,FURS,luxury,1,0.999046104928458,18.0
168539,FURS,luxury,1,0.999046104928458,18.0
186645,FURS,luxury,1,0.999046104928458,18.0
185641,FURS,luxury,1,0.999046104928458,18.0
158488,FURS,luxury,1,0.999046104928458,18.0
71070,FURS,luxury,1,0.999046104928458,18.0
190660,FURS,luxury,1,0.999046104928458,18.0
153806,FURS,luxury,1,0.999046104928458,18.0
189658,FURS,luxury,1,0.999046104928458,18.0
187317,FURS,luxury,1,0.999046104928458,18.0
150792,FURS,luxury,1,0.999046104928458,18.0
159162,FURS,luxury,1,0.999046104928458,18.0
185638,FURS,luxury,1,0.999046104928458,18.0
151129,FURS,luxury,1,0.999046104928458,18.0
168877,FURS,luxury,1,0.999046104928458,18.0
163512,FURS,luxury,1,0.999046104928458,18.0
157816,FURS,luxury,1,0.9948926868044516,17.995527666580465
200043,FURS,luxury,1,0.9947734499205088,17.991573552197483
60689,FURS,luxury,1,0.994435612082671,17.94090463973545
148778,FURS,luxury,1,0.9943759936406996,17.932758422298974
61693,FURS,luxury,1,0.9943362480127186,17.930801727740597
152802,FURS,luxury,1,0.9942965023847375,17.92942556724872
156134,FURS,luxury,1,0.9942170111287758,17.923754346439644
70739,FURS,luxury,1,0.9941176470588236,17.892409344662447
71402,FURS,luxury,1,0.9940182829888712,17.878506415308316
55654,FURS,luxury,1,0.9937599364069952,17.838979015037438
69398,FURS,luxury,1,0.9936804451510334,17.80595750479206
68726,FURS,luxury,1,0.9933426073131956,17.720833244471308
170213,FURS,luxury,1,0.993282988871224,17.69469215742016
155479,FURS,luxury,1,0.9932034976152624,17.67849796220153
62017,FURS,luxury,1,0.9929848966613672,17.622645827233168
152469,FURS,luxury,1,0.9924682034976152,17.52504931851538
59348,FURS,luxury,1,0.9924284578696344,17.518076811561578
159500,FURS,luxury,1,0.9922098569157392,17.485652554275944
169207,FURS,luxury,1,0.9916732909379968,17.40205422014249
149787,FURS,luxury,1,0.99137519872814,17.377354180853878
68387,FURS,luxury,1,0.9911963434022256,17.350995635800114
159839,FURS,luxury,1,0.9910572337042926,17.32491425984826
198367,FURS,luxury,1,0.9909578696343402,17.306672048753605
162506,FURS,luxury,1,0.990779014308426,17.29462680762463
62022,FURS,luxury,1,0.9906995230524642,17.271145242160472
70395,FURS,luxury,1,0.9906200317965024,17.244711754535956
161832,FURS,luxury,1,0.990341812400636,17.154499419335586
185300,FURS,luxury,1,0.9901629570747218,17.12705289475584
150797,FURS,luxury,1,0.990043720190779,17.121973636705814
187989,FURS,luxury,1,0.9894674085850556,17.019887858710703
167871,FURS,luxury,1,0.9893282988871224,17.003176175560547
149782,FURS,luxury,1,0.9890103338632752,16.875150021206704
155462,FURS,luxury,1,0.9889308426073132,16.84837652689936
167867,FURS,luxury,1,0.9888910969793324,16.809677987377103
161169,FURS,luxury,1,0.9888513513513514,16.8
144760,FURS,luxury,1,0.9888513513513514,16.8
73426,FURS,luxury,1,0.9888513513513514,16.8
196692,FURS,luxury,1,0.9888513513513514,16.8
162179,FURS,luxury,1,0.9888513513513514,16.8
156481,FURS,luxury,1,0.9888513513513514,16.8
185296,FURS,luxury,1,0.9888513513513514,16.8
161494,FURS,luxury,1,0.9888513513513514,16.8
146780,FURS,luxury,1,0.9888513513513514,16.8
173900,FURS,luxury,1,0.9888513513513514,16.8
157491,FURS,luxury,1,0.9888513513513514,16.8
202715,FURS,luxury,1,0.9888513513513514,16.8
73751,FURS,luxury,1,0.9888513513513514,16.8
146095,FURS,luxury,1,0.9888513513513514,16.8
80459,FURS,luxury,1,0.9888513513513514,16.8
203725,FURS,luxury,1,0.9888513513513514,16.8
74761,FURS,luxury,1,0.9888513513513514,16.8
198027,FURS,luxury,1,0.9888513513513514,16.8
181618,FURS,luxury,1,0.9888513513513514,16.8
147105,FURS,luxury,1,0.9888513513513514,16.8
81469,FURS,luxury,1,0.9888513513513514,16.8
75771,FURS,luxury,1,0.9888513513513514,16.8
153128,FURS,luxury,1,0.9888513513513514,16.8
149125,FURS,luxury,1,0.9888513513513514,16.8
194349,FURS,luxury,1,0.9888513513513514,16.8
158141,FURS,luxury,1,0.9888513513513514,16.8
81794,FURS,luxury,1,0.9888513513513514,16.8
188651,FURS,luxury,1,0.9888513513513514,16.8
195359,FURS,luxury,1,0.9888513513513514,16.8
206070,FURS,luxury,1,0.9888513513513514,16.8
77106,FURS,luxury,1,0.9888513513513514,16.8
155148,FURS,luxury,1,0.9888513513513514,16.8
183963,FURS,luxury,1,0.9888513513513514,16.8
212778,FURS,luxury,1,0.9888513513513514,16.8
160161,FURS,luxury,1,0.9888513513513514,16.8
207080,FURS,luxury,1,0.9888513513513514,16.8
78116,FURS,luxury,1,0.9888513513513514,16.8
72418,FURS,luxury,1,0.9888513513513514,16.8
145772,FURS,luxury,1,0.9888513513513514,16.8
78441,FURS,luxury,1,0.9888513513513514,16.8
179600,FURS,luxury,1,0.9888513513513514,16.8
156808,FURS,luxury,1,0.9888513513513514,16.8
52656,FURS,luxury,1,0.9888513513513514,16.8
148117,FURS,luxury,1,0.9888513513513514,16.8
193341,FURS,luxury,1,0.9888513513513514,16.8
143429,FURS,luxury,1,0.9888513513513514,16.8
205062,FURS,luxury,1,0.9888513513513514,16.8
59689,FURS,luxury,1,0.9888513513513514,16.8
61709,FURS,luxury,1,0.9888513513513514,16.8
195686,FURS,luxury,1,0.9888513513513514,16.8
144764,FURS,luxury,1,0.9888513513513514,16.8
155475,FURS,luxury,1,0.9888513513513514,16.8
162183,FURS,luxury,1,0.9888513513513514,16.8
156485,FURS,luxury,1,0.9888513513513514,16.8
72745,FURS,luxury,1,0.9888513513513514,16.8
214115,FURS,luxury,1,0.9888513513513514,16.8
145089,FURS,luxury,1,0.9888513513513514,16.8
79453,FURS,luxury,1,0.9888513513513514,16.8
73755,FURS,luxury,1,0.9888513513513514,16.8
215125,FURS,luxury,1,0.9888513513513514,16.8
197021,FURS,luxury,1,0.9888513513513514,16.8
146099,FURS,luxury,1,0.9888513513513514,16.8
203729,FURS,luxury,1,0.9888513513513514,16.8
157820,FURS,luxury,1,0.9888513513513514,16.8
163843,FURS,luxury,1,0.9888513513513514,16.8
194353,FURS,luxury,1,0.9888513513513514,16.8
81798,FURS,luxury,1,0.9888513513513514,16.8
76100,FURS,luxury,1,0.9888513513513514,16.8
211772,FURS,luxury,1,0.9888513513513514,16.8
206074,FURS,luxury,1,0.9888513513513514,16.8
200376,FURS,luxury,1,0.9888513513513514,16.8
71412,FURS,luxury,1,0.9888513513513514,16.8
160165,FURS,luxury,1,0.9888513513513514,16.8
150464,FURS,luxury,1,0.9888513513513514,16.8
161175,FURS,luxury,1,0.9888513513513514,16.8
77435,FURS,luxury,1,0.9888513513513514,16.8
196698,FURS,luxury,1,0.9888513513513514,16.8
178594,FURS,luxury,1,0.9888513513513514,16.8
161500,FURS,luxury,1,0.9888513513513514,16.8
162510,FURS,luxury,1,0.9888513513513514,16.8
80465,FURS,luxury,1,0.9888513513513514,16.8
161825,FURS,luxury,1,0.9888513513513514,16.8
147111,FURS,luxury,1,0.9888513513513514,16.8
199043,FURS,luxury,1,0.9888513513513514,16.8
148121,FURS,luxury,1,0.9888513513513514,16.8
80790,FURS,luxury,1,0.9888513513513514,16.8
204056,FURS,luxury,1,0.9888513513513514,16.8
147436,FURS,luxury,1,0.9888513513513514,16.8
205066,FURS,luxury,1,0.9888513513513514,16.8
154144,FURS,luxury,1,0.9888513513513514,16.8
148446,FURS,luxury,1,0.9888513513513514,16.8
77112,FURS,luxury,1,0.9888513513513514,16.8
149456,FURS,luxury,1,0.9888513513513514,16.8
194680,FURS,luxury,1,0.9888513513513514,16.8
154469,FURS,luxury,1,0.9888513513513514,16.8
54320,FURS,luxury,1,0.9888513513513514,16.8
83135,FURS,luxury,1,0.9888513513513514,16.8
144768,FURS,luxury,1,0.9888513513513514,16.8
171888,FURS,luxury,1,0.9888513513513514,16.8
61028,FURS,luxury,1,0.9888513513513514,16.8
184294,FURS,luxury,1,0.9888513513513514,16.8
154794,FURS,luxury,1,0.9888513513513514,16.8
60343,FURS,luxury,1,0.9888513513513514,16.8
72749,FURS,luxury,1,0.9888513513513514,16.8
214119,FURS,luxury,1,0.9888513513513514,16.8
196015,FURS,luxury,1,0.9888513513513514,16.8
208421,FURS,luxury,1,0.9888513513513514,16.8
202723,FURS,luxury,1,0.9888513513513514,16.8
73759,FURS,luxury,1,0.9888513513513514,16.8
197025,FURS,luxury,1,0.9888513513513514,16.8
51652,FURS,luxury,1,0.9888513513513514,16.8
156814,FURS,luxury,1,0.9888513513513514,16.8
74769,FURS,luxury,1,0.9888513513513514,16.8
198035,FURS,luxury,1,0.9888513513513514,16.8
79782,FURS,luxury,1,0.9888513513513514,16.8
152126,FURS,luxury,1,0.9888513513513514,16.8
193347,FURS,luxury,1,0.9888513513513514,16.8
75094,FURS,luxury,1,0.9888513513513514,16.8
210766,FURS,luxury,1,0.9888513513513514,16.8
199370,FURS,luxury,1,0.9888513513513514,16.8
143760,FURS,luxury,1,0.9888513513513514,16.8
213111,FURS,luxury,1,0.9888513513513514,16.8
178598,FURS,luxury,1,0.9888513513513514,16.8
79459,FURS,luxury,1,0.9888513513513514,16.8
192339,FURS,luxury,1,0.9888513513513514,16.8
205070,FURS,luxury,1,0.9888513513513514,16.8
177590,FURS,luxury,1,0.9888513513513514,16.8
153788,FURS,luxury,1,0.9888513513513514,16.8
166194,FURS,luxury,1,0.9888513513513514,16.8
71743,FURS,luxury,1,0.9888513513513514,16.8
79786,FURS,luxury,1,0.9888513513513514,16.8
157828,FURS,luxury,1,0.9888513513513514,16.8
76108,FURS,luxury,1,0.9888513513513514,16.8
53316,FURS,luxury,1,0.9888513513513514,16.8
183290,FURS,luxury,1,0.9888513513513514,16.8
77443,FURS,luxury,1,0.9888513513513514,16.8
78778,FURS,luxury,1,0.9888513513513514,16.8
153467,FURS,luxury,1,0.9888513513513514,16.8
78455,FURS,luxury,1,0.9888513513513514,16.8
191335,FURS,luxury,1,0.9888513513513514,16.8
58693,FURS,luxury,1,0.9888513513513514,16.8
63021,FURS,luxury,1,0.9888513513513514,16.8
72759,FURS,luxury,1,0.9888513513513514,16.8
196025,FURS,luxury,1,0.9888513513513514,16.8
156824,FURS,luxury,1,0.9888513513513514,16.8
158159,FURS,luxury,1,0.9888513513513514,16.8
59705,FURS,luxury,1,0.9888513513513514,16.8
148458,FURS,luxury,1,0.9888513513513514,16.8
147773,FURS,luxury,1,0.9888513513513514,16.8
76439,FURS,luxury,1,0.9888513513513514,16.8
78459,FURS,luxury,1,0.9888513513513514,16.8
83472,FURS,luxury,1,0.9888513513513514,16.8
145105,FURS,luxury,1,0.9888513513513514,16.8
77774,FURS,luxury,1,0.9888513513513514,16.8
207748,FURS,luxury,1,0.9888513513513514,16.8
202050,FURS,luxury,1,0.9888513513513514,16.8
156466,FURS,luxury,1,0.9888513513513514,16.8
62377,FURS,luxury,1,0.9888513513513514,16.8
145432,FURS,luxury,1,0.9888513513513514,16.8
162851,FURS,luxury,1,0.9888513513513514,16.8
157153,FURS,luxury,1,0.9888513513513514,16.8
186978,FURS,luxury,1,0.9888513513513514,16.8
52316,FURS,luxury,1,0.9888513513513514,16.8
59024,FURS,luxury,1,0.9888513513513514,16.8
206742,FURS,luxury,1,0.9888513513513514,16.8
184635,FURS,luxury,1,0.9888513513513514,16.8
199711,FURS,luxury,1,0.9888513513513514,16.8
144101,FURS,luxury,1,0.9888513513513514,16.8
61371,FURS,luxury,1,0.9888513513513514,16.8
54988,FURS,luxury,1,0.9888513513513514,16.8
214787,FURS,luxury,1,0.9888513513513514,16.8
76447,FURS,luxury,1,0.9888513513513514,16.8
160837,FURS,luxury,1,0.9888513513513514,16.8
163182,FURS,luxury,1,0.9888513513513514,16.8
63358,FURS,luxury,1,0.9888513513513514,16.8
183631,FURS,luxury,1,0.9888513513513514,16.8
72086,FURS,luxury,1,0.9888513513513514,16.8
82797,FURS,luxury,1,0.9888513513513514,16.8
52324,FURS,luxury,1,0.9888513513513514,16.8
158821,FURS,luxury,1,0.9888513513513514,16.8
60367,FURS,luxury,1,0.9888513513513514,16.8
61377,FURS,luxury,1,0.9888513513513514,16.8
144757,FURS,luxury,1,0.9888513513513514,16.8
79121,FURS,luxury,1,0.9888513513513514,16.8
146092,FURS,luxury,1,0.9888513513513514,16.8
174907,FURS,luxury,1,0.9888513513513514,16.8
182625,FURS,luxury,1,0.9888513513513514,16.8
206067,FURS,luxury,1,0.9888513513513514,16.8
160158,FURS,luxury,1,0.9888513513513514,16.8
61704,FURS,luxury,1,0.9888513513513514,16.8
60011,FURS,luxury,1,0.9888513513513514,16.8
200048,FURS,luxury,1,0.9888513513513514,16.8
79127,FURS,luxury,1,0.9888513513513514,16.8
84140,FURS,luxury,1,0.9888513513513514,16.8
150786,FURS,luxury,1,0.9888513513513514,16.8
184291,FURS,luxury,1,0.9888513513513514,16.8
187646,FURS,luxury,1,0.9888513513513514,16.8
75091,FURS,luxury,1,0.9888513513513514,16.8
52984,FURS,luxury,1,0.9888513513513514,16.8
167199,FURS,luxury,1,0.9888513513513514,16.8
168209,FURS,luxury,1,0.9888513513513514,16.8
206077,FURS,luxury,1,0.9888513513513514,16.8
65717,FURS,luxury,1,0.9888513513513514,16.8
161178,FURS,luxury,1,0.9888513513513514,16.8
144773,FURS,luxury,1,0.9888513513513514,16.8
73764,FURS,luxury,1,0.9888513513513514,16.8
173228,FURS,luxury,1,0.9888513513513514,16.8
153141,FURS,luxury,1,0.9888513513513514,16.8
184303,FURS,luxury,1,0.9888513513513514,16.8
63707,FURS,luxury,1,0.9888513513513514,16.8
159493,FURS,luxury,1,0.9888513513513514,16.8
148784,FURS,luxury,1,0.9888513513513514,16.8
171216,FURS,luxury,1,0.9888513513513514,16.8
196353,FURS,luxury,1,0.9888513513513514,16.8
55993,FURS,luxury,1,0.9888513513513514,16.8
154811,FURS,luxury,1,0.9888513513513514,16.8
74101,FURS,luxury,1,0.9888513513513514,16.8
65050,FURS,luxury,1,0.9888513513513514,16.8
80126,FURS,luxury,1,0.9888513513513514,16.8
64046,FURS,luxury,1,0.9888513513513514,16.8
199033,FURS,luxury,1,0.9888513513513514,16.8
168200,FURS,luxury,1,0.9888513513513514,16.8
180606,FURS,luxury,1,0.9888513513513514,16.8
53988,FURS,luxury,1,0.9550278219395868,16.798609150492883
185968,FURS,luxury,1,0.9550079491255962,16.79836786156323
160821,FURS,luxury,1,0.954908585055644,16.796751969104363
85145,FURS,luxury,1,0.9544316375198728,16.786347663758296
82470,FURS,luxury,1,0.9540341812400636,16.771606745595353
86483,FURS,luxury,1,0.9539149443561208,16.77092404809014
157161,FURS,luxury,1,0.9538354531001588,16.766538652622863
176918,FURS,luxury,1,0.9537758346581876,16.766379209937384
198038,FURS,luxury,1,0.9536565977742448,16.76229417691878
160172,FURS,luxury,1,0.9534777424483308,16.753767364808617
169875,FURS,luxury,1,0.9526828298887122,16.74232549053266
213116,FURS,luxury,1,0.9523052464228936,16.732897933943526
60373,FURS,luxury,1,0.9522058823529412,16.730521367923522
157138,FURS,luxury,1,0.951987281399046,16.719420764689435
63374,FURS,luxury,1,0.951470588235294,16.69511313573947
55669,FURS,luxury,1,0.9508744038155804,16.664187519722564
200716,FURS,luxury,1,0.950775039745628,16.660416622235655
60704,FURS,luxury,1,0.9505763116057234,16.653694149338893
50985,FURS,luxury,1,0.9497813990461048,16.61051126949091
203053,FURS,luxury,1,0.949662162162162,16.60722159286647
57693,FURS,luxury,1,0.9493640699523052,16.58883527398175
145769,FURS,luxury,1,0.9493044515103338,16.58235370057613
188657,FURS,luxury,1,0.9492050874403816,16.577158363393668
163188,FURS,luxury,1,0.94914546899841,16.57344465911617
207075,FURS,luxury,1,0.9488076311605724,16.550730623996152
192335,FURS,luxury,1,0.94870826709062,16.548237251511985
162500,FURS,luxury,1,0.9483108108108108,16.541193370905468
77787,FURS,luxury,1,0.9481518282988872,16.53097735129125
58676,FURS,luxury,1,0.9481120826709062,16.528554933254338
51983,FURS,luxury,1,0.9476351351351352,16.511307769268388
60005,FURS,luxury,1,0.9475556438791732,16.507010521987162
179604,FURS,luxury,1,0.946899841017488,16.480450636521685
197030,FURS,luxury,1,0.946720985691574,16.468313269950468
149463,FURS,luxury,1,0.946383147853736,16.453527104724845
146424,FURS,luxury,1,0.9461446740858506,16.43217706448505
151136,FURS,luxury,1,0.945945945945946,16.418795527882022
80787,FURS,luxury,1,0.9458863275039746,16.413946283742828
163515,FURS,luxury,1,0.945608108108108,16.39965248891515
163854,FURS,luxury,1,0.945429252782194,16.39547522611085
56657,FURS,luxury,1,0.945389507154213,16.39245651170051
187650,FURS,luxury,1,0.9453696343402226,16.392340282539532
196366,FURS,luxury,1,0.9447138314785374,16.336478750569384
59343,FURS,luxury,1,0.944137519872814,16.307120263052294
143754,FURS,luxury,1,0.9440779014308426,16.30519103443784
80132,FURS,luxury,1,0.9440182829888712,16.301485748040665
169214,FURS,luxury,1,0.9439984101748808,16.300442123463448
68054,FURS,luxury,1,0.9439586645468998,16.300333555041068
193344,FURS,luxury,1,0.943879173290938,16.30033354748161
79444,FURS,luxury,1,0.943799682034976,16.299666460982134
210094,FURS,luxury,1,0.9436804451510332,16.29966644495893
71735,FURS,luxury,1,0.9435214626391096,16.296474478819697
55335,GEMS,luxury,1,1.0,147.0
51004,GEMS,luxury,1,0.9988235294117648,136.0
74449,GEMS,luxury,1,0.9976470588235294,132.0
54334,GEMS,luxury,1,0.996470588235294,114.0
86245,GEMS,luxury,1,0.9941176470588236,111.0
54002,GEMS,luxury,1,0.9929411764705882,103.0
52667,GEMS,luxury,1,0.9894117647058824,83.0
53329,GEMS,luxury,1,0.9882352941176472,77.0
85484,GEMS,luxury,1,0.9858823529411764,66.0
83140,GEMS,luxury,1,0.9847058823529412,63.0
61374,GEMS,luxury,1,0.9823529411764704,61.0
82225,GEMS,luxury,1,0.9776470588235294,54.0
92034,GEMS,luxury,1,0.976470588235294,51.0
57009,GEMS,luxury,1,0.9694117647058824,38.0
86918,GEMS,luxury,1,0.9670588235294116,33.0
54326,GEMS,luxury,1,0.9623529411764706,30.0
55362,GEMS,luxury,1,0.9588235294117649,26.0
51669,GEMS,luxury,1,0.9588235294117649,26.0
89314,GEMS,luxury,1,0.956470588235294,24.0
84235,GEMS,luxury,1,0.956470588235294,24.0
53679,GEMS,luxury,1,0.956470588235294,24.0
50656,GEMS,luxury,1,0.9435294117647058,21.0
61706,GEMS,luxury,1,0.9435294117647058,21.0
55023,GEMS,luxury,1,0.9376470588235294,19.0
84481,GEMS,luxury,1,0.9376470588235294,19.0
86639,GEMS,luxury,1,0.9329411764705884,18.0
59015,GEMS,luxury,1,0.9329411764705884,18.0
84238,GEMS,luxury,1,0.9329411764705884,18.0
56680,GEMS,luxury,1,0.923529411764706,17.0
85579,GEMS,luxury,1,0.923529411764706,17.0
55684,GEMS,luxury,1,0.9211764705882352,16.0
59033,GEMS,luxury,1,0.9211764705882352,16.0
56700,GEMS,luxury,1,0.9152941176470588,15.0
52343,GEMS,luxury,1,0.9152941176470588,15.0
83145,GEMS,luxury,1,0.9152941176470588,15.0
169921,GEMS,luxury,1,0.9152941176470588,15.0
76122,GEMS,luxury,1,0.9152941176470588,15.0
51318,GEMS,luxury,1,0.9152941176470588,15.0
56016,GEMS,luxury,1,0.9152941176470588,15.0
52990,GEMS,luxury,1,0.9152941176470588,15.0
61358,GEMS,luxury,1,0.9152941176470588,15.0
52673,GEMS,luxury,1,0.9152941176470588,15.0
49651,GEMS,luxury,1,0.9152941176470588,15.0
54678,GEMS,luxury,1,0.8847058823529412,14.0
53011,GEMS,luxury,1,0.88,13.0
55006,GEMS,luxury,1,0.88,13.0
57676,GEMS,luxury,1,0.88,13.0
56706,GEMS,luxury,1,0.8729411764705882,12.0
50650,GEMS,luxury,1,0.8729411764705882,12.0
60036,GEMS,luxury,1,0.8729411764705882,12.0
53334,GEMS,luxury,1,0.8729411764705882,12.0
49983,GEMS,luxury,1,0.8729411764705882,12.0
57022,GEMS,luxury,1,0.8729411764705882,12.0
148309,GEMS,luxury,1,0.8729411764705882,12.0
56349,GEMS,luxury,1,0.8729411764705882,12.0
99374,GEMS,luxury,1,0.8729411764705882,12.0
59687,GEMS,luxury,1,0.8458823529411764,11.0
57673,GEMS,luxury,1,0.8458823529411764,11.0
54289,GEMS,luxury,1,0.8458823529411764,11.0
49657,GEMS,luxury,1,0.8458823529411764,11.0
61365,GEMS,luxury,1,0.8352941176470589,10.0
54990,GEMS,luxury,1,0.8352941176470589,10.0
60019,GEMS,luxury,1,0.8352941176470589,10.0
54993,GEMS,luxury,1,0.8352941176470589,10.0
60697,GEMS,luxury,1,0.8223529411764706,9.0
58004,GEMS,luxury,1,0.8223529411764706,9.0
54330,GEMS,luxury,1,0.8223529411764706,9.0
57360,GEMS,luxury,1,0.8223529411764706,9.0
86969,GEMS,luxury,1,0.8223529411764706,9.0
49319,GEMS,luxury,1,0.8223529411764706,9.0
91334,GEMS,luxury,1,0.8223529411764706,9.0
51995,GEMS,luxury,1,0.8223529411764706,9.0
96694,GEMS,luxury,1,0.8223529411764706,9.0
48927,GEMS,luxury,1,0.8223529411764706,9.0
54304,GEMS,luxury,1,0.8223529411764706,9.0
101698,GEMS,luxury,1,0.8223529411764706,9.0
53684,GEMS,luxury,1,0.7694117647058824,8.0
58708,GEMS,luxury,1,0.7694117647058824,8.0
82477,GEMS,luxury,1,0.7694117647058824,8.0
63031,GEMS,luxury,1,0.7576470588235295,7.0
155544,GEMS,luxury,1,0.7576470588235295,7.0
78799,GEMS,luxury,1,0.7576470588235295,7.0
53339,GEMS,luxury,1,0.7458823529411764,6.0
57704,GEMS,luxury,1,0.7458823529411764,6.0
59691,GEMS,luxury,1,0.7458823529411764,6.0
100696,GEMS,luxury,1,0.7458823529411764,6.0
94313,GEMS,luxury,1,0.7458823529411764,6.0
50984,GOLD,luxury,1,0.9974105461393596,1788.0
61041,GOLD,luxury,1,0.996939736346516,1539.0
55668,GOLD,luxury,1,0.9957627118644068,1255.0
50316,GOLD,luxury,1,0.9948210922787194,1215.0
51324,GOLD,luxury,1,0.9934086629001884,1046.0
53344,GOLD,luxury,1,0.9929378531073446,973.0
50323,GOLD,luxury,1,0.9912900188323918,812.0
57342,GOLD,luxury,1,0.9903483992467044,769.0
59684,GOLD,luxury,1,0.9887005649717514,690.0
51336,GOLD,luxury,1,0.9861111111111112,583.0
54301,GOLD,luxury,1,0.9837570621468926,546.0
53002,GOLD,luxury,1,0.9806967984934086,482.0
57010,GOLD,luxury,1,0.980225988700565,475.0
73779,GOLD,luxury,1,0.9797551789077212,463.0
54022,GOLD,luxury,1,0.9795197740112994,462.0
58347,GOLD,luxury,1,0.9788135593220338,452.0
79132,GOLD,luxury,1,0.9748116760828626,408.0
55013,GOLD,luxury,1,0.9733992467043314,391.0
55674,GOLD,luxury,1,0.9733992467043314,391.0
50999,GOLD,luxury,1,0.9729284369114878,389.0
51945,GOLD,luxury,1,0.972693032015066,386.0
53331,GOLD,luxury,1,0.9712806026365348,380.0
51662,GOLD,luxury,1,0.9691619585687382,363.0
54016,GOLD,luxury,1,0.9691619585687382,363.0
54663,GOLD,luxury,1,0.9675141242937854,333.0
54991,GOLD,luxury,1,0.966572504708098,322.0
52670,GOLD,luxury,1,0.9658662900188324,319.0
52659,GOLD,luxury,1,0.9653954802259888,318.0
75790,GOLD,luxury,1,0.961864406779661,293.0
58678,GOLD,luxury,1,0.960216572504708,280.0
48600,GOLD,luxury,1,0.960216572504708,280.0
54670,GOLD,luxury,1,0.9571563088512242,254.0
47597,GOLD,luxury,1,0.9562146892655368,252.0
59704,GOLD,luxury,1,0.9533898305084746,242.0
51005,GOLD,luxury,1,0.9529190207156308,238.0
72443,GOLD,luxury,1,0.9519774011299436,234.0
50660,GOLD,luxury,1,0.9515065913370998,232.0
55027,GOLD,luxury,1,0.9510357815442562,231.0
85238,GOLD,luxury,1,0.9498587570621468,226.0
60691,GOLD,luxury,1,0.9498587570621468,226.0
43570,GOLD,luxury,1,0.9477401129943502,219.0
49941,GOLD,luxury,1,0.9458568738229756,213.0
52002,GOLD,luxury,1,0.9442090395480226,207.0
57670,GOLD,luxury,1,0.9427966101694916,202.0
50942,GOLD,luxury,1,0.9425612052730696,200.0
53620,GOLD,luxury,1,0.9409133709981168,194.0
45918,GOLD,luxury,1,0.9409133709981168,194.0
53281,GOLD,luxury,1,0.940442561205273,192.0
52664,GOLD,luxury,1,0.9392655367231638,188.0
55022,GOLD,luxury,1,0.9366760828625236,178.0
54339,GOLD,luxury,1,0.935969868173258,174.0
54626,GOLD,luxury,1,0.9357344632768362,173.0
56366,GOLD,luxury,1,0.9350282485875706,170.0
52340,GOLD,luxury,1,0.9350282485875706,170.0
47591,GOLD,luxury,1,0.9331450094161958,168.0
50331,GOLD,luxury,1,0.932909604519774,167.0
59011,GOLD,luxury,1,0.931497175141243,161.0
59351,GOLD,luxury,1,0.9310263653483992,160.0
81639,GOLD,luxury,1,0.9270244821092278,153.0
52677,GOLD,luxury,1,0.9270244821092278,153.0
56330,GOLD,luxury,1,0.9260828625235404,152.0
87253,GOLD,luxury,1,0.9256120527306968,149.0
51665,GOLD,luxury,1,0.9241996233521658,145.0
53636,GOLD,luxury,1,0.9239642184557438,144.0
48988,GOLD,luxury,1,0.9227871939736346,139.0
52654,GOLD,luxury,1,0.9218455743879472,138.0
60701,GOLD,luxury,1,0.9209039548022598,136.0
60688,GOLD,luxury,1,0.9173728813559322,131.0
57683,GOLD,luxury,1,0.9169020715630886,129.0
54012,GOLD,luxury,1,0.9169020715630886,129.0
52283,GOLD,luxury,1,0.9157250470809792,127.0
51656,GOLD,luxury,1,0.9129001883239172,120.0
58697,GOLD,luxury,1,0.9105461393596986,118.0
52955,GOLD,luxury,1,0.9093691148775894,116.0
56698,GOLD,luxury,1,0.908427495291902,115.0
39894,GOLD,luxury,1,0.9077212806026366,113.0
57706,GOLD,luxury,1,0.907015065913371,112.0
77129,GOLD,luxury,1,0.9034839924670434,106.0
44909,GOLD,luxury,1,0.9018361581920904,104.0
150313,GOLD,luxury,1,0.9013653483992468,103.0
52277,GOLD,luxury,1,0.900894538606403,102.0
75193,GOLD,luxury,1,0.8997175141242938,101.0
55359,GOLD,luxury,1,0.8997175141242938,101.0
74860,GOLD,luxury,1,0.897834274952919,99.0
54007,GOLD,luxury,1,0.894774011299435,95.0
46923,GOLD,luxury,1,0.8943032015065914,94.0
60363,GOLD,luxury,1,0.8921845574387948,92.0
61707,GOLD,luxury,1,0.8914783427495292,91.0
51316,GOLD,luxury,1,0.8910075329566854,90.0
49937,GOLD,luxury,1,0.8910075329566854,90.0
55036,GOLD,luxury,1,0.8898305084745762,89.0
75190,GOLD,luxury,1,0.8870056497175142,85.0
52964,GOLD,luxury,1,0.8860640301318268,84.0
49262,GOLD,luxury,1,0.8860640301318268,84.0
81645,GOLD,luxury,1,0.884180790960452,81.0
55345,GOLD,luxury,1,0.884180790960452,81.0
164515,GOLD,luxury,1,0.8818267419962336,79.0
54703,GOLD,luxury,1,0.8799435028248588,78.0
74453,GOLD,luxury,1,0.878060263653484,76.0
225389,GOLD,luxury,1,0.8768832391713748,75.0
71775,GOLD,luxury,1,0.8768832391713748,75.0
81307,GOLD,luxury,1,0.8754708097928436,74.0
44245,GOLD,luxury,1,0.8754708097928436,74.0
56683,GOLD,luxury,1,0.8738229755178908,72.0
63366,GOLD,luxury,1,0.8721751412429378,71.0
81636,GOLD,luxury,1,0.8698210922787194,69.0
41900,GOLD,luxury,1,0.8698210922787194,69.0
86577,GOLD,luxury,1,0.867231638418079,67.0
50604,GOLD,luxury,1,0.8660546139359698,66.0
82461,GOLD,luxury,1,0.861346516007533,61.0
60708,GOLD,luxury,1,0.8604048964218456,60.0
60025,GOLD,luxury,1,0.8604048964218456,60.0
99713,GOLD,luxury,1,0.8585216572504708,59.0
47587,GOLD,luxury,1,0.856638418079096,57.0
80450,GOLD,luxury,1,0.855225988700565,55.0
80964,GOLD,luxury,1,0.855225988700565,55.0
67800,GOLD,luxury,1,0.853578154425612,54.0
79594,GOLD,luxury,1,0.853578154425612,54.0
214978,GOLD,luxury,1,0.8512241054613936,53.0
49600,GOLD,luxury,1,0.8502824858757062,52.0
56006,GOLD,luxury,1,0.849105461393597,51.0
54286,GOLD,luxury,1,0.847457627118644,50.0
242474,GOLD,luxury,1,0.8465160075329566,49.0
52009,GOLD,luxury,1,0.8441619585687382,48.0
83673,GOLD,luxury,1,0.8441619585687382,48.0
87250,GOLD,luxury,1,0.8441619585687382,48.0
42577,GOLD,luxury,1,0.838276836158192,45.0
54354,GOLD,luxury,1,0.8359227871939736,44.0
57023,GOLD,luxury,1,0.8340395480225988,42.0
85241,GOLD,luxury,1,0.8340395480225988,42.0
51281,GOLD,luxury,1,0.8340395480225988,42.0
52961,GOLD,luxury,1,0.8340395480225988,42.0
53997,GOLD,luxury,1,0.8274482109227872,39.0
73551,GOLD,luxury,1,0.8274482109227872,39.0
90939,GOLD,luxury,1,0.8274482109227872,39.0
50320,GOLD,luxury,1,0.8274482109227872,39.0
31864,GOLD,luxury,1,0.8274482109227872,39.0
151318,GOLD,luxury,1,0.8274482109227872,39.0
91277,GOLD,luxury,1,0.8274482109227872,39.0
82322,GOLD,luxury,1,0.8222693032015066,38.0
81295,GOLD,luxury,1,0.8222693032015066,38.0
149648,GOLD,luxury,1,0.8222693032015066,38.0
53017,GOLD,luxury,1,0.8196798493408662,37.0
75522,GOLD,luxury,1,0.8161487758945386,36.0
55367,GOLD,luxury,1,0.8161487758945386,36.0
68480,GOLD,luxury,1,0.8161487758945386,36.0
166301,INCENSE,luxury,1,1.0,4.92605882401231
169968,INCENSE,luxury,1,0.9984779299847792,4.6468857022930745
164627,INCENSE,luxury,1,0.9923896499238964,4.5748346363272
163622,INCENSE,luxury,1,0.954337899543379,4.170993369122634
163959,INCENSE,luxury,1,0.9512937595129376,4.154683678468324
164290,INCENSE,luxury,1,0.9497716894977168,4.149840564496492
165968,INCENSE,luxury,1,0.9345509893455098,3.9414441092124655
166973,INCENSE,luxury,1,0.928462709284627,3.914152225464645
167291,INCENSE,luxury,1,0.9254185692541856,3.882163336251288
165295,INCENSE,luxury,1,0.9223744292237442,3.864490898264216
161615,INCENSE,luxury,1,0.9208523592085236,3.858338605464283
167305,INCENSE,luxury,1,0.9193302891933028,3.840658167648568
165963,INCENSE,luxury,1,0.908675799086758,3.8032018095062528
168964,INCENSE,luxury,1,0.8995433789954338,3.7465430980128094
164631,INCENSE,luxury,1,0.8873668188736682,3.639015991105965
166968,INCENSE,luxury,1,0.8493150684931506,3.4491310303972766
160609,INCENSE,luxury,1,0.8340943683409436,3.374217049481683
160947,INCENSE,luxury,1,0.8249619482496194,3.319892498453425
161277,INCENSE,luxury,1,0.8188736681887366,3.269709941827574
161952,INCENSE,luxury,1,0.7990867579908676,3.1782899574262737
162283,INCENSE,luxury,1,0.7929984779299848,3.1362959132480155
166640,INCENSE,luxury,1,0.7792998477929984,3.1094392268247324
162620,INCENSE,luxury,1,0.7747336377473364,3.096160046262286
167977,INCENSE,luxury,1,0.756468797564688,3.05121757310159
161287,INCENSE,luxury,1,0.7366818873668188,2.9643462786978576
170636,INCENSE,luxury,1,0.7351598173515982,2.963745710559898
160959,INCENSE,luxury,1,0.7214611872146118,2.909461476581097
167973,INCENSE,luxury,1,0.6894977168949772,2.813986211269785
165636,INCENSE,luxury,1,0.6879756468797564,2.810073838523819
159941,INCENSE,luxury,1,0.684931506849315,2.8090843459834245
166286,INCENSE,luxury,1,0.6788432267884322,2.7949409150373574
160283,INCENSE,luxury,1,0.6773211567732116,2.7908717877517124
169631,INCENSE,luxury,1,0.6727549467275494,2.7875609186216583
167645,INCENSE,luxury,1,0.669710806697108,2.783510382654004
160272,INCENSE,luxury,1,0.6681887366818874,2.7797305828681558
166623,INCENSE,luxury,1,0.6605783866057838,2.733797893982799
166954,INCENSE,luxury,1,0.6575342465753424,2.730045235336298
161284,INCENSE,luxury,1,0.649923896499239,2.695437549256904
161945,INCENSE,luxury,1,0.6270928462709284,2.642267368477888
167959,INCENSE,luxury,1,0.619482496194825,2.6127353585690782
159604,INCENSE,luxury,1,0.6179604261796042,2.610202995633741
162958,INCENSE,luxury,1,0.6012176560121766,2.5660322053123013
160279,INCENSE,luxury,1,0.5920852359208524,2.560062661659737
168297,INCENSE,luxury,1,0.5905631659056316,2.559304487271563
160940,INCENSE,luxury,1,0.5753424657534246,2.51172104457613
162290,INCENSE,luxury,1,0.5449010654490106,2.419259066399677
159954,INCENSE,luxury,1,0.5144596651445966,2.3529190171579777
160626,INCENSE,luxury,1,0.4992389649923896,2.312444642284034
160287,INCENSE,luxury,1,0.4916286149162861,2.2947390990782006
161631,INCENSE,luxury,1,0.4550989345509893,2.221906122948333
161291,INCENSE,luxury,1,0.4505327245053272,2.2062175046334223
161963,INCENSE,luxury,1,0.4398782343987823,2.172891046162282
162950,INCENSE,luxury,1,0.4383561643835616,2.158428873780478
159266,INCENSE,luxury,1,0.410958904109589,2.0991616603620606
159273,INCENSE,luxury,1,0.4094368340943683,2.099118375455097
166308,INCENSE,luxury,1,0.3942161339421613,2.079462818751144
167312,INCENSE,luxury,1,0.3866057838660578,2.069460417841211
161608,INCENSE,luxury,1,0.3470319634703196,1.972862582443844
163295,INCENSE,luxury,1,0.3074581430745814,1.8871830007880963
158599,INCENSE,luxury,1,0.3059360730593607,1.8850597844928685
163963,INCENSE,luxury,1,0.2907153729071537,1.8539070523239525
159933,INCENSE,luxury,1,0.2770167427701674,1.8190910989524065
165618,INCENSE,luxury,1,0.2694063926940639,1.8110391295845485
165948,INCENSE,luxury,1,0.2648401826484018,1.8088662698914035
159622,INCENSE,luxury,1,0.2633181126331811,1.805653639110016
159611,INCENSE,luxury,1,0.2526636225266362,1.7971182680948643
159282,INCENSE,luxury,1,0.2511415525114155,1.7953740006889047
161298,INCENSE,luxury,1,0.2252663622526636,1.729889960310275
167622,INCENSE,luxury,1,0.2176560121765601,1.7036109192183753
162612,INCENSE,luxury,1,0.1963470319634703,1.656857058642216
162627,INCENSE,luxury,1,0.1948249619482496,1.6567818142603268
162635,INCENSE,luxury,1,0.1933028919330289,1.6492385982286768
162296,INCENSE,luxury,1,0.1902587519025875,1.6401408407631597
158950,INCENSE,luxury,1,0.1765601217656012,1.615926684052715
160294,INCENSE,luxury,1,0.1628614916286149,1.5774332750083189
158267,INCENSE,luxury,1,0.1582952815829528,1.570109063008553
159615,INCENSE,luxury,1,0.1506849315068493,1.5602023670168912
162303,INCENSE,luxury,1,0.1187214611872146,1.4870256082086897
158262,INCENSE,luxury,1,0.1156773211567732,1.4857334318914497
165280,INCENSE,luxury,1,0.1095890410958904,1.4720661960449637
160601,INCENSE,luxury,1,0.106544901065449,1.470117567001003
184325,JADE,luxury,1,1.0,4.768413158951292
198757,JADE,luxury,1,0.995967741935484,4.336102700313362
56981,JADE,luxury,1,0.967741935483871,3.926468655831793
193003,JADE,luxury,1,0.9637096774193548,3.920522777564075
65453,JADE,luxury,1,0.9516129032258064,3.729472477557044
183655,JADE,luxury,1,0.9475806451612904,3.563953979479476
183988,JADE,luxury,1,0.9435483870967742,3.50598798491331
185649,JADE,luxury,1,0.9193548387096774,3.381425878383641
183991,JADE,luxury,1,0.9112903225806452,3.3798389108581075
184658,JADE,luxury,1,0.875,3.278195884802642
184661,JADE,luxury,1,0.8508064516129032,3.167662840889645
184995,JADE,luxury,1,0.842741935483871,3.121888397132064
57317,JADE,luxury,1,0.8225806451612904,2.991175281030685
56647,JADE,luxury,1,0.8185483870967742,2.99039445694842
240467,JADE,luxury,1,0.8104838709677419,2.9318914647322334
57651,JADE,luxury,1,0.8064516129032258,2.925993164098208
56311,JADE,luxury,1,0.8024193548387096,2.9245267267487787
57314,JADE,luxury,1,0.7862903225806451,2.863852961769003
56644,JADE,luxury,1,0.782258064516129,2.8631595840057305
192669,JADE,luxury,1,0.7741935483870968,2.8577844719350685
193673,JADE,luxury,1,0.7701612903225806,2.847181295175612
193336,JADE,luxury,1,0.7419354838709677,2.768398923698284
192666,JADE,luxury,1,0.7338709677419355,2.73564284839897
199427,JADE,luxury,1,0.6774193548387096,2.6065580644803776
186319,JADE,luxury,1,0.6653225806451613,2.5694136056934807
65117,JADE,luxury,1,0.5967741935483871,2.368073726148338
183318,JADE,luxury,1,0.592741935483871,2.3576902476578585
64783,JADE,luxury,1,0.5806451612903226,2.3333763669774323
183321,JADE,luxury,1,0.5604838709677419,2.284369156002893
241137,JADE,luxury,1,0.5241935483870968,2.229962608125599
185982,JADE,luxury,1,0.5201612903225806,2.223634560168425
56984,JADE,luxury,1,0.5120967741935484,2.2163846626768384
184322,JADE,luxury,1,0.5040322580645161,2.192121429730266
57987,JADE,luxury,1,0.5,2.179156513442824
55977,JADE,luxury,1,0.4959677419354839,2.177858644504064
191998,JADE,luxury,1,0.4879032258064516,2.1677960856992224
240804,JADE,luxury,1,0.4838709677419355,2.1618959726532774
185985,JADE,luxury,1,0.4717741935483871,2.138865978950345
65787,JADE,luxury,1,0.4677419354838709,2.134640114382619
198087,JADE,luxury,1,0.4596774193548387,2.128247361832617
57984,JADE,luxury,1,0.4435483870967742,2.1056468699275626
55974,JADE,luxury,1,0.439516129032258,2.104399330479619
65120,JADE,luxury,1,0.4314516129032258,2.074261324947115
56978,JADE,luxury,1,0.4233870967741935,2.069329331737424
184328,JADE,luxury,1,0.4153225806451613,2.0555336353640725
239798,JADE,luxury,1,0.3991935483870967,2.010673244832863
199094,JADE,luxury,1,0.3951612903225806,1.984890128083864
185328,JADE,luxury,1,0.3870967741935484,1.970245330561584
194006,JADE,luxury,1,0.3790322580645161,1.9399156130346535
57654,JADE,luxury,1,0.3709677419354839,1.919286781768566
56314,JADE,luxury,1,0.3669354838709677,1.918529468275631
215813,JADE,luxury,1,0.3629032258064516,1.9122226320420035
182985,JADE,luxury,1,0.3588709677419355,1.909192610798125
185331,JADE,luxury,1,0.3548387096774194,1.906092533618703
66123,JADE,luxury,1,0.3508064516129032,1.8999041418745717
191996,JADE,luxury,1,0.3467741935483871,1.8812217982078063
193000,JADE,luxury,1,0.3387096774193548,1.8754869447258875
65790,JADE,luxury,1,0.3346774193548387,1.872829676735415
58321,JADE,luxury,1,0.3306451612903225,1.855030481232068
183652,JADE,luxury,1,0.3266129032258064,1.854721352012525
55641,JADE,luxury,1,0.3225806451612903,1.8535614631973811
57648,JADE,luxury,1,0.2943548387096774,1.7919300159917806
56308,JADE,luxury,1,0.2903225806451613,1.7912163681808997
198424,JADE,luxury,1,0.2741935483870967,1.7828448906238847
193676,JADE,luxury,1,0.2419354838709677,1.7090734034384902
178297,LAPIS_LAZULI,luxury,1,1.0,4.806275066431683
178631,LAPIS_LAZULI,luxury,1,0.976470588235294,3.655832185275581
177961,LAPIS_LAZULI,luxury,1,0.9647058823529412,3.55664144582489
81984,LAPIS_LAZULI,luxury,1,0.9529411764705882,3.5314217547624662
193338,LAPIS_LAZULI,luxury,1,0.9411764705882352,3.5122112165838684
178632,LAPIS_LAZULI,luxury,1,0.9294117647058824,3.4649285992666745
193004,LAPIS_LAZULI,luxury,1,0.9176470588235294,3.4019481852006277
177962,LAPIS_LAZULI,luxury,1,0.9058823529411764,3.377366027990657
178298,LAPIS_LAZULI,luxury,1,0.8941176470588236,3.3358121644963585
82319,LAPIS_LAZULI,luxury,1,0.8823529411764706,3.157699547509229
193339,LAPIS_LAZULI,luxury,1,0.8588235294117647,3.023558680121538
81985,LAPIS_LAZULI,luxury,1,0.8470588235294118,2.938026084290746
82318,LAPIS_LAZULI,luxury,1,0.8352941176470589,2.7788337432891463
178630,LAPIS_LAZULI,luxury,1,0.8117647058823529,2.628966587240856
177960,LAPIS_LAZULI,luxury,1,0.8,2.571359177196077
193005,LAPIS_LAZULI,luxury,1,0.7764705882352941,2.5010747723000457
178967,LAPIS_LAZULI,luxury,1,0.7647058823529411,2.488419485593154
81649,LAPIS_LAZULI,luxury,1,0.7529411764705882,2.474259485597051
177627,LAPIS_LAZULI,luxury,1,0.7294117647058823,2.380643154534488
81983,LAPIS_LAZULI,luxury,1,0.7176470588235294,2.359468821944256
178633,LAPIS_LAZULI,luxury,1,0.6941176470588235,2.3035633294947457
177963,LAPIS_LAZULI,luxury,1,0.6823529411764706,2.2527709378694123
81648,LAPIS_LAZULI,luxury,1,0.6705882352941176,2.2365768824375647
178295,LAPIS_LAZULI,luxury,1,0.6588235294117647,2.2309651482069515
82320,LAPIS_LAZULI,luxury,1,0.6352941176470588,2.1812935701430223
193002,LAPIS_LAZULI,luxury,1,0.6235294117647059,2.0970783227493417
82654,LAPIS_LAZULI,luxury,1,0.6,2.083975076653367
193675,LAPIS_LAZULI,luxury,1,0.5764705882352941,2.026061918050778
193340,LAPIS_LAZULI,luxury,1,0.5647058823529412,1.9959641651588096
178968,LAPIS_LAZULI,luxury,1,0.5529411764705883,1.9933359877930483
177628,LAPIS_LAZULI,luxury,1,0.5411764705882353,1.9027395837871035
82655,LAPIS_LAZULI,luxury,1,0.5294117647058824,1.8600526799422308
142909,LAPIS_LAZULI,luxury,1,0.5058823529411764,1.8579340690612185
81650,LAPIS_LAZULI,luxury,1,0.4941176470588235,1.7805164693047315
193672,LAPIS_LAZULI,luxury,1,0.4823529411764706,1.7041851941229078
81986,LAPIS_LAZULI,luxury,1,0.4705882352941176,1.6727673894980206
181313,LAPIS_LAZULI,luxury,1,0.4588235294117647,1.6696286837208936
82317,LAPIS_LAZULI,luxury,1,0.4470588235294118,1.6223911169428442
192334,LAPIS_LAZULI,luxury,1,0.4352941176470588,1.602151396205885
143243,LAPIS_LAZULI,luxury,1,0.4117647058823529,1.587966715983822
142908,LAPIS_LAZULI,luxury,1,0.3764705882352941,1.5593059723512666
194009,LAPIS_LAZULI,luxury,1,0.3647058823529411,1.5253433172188628
82653,LAPIS_LAZULI,luxury,1,0.3529411764705882,1.5215068123659174
193006,LAPIS_LAZULI,luxury,1,0.3176470588235294,1.4538048139413775
143242,LAPIS_LAZULI,luxury,1,0.2470588235294117,1.2017502256895432
143579,LAPIS_LAZULI,luxury,1,0.2352941176470588,1.144349847294697
181648,LAPIS_LAZULI,luxury,1,0.2235294117647059,1.1192639106380708
181650,LAPIS_LAZULI,luxury,1,0.2,1.058474526264956
143578,LAPIS_LAZULI,luxury,1,0.188235294117647,1.0480726492550136
180978,LAPIS_LAZULI,luxury,1,0.1764705882352941,1.0242838068082951
143245,LAPIS_LAZULI,luxury,1,0.1529411764705882,1.0023399658677552
180980,LAPIS_LAZULI,luxury,1,0.1411764705882353,0.9690799021049364
142239,LAPIS_LAZULI,luxury,1,0.1294117647058823,0.9662471570491038
181312,LAPIS_LAZULI,luxury,1,0.1176470588235294,0.9526375966889544
74112,MARBLE,luxury,1,1.0,178.0
93717,MARBLE,luxury,1,0.9916666666666668,45.0
82469,MARBLE,luxury,1,0.9916666666666668,45.0
71774,MARBLE,luxury,1,0.9708333333333332,30.0
50657,MARBLE,luxury,1,0.9708333333333332,30.0
73780,MARBLE,luxury,1,0.9625,28.0
72882,MARBLE,luxury,1,0.95,24.0
74862,MARBLE,luxury,1,0.95,24.0
83144,MARBLE,luxury,1,0.9333333333333332,22.0
53683,MARBLE,luxury,1,0.9208333333333332,19.0
54690,MARBLE,luxury,1,0.9166666666666666,18.0
83810,MARBLE,luxury,1,0.9166666666666666,18.0
75119,MARBLE,luxury,1,0.9166666666666666,18.0
61705,MARBLE,luxury,1,0.9,17.0
51002,MARBLE,luxury,1,0.8916666666666667,13.0
54686,MARBLE,luxury,1,0.8833333333333333,12.0
51340,MARBLE,luxury,1,0.85,10.0
60372,MARBLE,luxury,1,0.8416666666666667,9.0
78128,MARBLE,luxury,1,0.8416666666666667,9.0
101697,MARBLE,luxury,1,0.8416666666666667,9.0
55676,MARBLE,luxury,1,0.8416666666666667,9.0
49984,MARBLE,luxury,1,0.8416666666666667,9.0
50989,MARBLE,luxury,1,0.7791666666666667,8.0
60354,MARBLE,luxury,1,0.7666666666666667,7.0
75915,MARBLE,luxury,1,0.7625,6.0
81471,MARBLE,luxury,1,0.7625,6.0
65788,MARBLE,luxury,1,0.7625,6.0
68752,MARBLE,luxury,1,0.7625,6.0
84478,MARBLE,luxury,1,0.7625,6.0
81629,MARBLE,luxury,1,0.7625,6.0
54369,MARBLE,luxury,1,0.7625,6.0
243812,MARBLE,luxury,1,0.7625,6.0
96709,MARBLE,luxury,1,0.7625,6.0
55354,MARBLE,luxury,1,0.7625,6.0
57374,MARBLE,luxury,1,0.7625,6.0
57014,MARBLE,luxury,1,0.7625,6.0
75194,MARBLE,luxury,1,0.7625,6.0
75161,MARBLE,luxury,1,0.7625,6.0
60739,MARBLE,luxury,1,0.7625,6.0
83321,MARBLE,luxury,1,0.7625,6.0
55697,MARBLE,luxury,1,0.7625,6.0
54693,MARBLE,luxury,1,0.7625,6.0
50330,MARBLE,luxury,1,0.7625,6.0
57005,MARBLE,luxury,1,0.7625,6.0
52332,MARBLE,luxury,1,0.5875,5.0
52339,MARBLE,luxury,1,0.5833333333333334,4.0
56018,MARBLE,luxury,1,0.5833333333333334,4.0
58058,MARBLE,luxury,1,0.5833333333333334,4.0
66792,MARBLE,luxury,1,0.5625,3.0
53341,MARBLE,luxury,1,0.5625,3.0
58035,MARBLE,luxury,1,0.5625,3.0
167922,MARBLE,luxury,1,0.5625,3.0
73113,MARBLE,luxury,1,0.5625,3.0
59734,MARBLE,luxury,1,0.5625,3.0
141927,MARBLE,luxury,1,0.5625,3.0
93710,MARBLE,luxury,1,0.5625,3.0
52345,MARBLE,luxury,1,0.5625,3.0
83324,MARBLE,luxury,1,0.5625,3.0
99373,MARBLE,luxury,1,0.5625,3.0
78457,MARBLE,luxury,1,0.5625,3.0
53357,MARBLE,luxury,1,0.5625,3.0
72545,MARBLE,luxury,1,0.5625,3.0
77451,MARBLE,luxury,1,0.5625,3.0
58736,MARBLE,luxury,1,0.5625,3.0
137428,OLIVES,luxury,1,1.0,68088.34028635678
147814,OLIVES,luxury,1,0.9999271614829922,67580.92314066942
128044,OLIVES,luxury,1,0.9998543229659844,63772.93521075154
126705,OLIVES,luxury,1,0.9995629688979532,58328.424496822845
129048,OLIVES,luxury,1,0.9994901303809456,57812.30603488197
140765,OLIVES,luxury,1,0.9986889066938596,45993.38592378924
141439,OLIVES,luxury,1,0.9982518755918128,37165.20189983731
145798,OLIVES,luxury,1,0.9981790370748052,37134.96797706024
136756,OLIVES,luxury,1,0.997523490421735,30773.94559848353
127372,OLIVES,luxury,1,0.9974506519047271,29471.406405688467
125363,OLIVES,luxury,1,0.996795105251657,24857.770673313666
134076,OLIVES,luxury,1,0.9967222667346493,24495.143858381853
155185,OLIVES,luxury,1,0.9962852356326024,23141.8887362756
141442,OLIVES,luxury,1,0.9960667200815791,22159.933074877947
126031,OLIVES,luxury,1,0.995775366013548,21159.11698462997
145140,OLIVES,luxury,1,0.9955568504625246,20713.11364489565
139445,OLIVES,luxury,1,0.9949013038094544,18416.165995582887
144457,OLIVES,luxury,1,0.9946099497414232,17248.9157229641
139425,OLIVES,luxury,1,0.9945371112244156,17025.78173088029
137745,OLIVES,luxury,1,0.9941729186393764,16070.36975934501
131050,OLIVES,luxury,1,0.9938087260543376,15786.984157779005
146809,OLIVES,luxury,1,0.9937358875373298,15747.680086029022
155189,OLIVES,luxury,1,0.9935902105033142,15474.625626050169
129044,OLIVES,luxury,1,0.9928618253332362,14454.094887363895
126025,OLIVES,luxury,1,0.9923519557141816,13549.558040218457
155518,OLIVES,luxury,1,0.992279117197174,13499.748947095955
136423,OLIVES,luxury,1,0.9921334401631584,13335.421650631377
130384,OLIVES,luxury,1,0.9919877631291428,13320.22374240765
125025,OLIVES,luxury,1,0.9908951853740258,12096.845538401518
158198,OLIVES,luxury,1,0.9903124772379636,11694.614598899714
145460,OLIVES,luxury,1,0.9900211231699324,11555.707252369572
125374,OLIVES,luxury,1,0.9898026076189088,11426.15068285885
128039,OLIVES,luxury,1,0.9897297691019012,11408.699162997937
138752,OLIVES,luxury,1,0.9896569305848932,11380.419417772668
126363,OLIVES,luxury,1,0.9888557068978076,10989.290831195942
126377,OLIVES,luxury,1,0.9884915143127686,10773.212817223655
157860,OLIVES,luxury,1,0.987981644693714,10576.864661675563
148142,OLIVES,luxury,1,0.9879088061767064,10568.273628039557
146803,OLIVES,luxury,1,0.9878359676596984,10518.850673723213
128707,OLIVES,luxury,1,0.987617452108675,10491.811499276751
157192,OLIVES,luxury,1,0.9874717750746594,10465.913202606676
127045,OLIVES,luxury,1,0.986597712870566,9987.36873566096
126380,OLIVES,luxury,1,0.9857236506664724,9341.867929469438
154857,OLIVES,luxury,1,0.9850681040134024,9054.560052968567
129716,OLIVES,luxury,1,0.9849224269793868,9004.560162464044
125712,OLIVES,luxury,1,0.9847039114283632,8948.08162266659
156190,OLIVES,luxury,1,0.9843397188433244,8823.568269903033
128376,OLIVES,luxury,1,0.9841940418093088,8759.697562005873
136750,OLIVES,luxury,1,0.9840483647752932,8720.940987608139
137760,OLIVES,luxury,1,0.9836113336732464,8532.527941548082
124372,OLIVES,luxury,1,0.9835384951562386,8492.098610115698
158535,OLIVES,luxury,1,0.9831743025711996,8331.078119701377
152183,OLIVES,luxury,1,0.9820088862990748,7811.422966979786
125022,OLIVES,luxury,1,0.9815718551970282,7668.737309075934
142442,OLIVES,luxury,1,0.9808434700269504,7216.127592004215
127717,OLIVES,luxury,1,0.98018792337388,6871.317706831713
147133,OLIVES,luxury,1,0.9790953456187632,6289.12781874885
129711,OLIVES,luxury,1,0.9788768300677398,6150.495859390303
158865,OLIVES,luxury,1,0.9785854759997088,6065.399892099454
144454,OLIVES,luxury,1,0.9782212834146696,5926.96161524499
156520,OLIVES,luxury,1,0.9761089664214436,5154.859026470574
145457,OLIVES,luxury,1,0.9758904508704204,5112.448681025553
124375,OLIVES,luxury,1,0.973850972394202,4453.446144689473
152162,OLIVES,luxury,1,0.9734867798091632,4377.020373111041
135081,OLIVES,luxury,1,0.9723213635370384,4084.563642703771
132054,OLIVES,luxury,1,0.9720300094690072,4014.755303312697
140786,OLIVES,luxury,1,0.9715201398499528,3928.2215627230808
151174,OLIVES,luxury,1,0.9713016242989292,3870.305888478207
128720,OLIVES,luxury,1,0.9709374317138904,3793.9917205872057
154170,OLIVES,luxury,1,0.9705732391288512,3717.4553346148286
143782,OLIVES,luxury,1,0.9702090465438123,3683.8116368390793
153163,OLIVES,luxury,1,0.9696991769247578,3590.2425772835795
133071,OLIVES,luxury,1,0.96962633840775,3568.671669397376
149148,OLIVES,luxury,1,0.9694806613737345,3552.235482316729
146145,OLIVES,luxury,1,0.9692621458227112,3519.533175018484
149816,OLIVES,luxury,1,0.9684609221356252,3409.142651606693
154175,OLIVES,luxury,1,0.9683152451016096,3378.9202000691284
130044,OLIVES,luxury,1,0.9675868599315318,3303.355149067709
152159,OLIVES,luxury,1,0.9670041517954694,3220.427205232899
154166,OLIVES,luxury,1,0.9669313132784616,3219.055740982419
148135,OLIVES,luxury,1,0.966785636244446,3213.0879480434337
136411,OLIVES,luxury,1,0.9665671206934228,3136.2566234395144
137432,OLIVES,luxury,1,0.9664942821764148,3125.7242654953734
155857,OLIVES,luxury,1,0.9664214436594072,3120.2701563552223
155195,OLIVES,luxury,1,0.9643091266661812,2792.425759306459
152825,OLIVES,luxury,1,0.963944934081142,2726.304944004783
155507,OLIVES,luxury,1,0.9637992570471264,2718.6388249169263
135734,OLIVES,luxury,1,0.9634350644620876,2691.880052043457
159193,OLIVES,luxury,1,0.9627795178090174,2594.38331287687
155515,OLIVES,luxury,1,0.9621239711559472,2528.764042924709
157188,OLIVES,luxury,1,0.9620511326389396,2523.485124566017
153502,OLIVES,luxury,1,0.961905455604924,2503.7280413446933
131064,OLIVES,luxury,1,0.9609585548838224,2426.1150414271706
158526,OLIVES,luxury,1,0.960812877849807,2394.3407047328565
149143,OLIVES,luxury,1,0.9607400393327992,2387.8992525384447
152834,OLIVES,luxury,1,0.9586277223395732,2214.376790493478
50661,OLIVES,luxury,1,0.9582635297545342,2180.6800106379605
50319,OLIVES,luxury,1,0.9581178527205186,2177.735592554229
150817,OLIVES,luxury,1,0.9564425668293394,2055.294968667872
151156,OLIVES,luxury,1,0.9561512127613082,2037.53253431124
150154,OLIVES,luxury,1,0.9559326972102848,2026.856970377222
156516,OLIVES,luxury,1,0.9555685046252458,2011.4582172724884
157517,OLIVES,luxury,1,0.9549129579721756,1947.207530818397
149487,OLIVES,luxury,1,0.954840119455168,1941.7751207438007
132730,OLIVES,luxury,1,0.9545487653871368,1889.9902140339864
146461,OLIVES,luxury,1,0.9544030883531212,1885.022054615898
143443,OLIVES,luxury,1,0.9538203802170588,1841.6780978742756
154507,OLIVES,luxury,1,0.9537475417000508,1840.046433790827
149140,OLIVES,luxury,1,0.9525092869109184,1742.567042996265
155175,OLIVES,luxury,1,0.9517080632238328,1688.7800176389885
153171,OLIVES,luxury,1,0.9508340010197393,1613.6751463609517
125380,OLIVES,luxury,1,0.9487216840265132,1468.449380648633
134060,OLIVES,luxury,1,0.9482846529244664,1452.8369464328111
144115,OLIVES,luxury,1,0.9469007211013184,1366.5301818983253
159865,OLIVES,luxury,1,0.9467550440673028,1358.45709639373
125019,OLIVES,luxury,1,0.9465365285162796,1346.6359454400097
130060,OLIVES,luxury,1,0.9464636899992716,1343.4585035013954
150826,OLIVES,luxury,1,0.945953820380217,1329.5800112302486
142431,OLIVES,luxury,1,0.9458809818632092,1326.4740938621244
158856,OLIVES,luxury,1,0.9447884041080924,1279.9112409248064
152850,OLIVES,luxury,1,0.9439871804210066,1252.346111031824
151821,OLIVES,luxury,1,0.9432587952509288,1206.911800132013
140130,OLIVES,luxury,1,0.9418748634277806,1131.844871116325
156179,OLIVES,luxury,1,0.9400539005025856,1052.6346406270957
126721,OLIVES,luxury,1,0.9394711923665234,993.1384495933752
140759,OLIVES,luxury,1,0.9388156457134532,970.4116954941436
141798,OLIVES,luxury,1,0.9372131983392818,911.327289497447
138077,OLIVES,luxury,1,0.936776167237235,881.1030916034013
53020,OLIVES,luxury,1,0.9348823657950324,808.7771381665997
141426,OLIVES,luxury,1,0.9344453346929856,793.7168488107625
134413,OLIVES,luxury,1,0.9330614028698376,735.8575364259376
150484,OLIVES,luxury,1,0.9329885643528296,730.1812062931281
128703,OLIVES,luxury,1,0.932551533250783,718.2808755755607
158189,OLIVES,luxury,1,0.9313132784616506,660.7673636462537
66127,OLIVES,luxury,1,0.930803408842596,639.3566583893596
136744,OLIVES,luxury,1,0.92934663850244,590.8095252595306
131732,OLIVES,luxury,1,0.92869109184937,567.6408185313342
147810,OLIVES,luxury,1,0.928326899264331,555.2086885023905
160539,OLIVES,luxury,1,0.9280355451962998,547.366616401741
145119,OLIVES,luxury,1,0.927962706679292,545.4776728847602
157521,OLIVES,luxury,1,0.9266516133731516,501.3909573556437
141135,OLIVES,luxury,1,0.926214582271105,486.3381965585354
151829,OLIVES,luxury,1,0.9248306504479568,427.3218014341885
127366,OLIVES,luxury,1,0.92439361934591,413.6748602731173
136737,OLIVES,luxury,1,0.9241751037948868,409.7845448434955
127363,OLIVES,luxury,1,0.9234467186248088,384.49087648338536
155533,OLIVES,luxury,1,0.9227911719717388,365.0364932800315
132051,OLIVES,luxury,1,0.9217714327336296,334.7692900333622
131725,OLIVES,luxury,1,0.921625755699614,332.99168968200684
127385,OLIVES,luxury,1,0.9200961468424504,308.1037850481817
147506,OLIVES,luxury,1,0.9198776312914267,305.3443412716297
131047,OLIVES,luxury,1,0.919513438706388,299.8354449349912
134728,OLIVES,luxury,1,0.919149246121349,287.6783594047105
139417,OLIVES,luxury,1,0.91878505353631,284.3713835893525
141765,OLIVES,luxury,1,0.918056668366232,263.95952401300167
159533,OLIVES,luxury,1,0.9151431276859204,204.48642286798705
52010,OLIVES,luxury,1,0.914924612134897,200.9160856229844
140754,OLIVES,luxury,1,0.914560419549858,194.65657086620536
82668,OLIVES,luxury,1,0.9141233884478112,189.08433378461532
156201,OLIVES,luxury,1,0.9139777114137956,187.1954803466797
89024,OLIVES,luxury,1,0.91383203437978,185.110262743478
88015,OLIVES,luxury,1,0.9136135188287566,180.09057700686455
87011,OLIVES,luxury,1,0.9130308106926944,172.63876271458366
65121,OLIVES,luxury,1,0.912812295141671,168.6305659650987
88019,OLIVES,luxury,1,0.912448102556632,166.67200792298013
133055,OLIVES,luxury,1,0.9122295870056084,163.60266941368053
50671,OLIVES,luxury,1,0.911719717386554,160.20056974184587
89696,OLIVES,luxury,1,0.911064170733484,154.89860557298806
87689,OLIVES,luxury,1,0.9106271396314372,152.39733573283362
90712,OLIVES,luxury,1,0.910262947046398,150.0595957071359
88027,OLIVES,luxury,1,0.9101901085293904,149.6880498558292
87017,OLIVES,luxury,1,0.9095345618763202,146.38466159497727
127722,OLIVES,luxury,1,0.909243207808289,144.5565931238234
91716,OLIVES,luxury,1,0.9090975307742736,143.96305374638348
140797,OLIVES,luxury,1,0.9090246922572656,143.80560302734375
82663,OLIVES,luxury,1,0.9083691456041956,142.3932236588362
86680,OLIVES,luxury,1,0.9076407604341176,138.73346005780496
89369,OLIVES,luxury,1,0.9074222448830942,137.967601513399
133398,OLIVES,luxury,1,0.907130890815063,136.14451557480146
133720,OLIVES,luxury,1,0.9069852137810476,135.93096892915082
51013,OLIVES,luxury,1,0.9069123752640396,135.305537748073
89357,OLIVES,luxury,1,0.906766698230024,134.5607120057937
88364,OLIVES,luxury,1,0.905382766406876,127.94655399179182
83006,OLIVES,luxury,1,0.9053099278898682,127.74742781029045
86674,OLIVES,luxury,1,0.9040716731007356,120.66996862327449
162210,OLIVES,luxury,1,0.9038531575497124,120.04144234023256
91379,OLIVES,luxury,1,0.9027605797945952,115.12798445044626
90034,OLIVES,luxury,1,0.9026877412775876,114.65605244444126
83011,OLIVES,luxury,1,0.9020321946245174,112.04696409526557
89031,OLIVES,luxury,1,0.9016680020394784,110.8618298143074
152522,OLIVES,luxury,1,0.9013766479714472,109.4037330144794
153866,OLIVES,luxury,1,0.9002112316993226,106.15110437067896
88356,OLIVES,luxury,1,0.8999198776312914,105.1685821088998
156533,OLIVES,luxury,1,0.8994100080122369,101.60785675048828
89028,OLIVES,luxury,1,0.8985359458081433,98.03908449678504
138074,OLIVES,luxury,1,0.8978803991550732,96.03228085654584
88005,OLIVES,luxury,1,0.8977347221210576,95.8045653079256
90702,OLIVES,luxury,1,0.8964964673319251,91.32723181356305
88012,OLIVES,luxury,1,0.896205113263894,89.37660959478549
89706,OLIVES,luxury,1,0.8956952436448394,88.16265819233628
163901,OLIVES,luxury,1,0.8955495666108239,88.0226195023183
90699,OLIVES,luxury,1,0.8946026658897225,84.96027466214753
89019,OLIVES,luxury,1,0.8944569888557069,84.05334741400269
85324,OLIVES,luxury,1,0.893728603685629,81.17778637028762
87674,OLIVES,luxury,1,0.8926360259305121,77.708810863704
162555,OLIVES,luxury,1,0.8922718333454731,76.91641831818738
163228,OLIVES,luxury,1,0.891252094107364,74.5254297424818
143436,OLIVES,luxury,1,0.8911064170733484,74.22115672887149
140421,OLIVES,luxury,1,0.8908150630053172,73.395436862583
90361,OLIVES,luxury,1,0.8902323548692549,71.66082667993737
85654,OLIVES,luxury,1,0.889868162284216,71.01232824094653
161545,OLIVES,luxury,1,0.8897224852502003,70.93891879126625
167256,OLIVES,luxury,1,0.8894311311821691,70.19350543668905
162548,OLIVES,luxury,1,0.8893582926651613,70.17183755131676
82330,OLIVES,luxury,1,0.8892854541481535,70.14693744748612
90047,OLIVES,luxury,1,0.8884842304610678,68.28640274753965
91706,OLIVES,luxury,1,0.8881200378760289,67.32730218226504
92384,OLIVES,luxury,1,0.887683006773982,65.1706049284556
144109,OLIVES,luxury,1,0.8867361060528808,62.14533710471549
166253,OLIVES,luxury,1,0.8865904290188652,62.049507591796925
167240,OLIVES,luxury,1,0.8864447519848496,61.71134783008134
73888,OLIVES,luxury,1,0.8852793357127249,59.08987110767559
76248,OLIVES,luxury,1,0.8850608201617015,58.52539043505127
72881,OLIVES,luxury,1,0.8842595964746158,57.31380370528037
165569,OLIVES,luxury,1,0.884186757957608,57.00413280945556
50329,OLIVES,luxury,1,0.8839682424065846,56.65794252607485
89349,OLIVES,luxury,1,0.8837497268555612,56.53299799481233
82324,OLIVES,luxury,1,0.8831670187194989,55.255360212280536
74218,OLIVES,luxury,1,0.8830213416854833,54.832689383493495
60078,OLIVES,luxury,1,0.881710248379343,52.557920418440666
84991,OLIVES,luxury,1,0.8814188943113118,52.24878377243329
222858,PEARLS,luxury,1,1.0,7.302798174902347
8475,PEARLS,luxury,1,0.9993894993894994,5.421021002706564
5790,PEARLS,luxury,1,0.996947496947497,5.231537367371594
7467,PEARLS,luxury,1,0.9945054945054944,5.080288502297155
246412,PEARLS,luxury,1,0.9932844932844932,4.6800985721174655
234082,PEARLS,luxury,1,0.992063492063492,4.654834481080067
7829,PEARLS,luxury,1,0.9914529914529916,4.6026523467523806
12836,PEARLS,luxury,1,0.9896214896214895,4.301075032815294
247419,PEARLS,luxury,1,0.9884004884004884,3.989661598233192
237308,PEARLS,luxury,1,0.9877899877899878,3.944373204653776
242734,PEARLS,luxury,1,0.9877899877899878,3.944373204653776
128716,PEARLS,luxury,1,0.9853479853479854,3.8743059273758256
74179,PEARLS,luxury,1,0.9847374847374848,3.848321955445532
70492,PEARLS,luxury,1,0.984126984126984,3.7972504181429767
61097,PEARLS,luxury,1,0.984126984126984,3.7972504181429767
236307,PEARLS,luxury,1,0.9822954822954822,3.7439083030579767
8256,PEARLS,luxury,1,0.9816849816849816,3.688084284296105
219303,PEARLS,luxury,1,0.9816849816849816,3.688084284296105
74804,PEARLS,luxury,1,0.9786324786324786,3.666383237611919
28360,PEARLS,luxury,1,0.978021978021978,3.629536087292786
240440,PEARLS,luxury,1,0.978021978021978,3.629536087292786
256081,PEARLS,luxury,1,0.978021978021978,3.629536087292786
15625,PEARLS,luxury,1,0.9743589743589745,3.5679841340277254
86181,PEARLS,luxury,1,0.9743589743589745,3.5679841340277254
167940,PEARLS,luxury,1,0.9743589743589745,3.5679841340277254
212277,PEARLS,luxury,1,0.9743589743589745,3.5679841340277254
180674,PEARLS,luxury,1,0.9743589743589745,3.5679841340277254
229957,PEARLS,luxury,1,0.9694749694749696,3.5668265753073056
260173,PEARLS,luxury,1,0.9688644688644688,3.5387663180530717
252801,PEARLS,luxury,1,0.9682539682539684,3.5031034685033946
242063,PEARLS,luxury,1,0.9682539682539684,3.5031034685033946
189085,PEARLS,luxury,1,0.967032967032967,3.4345133718954566
10153,PEARLS,luxury,1,0.967032967032967,3.4345133718954566
70857,PEARLS,luxury,1,0.967032967032967,3.4345133718954566
73804,PEARLS,luxury,1,0.9633699633699634,3.418343383605175
238745,PEARLS,luxury,1,0.9621489621489622,3.3617638257157347
238756,PEARLS,luxury,1,0.9615384615384616,3.34838885425192
21986,PEARLS,luxury,1,0.9603174603174603,3.2843176003506493
236371,PEARLS,luxury,1,0.9597069597069596,3.2402096063217267
105713,PEARLS,luxury,1,0.9584859584859584,3.201526154566308
77520,PEARLS,luxury,1,0.9584859584859584,3.201526154566308
15965,PEARLS,luxury,1,0.9584859584859584,3.201526154566308
72799,PEARLS,luxury,1,0.9554334554334556,3.1260261362647133
248790,PEARLS,luxury,1,0.9529914529914528,3.1125965879818414
22649,PEARLS,luxury,1,0.9529914529914528,3.1125965879818414
133058,PEARLS,luxury,1,0.9529914529914528,3.1125965879818414
212834,PEARLS,luxury,1,0.9529914529914528,3.1125965879818414
172631,PEARLS,luxury,1,0.9529914529914528,3.1125965879818414
18874,PEARLS,luxury,1,0.948107448107448,3.016545338773598
24663,PEARLS,luxury,1,0.9468864468864469,2.9740705795747484
147813,PEARLS,luxury,1,0.9468864468864469,2.9740705795747484
147652,PEARLS,luxury,1,0.945054945054945,2.9121316863860423
230678,PEARLS,luxury,1,0.945054945054945,2.9121316863860423
222643,PEARLS,luxury,1,0.945054945054945,2.9121316863860423
189082,PEARLS,luxury,1,0.945054945054945,2.9121316863860423
220628,PEARLS,luxury,1,0.945054945054945,2.9121316863860423
18203,PEARLS,luxury,1,0.945054945054945,2.9121316863860423
72795,PEARLS,luxury,1,0.9383394383394384,2.8523839760678857
74806,PEARLS,luxury,1,0.9377289377289376,2.823350239184138
249095,PEARLS,luxury,1,0.9365079365079364,2.797759470620852
219568,PEARLS,luxury,1,0.9365079365079364,2.797759470620852
145977,PEARLS,luxury,1,0.9365079365079364,2.797759470620852
184100,PEARLS,luxury,1,0.9365079365079364,2.797759470620852
154001,PEARLS,luxury,1,0.9365079365079364,2.797759470620852
144121,PEARLS,luxury,1,0.9365079365079364,2.797759470620852
58079,PEARLS,luxury,1,0.9365079365079364,2.797759470620852
239416,PEARLS,luxury,1,0.9304029304029304,2.782342371876887
222521,PEARLS,luxury,1,0.9285714285714286,2.765352468197347
166026,PEARLS,luxury,1,0.927960927960928,2.7432346433484853
80874,PEARLS,luxury,1,0.9261294261294262,2.7313271358327023
249798,PEARLS,luxury,1,0.9255189255189256,2.7085900109164087
146468,PEARLS,luxury,1,0.9218559218559218,2.67966855679021
166593,PEARLS,luxury,1,0.9212454212454212,2.671326851831461
199131,PEARLS,luxury,1,0.9212454212454212,2.671326851831461
146808,PEARLS,luxury,1,0.9212454212454212,2.671326851831461
227995,PEARLS,luxury,1,0.9212454212454212,2.671326851831461
172033,PEARLS,luxury,1,0.9212454212454212,2.671326851831461
73517,PEARLS,luxury,1,0.9212454212454212,2.671326851831461
156331,PEARLS,luxury,1,0.9212454212454212,2.671326851831461
226658,PEARLS,luxury,1,0.9102564102564102,2.633970249992779
154863,PEARLS,luxury,1,0.9078144078144078,2.5954179257240324
242688,PEARLS,luxury,1,0.9041514041514042,2.5626199141432653
154333,PEARLS,luxury,1,0.9029304029304028,2.5299872090438003
26021,PEARLS,luxury,1,0.9029304029304028,2.5299872090438003
211611,PEARLS,luxury,1,0.9029304029304028,2.5299872090438003
148141,PEARLS,luxury,1,0.9029304029304028,2.5299872090438003
154521,PEARLS,luxury,1,0.9029304029304028,2.5299872090438003
242377,PEARLS,luxury,1,0.9029304029304028,2.5299872090438003
236714,PEARLS,luxury,1,0.891941391941392,2.4626114901298863
235699,PEARLS,luxury,1,0.8858363858363858,2.4156483574009955
64486,PEARLS,luxury,1,0.8827838827838828,2.369749537894373
160309,PEARLS,luxury,1,0.8827838827838828,2.369749537894373
218552,PEARLS,luxury,1,0.8827838827838828,2.369749537894373
252462,PEARLS,luxury,1,0.8827838827838828,2.369749537894373
247379,PEARLS,luxury,1,0.8827838827838828,2.369749537894373
62743,PEARLS,luxury,1,0.8827838827838828,2.369749537894373
153845,PEARLS,luxury,1,0.8827838827838828,2.369749537894373
210613,PEARLS,luxury,1,0.8827838827838828,2.369749537894373
146462,PEARLS,luxury,1,0.8827838827838828,2.369749537894373
130723,PEARLS,luxury,1,0.8827838827838828,2.369749537894373
261508,PEARLS,luxury,1,0.8724053724053724,2.3630330094562666
220530,PEARLS,luxury,1,0.8717948717948718,2.361483949448741
239696,PEARLS,luxury,1,0.8711843711843712,2.3598873600891834
72792,PEARLS,luxury,1,0.8693528693528694,2.3391494862047453
203157,PEARLS,luxury,1,0.8681318681318682,2.3152586498263408
187735,PERFUME,luxury,1,1.0,4.865219923308287
196075,PERFUME,luxury,1,0.9989669421487604,4.845773643903364
186729,PERFUME,luxury,1,0.9679752066115702,4.170006998852025
187397,PERFUME,luxury,1,0.9669421487603306,4.143360170469684
187067,PERFUME,luxury,1,0.9597107438016528,4.058707858597966
188403,PERFUME,luxury,1,0.9555785123966942,4.012114517450813
188072,PERFUME,luxury,1,0.9493801652892562,3.937871559292882
195070,PERFUME,luxury,1,0.9483471074380164,3.925766403913417
188740,PERFUME,luxury,1,0.9462809917355371,3.916920944648062
208162,PERFUME,luxury,1,0.9431818181818182,3.905052070055784
151158,PERFUME,luxury,1,0.9390495867768596,3.8766538734741056
195738,PERFUME,luxury,1,0.9359504132231404,3.845118596036267
195407,PERFUME,luxury,1,0.9318181818181818,3.8368400359007886
196743,PERFUME,luxury,1,0.9101239669421488,3.6913795131499896
196413,PERFUME,luxury,1,0.9080578512396694,3.684067773984696
197081,PERFUME,luxury,1,0.8946280991735537,3.617447700184284
207490,PERFUME,luxury,1,0.8853305785123967,3.5631265390513347
207158,PERFUME,luxury,1,0.875,3.529555011427107
208495,PERFUME,luxury,1,0.8708677685950413,3.4915169196437232
186392,PERFUME,luxury,1,0.8657024793388429,3.477711212550446
207830,PERFUME,luxury,1,0.856404958677686,3.4347786488527032
209167,PERFUME,luxury,1,0.8471074380165289,3.40274650982348
208834,PERFUME,luxury,1,0.8388429752066116,3.3777686941979552
209491,PERFUME,luxury,1,0.8336776859504132,3.356207193737492
187404,PERFUME,luxury,1,0.8140495867768595,3.294482280090163
187730,PERFUME,luxury,1,0.8068181818181818,3.2596934721679727
189408,PERFUME,luxury,1,0.8047520661157025,3.2554023559353946
147463,PERFUME,luxury,1,0.7985537190082644,3.243835466321292
185724,PERFUME,luxury,1,0.7830578512396694,3.215279187439436
189078,PERFUME,luxury,1,0.7820247933884298,3.212314334788338
206486,PERFUME,luxury,1,0.7696280991735537,3.1734639761305488
207823,PERFUME,luxury,1,0.7644628099173554,3.151237162400956
210163,PERFUME,luxury,1,0.7417355371900827,3.085476937158668
189071,PERFUME,luxury,1,0.7386363636363636,3.0611118990151907
206818,PERFUME,luxury,1,0.7241735537190083,3.034235156799628
206490,PERFUME,luxury,1,0.7221074380165289,3.0335307353573864
208502,PERFUME,luxury,1,0.7159090909090909,3.0112473189355167
194732,PERFUME,luxury,1,0.7148760330578512,3.006793618639534
194402,PERFUME,luxury,1,0.7117768595041323,3.00198555471735
209839,PERFUME,luxury,1,0.7086776859504132,2.9925932201700007
188410,PERFUME,luxury,1,0.7055785123966942,2.984141556558232
209821,PERFUME,luxury,1,0.7035123966942148,2.980492453305502
207162,PERFUME,luxury,1,0.6973140495867769,2.94538180936499
186724,PERFUME,luxury,1,0.6880165289256198,2.9140000727382853
196406,PERFUME,luxury,1,0.6756198347107438,2.871295831183084
195745,PERFUME,luxury,1,0.6714876033057852,2.862299944318052
205818,PERFUME,luxury,1,0.6663223140495868,2.852870473320729
209506,PERFUME,luxury,1,0.6652892561983471,2.848770880128749
197749,PERFUME,luxury,1,0.628099173553719,2.7396723151624656
197418,PERFUME,luxury,1,0.625,2.735431324135868
194064,PERFUME,luxury,1,0.6136363636363636,2.697386916595729
205814,PERFUME,luxury,1,0.612603305785124,2.6942415574714835
207151,PERFUME,luxury,1,0.6022727272727273,2.6800599763740176
207834,PERFUME,luxury,1,0.5898760330578512,2.6397146562071305
195400,PERFUME,luxury,1,0.5847107438016529,2.620593879056204
185386,PERFUME,luxury,1,0.5774793388429752,2.6069868802695293
205485,PERFUME,luxury,1,0.5485537190082644,2.534951803737675
209174,PERFUME,luxury,1,0.5351239669421488,2.518180661203389
210511,PERFUME,luxury,1,0.5289256198347108,2.505669009701375
206146,PERFUME,luxury,1,0.5268595041322314,2.505160529072633
205146,PERFUME,luxury,1,0.5247933884297521,2.497419066253008
188733,PERFUME,luxury,1,0.5196280991735537,2.4899062805234173
197411,PERFUME,luxury,1,0.5134297520661157,2.4664162671919816
196750,PERFUME,luxury,1,0.5092975206611571,2.458853286236023
206494,PERFUME,luxury,1,0.5010330578512396,2.4299796561051377
146457,PERFUME,luxury,1,0.496900826446281,2.4179086046051905
187742,PERFUME,luxury,1,0.4896694214876033,2.4005447158417423
198086,PERFUME,luxury,1,0.4876033057851239,2.3890666233329987
210825,PERFUME,luxury,1,0.4793388429752066,2.3743205657948425
210153,PERFUME,luxury,1,0.4762396694214876,2.367369861515872
187392,PERFUME,luxury,1,0.4690082644628099,2.3534241360813017
209149,PERFUME,luxury,1,0.4648760330578512,2.3480604939036223
208816,PERFUME,luxury,1,0.4576446280991735,2.3358590440510545
204813,PERFUME,luxury,1,0.4514462809917355,2.324228676444167
210178,PERFUME,luxury,1,0.4483471074380165,2.319677062300537
209824,PERFUME,luxury,1,0.4256198347107438,2.261675654557634
185719,PERFUME,luxury,1,0.4235537190082644,2.261434341446677
194740,PERFUME,luxury,1,0.4101239669421487,2.2303124075705547
208506,PERFUME,luxury,1,0.4070247933884297,2.225589420382894
150821,PERFUME,luxury,1,0.4039256198347107,2.212169607671696
207166,PERFUME,luxury,1,0.3987603305785124,2.188061654259955
205142,PERFUME,luxury,1,0.3977272727272727,2.1870332541066646
205488,PERFUME,luxury,1,0.3956611570247934,2.184912674847248
147125,PERFUME,luxury,1,0.3915289256198347,2.1784479147172946
206479,PERFUME,luxury,1,0.3884297520661157,2.1767926674537748
151826,PERFUME,luxury,1,0.3760330578512397,2.155709211730583
150153,PERFUME,luxury,1,0.3677685950413223,2.139522148783399
204474,PERFUME,luxury,1,0.3285123966942149,2.061033065279205
188747,PERFUME,luxury,1,0.3181818181818182,2.0293315588267635
204481,PERFUME,luxury,1,0.3130165289256198,2.0204370191266583
80462,SALT,luxury,1,1.0,132.0
59059,SALT,luxury,1,0.9863387978142076,40.0
83308,SALT,luxury,1,0.9836065573770492,34.0
67092,SALT,luxury,1,0.9808743169398908,33.0
52663,SALT,luxury,1,0.9781420765027322,27.0
74554,SALT,luxury,1,0.9781420765027322,27.0
49318,SALT,luxury,1,0.9699453551912568,25.0
79458,SALT,luxury,1,0.9672131147540984,24.0
51668,SALT,luxury,1,0.96448087431694,23.0
81468,SALT,luxury,1,0.9617486338797814,21.0
64413,SALT,luxury,1,0.9562841530054644,19.0
59022,SALT,luxury,1,0.9508196721311476,18.0
54011,SALT,luxury,1,0.9508196721311476,18.0
56685,SALT,luxury,1,0.9508196721311476,18.0
64742,SALT,luxury,1,0.9508196721311476,18.0
78263,SALT,luxury,1,0.9289617486338798,15.0
52341,SALT,luxury,1,0.912568306010929,13.0
68145,SALT,luxury,1,0.907103825136612,12.0
58053,SALT,luxury,1,0.907103825136612,12.0
82649,SALT,luxury,1,0.907103825136612,12.0
51678,SALT,luxury,1,0.907103825136612,12.0
56999,SALT,luxury,1,0.907103825136612,12.0
65081,SALT,luxury,1,0.907103825136612,12.0
55021,SALT,luxury,1,0.8661202185792349,11.0
84976,SALT,luxury,1,0.8579234972677595,9.0
74775,SALT,luxury,1,0.8579234972677595,9.0
66086,SALT,luxury,1,0.8579234972677595,9.0
76198,SALT,luxury,1,0.8579234972677595,9.0
61737,SALT,luxury,1,0.8579234972677595,9.0
75243,SALT,luxury,1,0.8579234972677595,9.0
65075,SALT,luxury,1,0.8579234972677595,9.0
79943,SALT,luxury,1,0.8579234972677595,9.0
85001,SALT,luxury,1,0.8579234972677595,9.0
81958,SALT,luxury,1,0.7950819672131147,8.0
82640,SALT,luxury,1,0.7950819672131147,8.0
54018,SALT,luxury,1,0.7950819672131147,8.0
82296,SALT,luxury,1,0.7950819672131147,8.0
83645,SALT,luxury,1,0.7841530054644809,7.0
56347,SALT,luxury,1,0.7841530054644809,7.0
58712,SALT,luxury,1,0.7704918032786885,6.0
59041,SALT,luxury,1,0.7704918032786885,6.0
65397,SALT,luxury,1,0.7704918032786885,6.0
57031,SALT,luxury,1,0.7704918032786885,6.0
77447,SALT,luxury,1,0.7704918032786885,6.0
82968,SALT,luxury,1,0.7704918032786885,6.0
70103,SALT,luxury,1,0.7704918032786885,6.0
56331,SALT,luxury,1,0.7704918032786885,6.0
78119,SALT,luxury,1,0.7704918032786885,6.0
131719,SALT,luxury,1,0.7704918032786885,6.0
52992,SALT,luxury,1,0.7704918032786885,6.0
71530,SALT,luxury,1,0.7704918032786885,6.0
54006,SALT,luxury,1,0.7704918032786885,6.0
79180,SALT,luxury,1,0.7704918032786885,6.0
70419,SALT,luxury,1,0.7704918032786885,6.0
77921,SALT,luxury,1,0.7704918032786885,6.0
89716,SALT,luxury,1,0.7704918032786885,6.0
64044,SALT,luxury,1,0.7704918032786885,6.0
52686,SALT,luxury,1,0.6530054644808743,4.0
67087,SALT,luxury,1,0.6530054644808743,4.0
53699,SALT,luxury,1,0.644808743169399,3.0
51319,SALT,luxury,1,0.644808743169399,3.0
149629,SALT,luxury,1,0.644808743169399,3.0
68738,SALT,luxury,1,0.644808743169399,3.0
167916,SALT,luxury,1,0.644808743169399,3.0
68092,SALT,luxury,1,0.644808743169399,3.0
78190,SALT,luxury,1,0.644808743169399,3.0
52008,SALT,luxury,1,0.644808743169399,3.0
135750,SALT,luxury,1,0.644808743169399,3.0
130052,SALT,luxury,1,0.644808743169399,3.0
177621,SALT,luxury,1,0.644808743169399,3.0
187063,SILK,luxury,1,1.0,7.20713415713712
187731,SILK,luxury,1,0.9860869565217392,6.994823162890315
188068,SILK,luxury,1,0.954782608695652,6.603477634791742
188735,SILK,luxury,1,0.9478260869565216,6.500937696473691
186725,SILK,luxury,1,0.9408695652173912,6.458015972585332
188063,SILK,luxury,1,0.9269565217391303,6.245738578208223
187400,SILK,luxury,1,0.92,6.135099970572857
186058,SILK,luxury,1,0.9130434782608696,6.042497560750039
187058,SILK,luxury,1,0.8765217391304347,5.666396316501801
186396,SILK,luxury,1,0.8626086956521739,5.480392446744001
189074,SILK,luxury,1,0.8591304347826086,5.428193631795899
185721,SILK,luxury,1,0.8504347826086956,5.3690822874807616
189068,SILK,luxury,1,0.84,5.264677853318116
186053,SILK,luxury,1,0.8208695652173913,5.0228082305552855
202764,SILK,luxury,1,0.8104347826086956,4.795388624687996
188407,SILK,luxury,1,0.808695652173913,4.782590888116814
187726,SILK,luxury,1,0.8034782608695652,4.742251383295735
213818,SILK,luxury,1,0.7895652173913044,4.581030819214657
213485,SILK,luxury,1,0.7478260869565218,4.170911594062936
186386,SILK,luxury,1,0.7408695652173913,4.133938763031506
214490,SILK,luxury,1,0.7252173913043478,4.017864560105728
212813,SILK,luxury,1,0.7078260869565217,3.813719548993805
202432,SILK,luxury,1,0.6834782608695652,3.664794107245569
189412,SILK,luxury,1,0.6695652173913044,3.610588022713431
203436,SILK,luxury,1,0.6678260869565218,3.590297135800486
201760,SILK,luxury,1,0.6608695652173913,3.518419992549143
213146,SILK,luxury,1,0.6539130434782608,3.4494073812065613
203769,SILK,luxury,1,0.648695652173913,3.386291817877116
202092,SILK,luxury,1,0.6330434782608696,3.3231364843267213
187068,SILK,luxury,1,0.6295652173913043,3.2984015264896938
214157,SILK,luxury,1,0.6243478260869565,3.272177380592496
203097,SILK,luxury,1,0.6208695652173913,3.263233280062561
212481,SILK,luxury,1,0.6139130434782609,3.148502689637559
213153,SILK,luxury,1,0.5791304347826087,2.946442808654286
193068,SILK,luxury,1,0.5669565217391305,2.9119986582102384
215162,SILK,luxury,1,0.551304347826087,2.815623198026077
212141,SILK,luxury,1,0.5304347826086957,2.731742480476079
188730,SILK,luxury,1,0.5252173913043479,2.702179651925389
211809,SILK,luxury,1,0.5060869565217392,2.621587801644104
185049,SILK,luxury,1,0.4904347826086956,2.5632265006515667
203104,SILK,luxury,1,0.4834782608695652,2.53304397701772
189736,SILK,luxury,1,0.4713043478260869,2.499448037294374
201427,SILK,luxury,1,0.4678260869565217,2.491277382316983
188074,SILK,luxury,1,0.4469565217391304,2.44077876085578
204441,SILK,luxury,1,0.4226086956521739,2.3718540108409645
201088,SILK,luxury,1,0.4052173913043478,2.2939353949648043
212474,SILK,luxury,1,0.3843478260869565,2.233956452381377
193400,SILK,luxury,1,0.3808695652173913,2.22644806775908
194072,SILK,luxury,1,0.3634782608695652,2.194674717535289
204101,SILK,luxury,1,0.3617391304347826,2.182865318362877
213825,SILK,luxury,1,0.3530434782608695,2.1673318004338604
192396,SILK,luxury,1,0.3513043478260869,2.165162879686351
202425,SILK,luxury,1,0.3426086956521739,2.146219180170195
202099,SILK,luxury,1,0.3356521739130435,2.129619272134869
214829,SILK,luxury,1,0.3321739130434782,2.1188176790993767
193740,SILK,luxury,1,0.3234782608695652,2.107091575322527
212148,SILK,luxury,1,0.3130434782608696,2.0902439251757925
188058,SILK,luxury,1,0.3113043478260869,2.0856783255472826
192063,SILK,luxury,1,0.3095652173913043,2.0803861344364574
184388,SILK,luxury,1,0.3060869565217391,2.07948928560649
204108,SILK,luxury,1,0.3008695652173913,2.05924154316071
192735,SILK,luxury,1,0.297391304347826,2.053503364802637
185381,SILK,luxury,1,0.2782608695652174,1.9922435462144643
200755,SILK,luxury,1,0.2765217391304347,1.98940294829026
189398,SILK,luxury,1,0.2695652173913043,1.9789006805796905
187054,SILK,luxury,1,0.2521739130434782,1.9405270499901637
187406,SILK,luxury,1,0.2504347826086956,1.940015515664017
204773,SILK,luxury,1,0.2156521739130434,1.856491742509984
201420,SILK,luxury,1,0.1826086956521739,1.7910627193415796
190404,SILK,luxury,1,0.1513043478260869,1.69957258405602
194405,SILK,luxury,1,0.1182608695652173,1.593386276800299
192728,SILK,luxury,1,0.1147826086956521,1.5762843074649866
194744,SILK,luxury,1,0.1026086956521739,1.5243763930866137
188726,SILK,luxury,1,0.1008695652173913,1.5004132760201616
191390,SILK,luxury,1,0.0678260869565217,1.373005637292886
193733,SILK,luxury,1,0.0643478260869565,1.3666687575416565
195077,SILK,luxury,1,0.0556521739130434,1.336238182612386
193073,SILK,luxury,1,0.048695652173913,1.2980354968681893
61373,SILVER,luxury,1,1.0,1578.0
57687,SILVER,luxury,1,0.9987433239082626,985.0
58342,SILVER,luxury,1,0.9984291548853284,950.0
54358,SILVER,luxury,1,0.9974866478165252,760.0
59685,SILVER,luxury,1,0.9968583097706566,738.0
57335,SILVER,luxury,1,0.9952874646559848,609.0
57344,SILVER,luxury,1,0.9946591266101162,572.0
55326,SILVER,luxury,1,0.994344957587182,565.0
55332,SILVER,luxury,1,0.9930882814954446,521.0
58698,SILVER,luxury,1,0.9927741124725102,517.0
51660,SILVER,luxury,1,0.992459943449576,513.0
52668,SILVER,luxury,1,0.9921457744266416,505.0
59017,SILVER,luxury,1,0.9918316054037072,503.0
57019,SILVER,luxury,1,0.9912032673578384,485.0
54352,SILVER,luxury,1,0.990889098334904,483.0
55024,SILVER,luxury,1,0.9899465912661012,446.0
54340,SILVER,luxury,1,0.989004084197298,434.0
52665,SILVER,luxury,1,0.989004084197298,434.0
57035,SILVER,luxury,1,0.9883757461514294,433.0
53332,SILVER,luxury,1,0.9880615771284952,431.0
74227,SILVER,luxury,1,0.9874332390826264,420.0
60707,SILVER,luxury,1,0.987119070059692,413.0
59703,SILVER,luxury,1,0.9864907320138234,412.0
55682,SILVER,luxury,1,0.9861765629908892,411.0
53347,SILVER,luxury,1,0.9855482249450204,398.0
50983,SILVER,luxury,1,0.9808356896010052,333.0
56337,SILVER,luxury,1,0.9802073515551368,326.0
52674,SILVER,luxury,1,0.979579013509268,323.0
51985,SILVER,luxury,1,0.9764373232799246,279.0
55339,SILVER,luxury,1,0.974866478165253,258.0
51664,SILVER,luxury,1,0.9745523091423186,254.0
64380,SILVER,luxury,1,0.9742381401193844,249.0
55310,SILVER,luxury,1,0.9726672950047124,244.0
57677,SILVER,luxury,1,0.972038956958844,241.0
55336,SILVER,luxury,1,0.972038956958844,241.0
52679,SILVER,luxury,1,0.9710964498900408,238.0
55994,SILVER,luxury,1,0.9679547596606974,225.0
51333,SILVER,luxury,1,0.9676405906377632,224.0
74901,SILVER,luxury,1,0.9660697455230914,219.0
59038,SILVER,luxury,1,0.9644989004084196,211.0
79784,SILVER,luxury,1,0.9632422243166824,206.0
58339,SILVER,luxury,1,0.9622997172478792,203.0
50658,SILVER,luxury,1,0.9613572101790764,197.0
49267,SILVER,luxury,1,0.9613572101790764,197.0
75195,SILVER,luxury,1,0.9597863650644046,192.0
50317,SILVER,luxury,1,0.9597863650644046,192.0
60357,SILVER,luxury,1,0.959158027018536,190.0
60370,SILVER,luxury,1,0.9575871819038644,188.0
56029,SILVER,luxury,1,0.9522463085139804,171.0
56340,SILVER,luxury,1,0.9516179704681118,170.0
86823,SILVER,luxury,1,0.9500471253534402,167.0
58379,SILVER,luxury,1,0.9497329563305058,165.0
54020,SILVER,luxury,1,0.9494187873075716,164.0
58349,SILVER,luxury,1,0.9487904492617028,162.0
75910,SILVER,luxury,1,0.9465912661011624,157.0
55015,SILVER,luxury,1,0.9456487590323596,151.0
54672,SILVER,luxury,1,0.9421928997800816,146.0
56367,SILVER,luxury,1,0.9381087024819352,135.0
58382,SILVER,luxury,1,0.9340245051837888,124.0
62363,SILVER,luxury,1,0.9327678290920516,121.0
52280,SILVER,luxury,1,0.9327678290920516,121.0
57702,SILVER,luxury,1,0.9327678290920516,121.0
51671,SILVER,luxury,1,0.9308828149544456,117.0
79598,SILVER,luxury,1,0.9296261388627082,114.0
73555,SILVER,luxury,1,0.9289978008168396,113.0
53964,SILVER,luxury,1,0.9286836317939052,112.0
83976,SILVER,luxury,1,0.9271127866792336,109.0
54702,SILVER,luxury,1,0.9261702796104304,108.0
54677,SILVER,luxury,1,0.9227144203581528,104.0
52653,SILVER,luxury,1,0.9208294062205468,102.0
53954,SILVER,luxury,1,0.9205152371976124,101.0
46589,SILVER,luxury,1,0.918316054037072,99.0
73218,SILVER,luxury,1,0.9110901665095822,90.0
52001,SILVER,luxury,1,0.909205152371976,87.0
55344,SILVER,luxury,1,0.9079484762802388,85.0
61036,SILVER,luxury,1,0.9013509267986176,77.0
81976,SILVER,luxury,1,0.900722588752749,76.0
59706,SILVER,luxury,1,0.900722588752749,76.0
72879,SILVER,luxury,1,0.8994659126610116,75.0
75577,SILVER,luxury,1,0.8975808985234056,74.0
50654,SILVER,luxury,1,0.8969525604775369,73.0
81646,SILVER,luxury,1,0.8941250392711279,71.0
59346,SILVER,luxury,1,0.8916116870876531,69.0
60353,SILVER,luxury,1,0.8900408419729815,68.0
83302,SILVER,luxury,1,0.8900408419729815,68.0
54000,SILVER,luxury,1,0.8881558278353754,67.0
49607,SILVER,luxury,1,0.8862708136977694,65.0
45579,SILVER,luxury,1,0.8862708136977694,65.0
56012,SILVER,luxury,1,0.8862708136977694,65.0
53672,SILVER,luxury,1,0.883129123468426,63.0
79601,SILVER,luxury,1,0.8806157712849513,60.0
53301,SILVER,luxury,1,0.8806157712849513,60.0
54362,SILVER,luxury,1,0.8796732642161483,59.0
56345,SILVER,luxury,1,0.8784165881244109,58.0
83654,SILVER,luxury,1,0.8784165881244109,58.0
80609,SILVER,luxury,1,0.8771599120326736,57.0
70424,SILVER,luxury,1,0.8740182218033302,55.0
57045,SILVER,luxury,1,0.8740182218033302,55.0
43904,SILVER,luxury,1,0.8711907005969212,54.0
53951,SILVER,luxury,1,0.8696198554822494,53.0
56370,SILVER,luxury,1,0.8696198554822494,53.0
80276,SILVER,luxury,1,0.8696198554822494,53.0
52962,SILVER,luxury,1,0.865535658184103,50.0
76124,SILVER,luxury,1,0.865535658184103,50.0
44579,SILVER,luxury,1,0.865535658184103,50.0
52328,SILVER,luxury,1,0.8630223060006283,48.0
58068,SILVER,luxury,1,0.8620797989318253,47.0
77923,SILVER,luxury,1,0.8598806157712849,46.0
81635,SILVER,luxury,1,0.8583097706566133,45.0
50666,SILVER,luxury,1,0.8583097706566133,45.0
150983,SILVER,luxury,1,0.8583097706566133,45.0
54637,SILVER,luxury,1,0.8529688972667295,42.0
67131,SILVER,luxury,1,0.8529688972667295,42.0
49653,SILVER,luxury,1,0.8529688972667295,42.0
139718,SILVER,luxury,1,0.8488846999685831,41.0
52284,SILVER,luxury,1,0.8488846999685831,41.0
50605,SILVER,luxury,1,0.8426013195098964,39.0
42564,SILVER,luxury,1,0.8426013195098964,39.0
81630,SILVER,luxury,1,0.8426013195098964,39.0
83631,SILVER,luxury,1,0.8426013195098964,39.0
48601,SILVER,luxury,1,0.8382029531888155,38.0
99378,SILVER,luxury,1,0.8382029531888155,38.0
82321,SILVER,luxury,1,0.8382029531888155,38.0
80614,SILVER,luxury,1,0.8322337417530632,36.0
68481,SILVER,luxury,1,0.8322337417530632,36.0
46259,SILVER,luxury,1,0.8287778825007854,35.0
55035,SILVER,luxury,1,0.8262645303173107,34.0
55040,SILVER,luxury,1,0.823751178133836,33.0
80952,SILVER,luxury,1,0.823751178133836,33.0
56041,SILVER,luxury,1,0.823751178133836,33.0
84983,SILVER,luxury,1,0.823751178133836,33.0
186733,SPICES,luxury,1,0.9999607920015684,15163.91389934378
187407,SPICES,luxury,1,0.99976475200941,11082.470167794045
187745,SPICES,luxury,1,0.9993726720250932,6234.683167372702
190092,SPICES,luxury,1,0.999255048029798,4972.515269418148
190431,SPICES,luxury,1,0.9991766320329348,4547.797937238811
195074,SPICES,luxury,1,0.9990982160360714,4276.238565548793
193732,SPICES,luxury,1,0.9990590080376396,4130.049087083191
194069,SPICES,luxury,1,0.998902176043913,3890.963286178068
194408,SPICES,luxury,1,0.9983140560674376,3376.873159134668
186721,SPICES,luxury,1,0.998039600078416,3170.0146014492766
197413,SPICES,luxury,1,0.997804352087826,3091.445048754715
186048,SPICES,luxury,1,0.9977651440893942,3083.34044446996
152514,SPICES,luxury,1,0.9977259360909626,3077.17882173331
182674,SPICES,luxury,1,0.9976083120956676,3036.5534316307885
183000,SPICES,luxury,1,0.9975298960988042,3026.1951483628823
189039,SPICES,luxury,1,0.9973730641050774,3000.0408781935093
185706,SPICES,luxury,1,0.9972554401097824,2979.781369596987
185017,SPICES,luxury,1,0.9971378161144874,2959.0452276610617
186715,SPICES,luxury,1,0.9969417761223288,2933.4683681502797
184006,SPICES,luxury,1,0.9969025681238972,2929.25276751005
192740,SPICES,luxury,1,0.9967065281317388,2918.67216821305
186356,SPICES,luxury,1,0.9964712801411488,2902.415258834145
65119,SPICES,luxury,1,0.9963536561458538,2888.6641675799
184344,SPICES,luxury,1,0.9961184081552636,2862.779363965333
193060,SPICES,luxury,1,0.9958831601646736,2840.0655737334737
190728,SPICES,luxury,1,0.9956087041756518,2824.176676037236
187703,SPICES,luxury,1,0.9954910801803568,2820.513486988351
181674,SPICES,luxury,1,0.9949029602038816,2782.7725978825565
190380,SPICES,luxury,1,0.99486375220545,2782.338373672449
187053,SPICES,luxury,1,0.9946285042148598,2761.8884739396312
185684,SPICES,luxury,1,0.9945500882179964,2753.7338805480595
191058,SPICES,luxury,1,0.9941972162321112,2731.708935007615
183005,SPICES,luxury,1,0.9941580082336796,2728.645699649754
186023,SPICES,luxury,1,0.9940795922368164,2724.8388063527177
185716,SPICES,luxury,1,0.9938051362477944,2717.0819397179603
196414,SPICES,luxury,1,0.9935698882572044,2695.417014096657
182342,SPICES,luxury,1,0.9932170162713192,2683.08252914275
158934,SPICES,luxury,1,0.9930993922760244,2676.9100201192955
188048,SPICES,luxury,1,0.992903352283866,2673.022886125277
185042,SPICES,luxury,1,0.9928249362870024,2670.6845613713517
195080,SPICES,luxury,1,0.9927857282885708,2662.252400452022
183342,SPICES,luxury,1,0.9924328563026856,2642.136709893708
194075,SPICES,luxury,1,0.992276024308959,2627.1103859408117
182333,SPICES,luxury,1,0.991295824348167,2588.235270282581
182346,SPICES,luxury,1,0.9912566163497354,2587.3261510832926
184692,SPICES,luxury,1,0.991178200352872,2584.9386014458987
190383,SPICES,luxury,1,0.9909037443638502,2569.282763552402
193401,SPICES,luxury,1,0.9905508723779652,2556.6830427123814
160270,SPICES,luxury,1,0.9900019603999216,2527.188231754826
186708,SPICES,luxury,1,0.9898451284061948,2522.8192467865165
184699,SPICES,luxury,1,0.9897667124093316,2520.9453735631178
187739,SPICES,luxury,1,0.989453048421878,2510.8099302089195
194735,SPICES,luxury,1,0.9893354244265832,2508.369680662061
155520,SPICES,luxury,1,0.9891393844344246,2495.148578586597
187028,SPICES,luxury,1,0.9891001764359928,2494.5104322530524
186389,SPICES,luxury,1,0.9886688884532444,2479.6651626759485
196074,SPICES,luxury,1,0.9881199764752008,2446.9615149249184
186031,SPICES,luxury,1,0.9878847284846108,2440.937143253658
184350,SPICES,luxury,1,0.9875318564987258,2428.9846658186207
187393,SPICES,luxury,1,0.987492648500294,2426.865546687825
185039,SPICES,luxury,1,0.987375024504999,2422.44786404141
191061,SPICES,luxury,1,0.9869045285238188,2414.9810721389917
188392,SPICES,luxury,1,0.9868261125269556,2408.8928761408624
186728,SPICES,luxury,1,0.9866692805332288,2400.3596520243345
189377,SPICES,luxury,1,0.986512448539502,2397.076123468029
187048,SPICES,luxury,1,0.986159576553617,2370.2272900289267
191069,SPICES,luxury,1,0.9857282885708684,2356.144834600355
192392,SPICES,luxury,1,0.9853754165849832,2347.0763057555505
190397,SPICES,luxury,1,0.985179376592825,2341.8288063929454
188413,SPICES,luxury,1,0.9851401685943932,2341.7841321099195
189388,SPICES,luxury,1,0.9848657126053716,2332.65799288205
189734,SPICES,luxury,1,0.9847088806116449,2328.202036843737
181011,SPICES,luxury,1,0.984434424622623,2314.4297251368125
191720,SPICES,luxury,1,0.984081552636738,2303.2016623406585
159592,SPICES,luxury,1,0.9839639286414428,2298.680912821375
189079,SPICES,luxury,1,0.9837286806508528,2291.4813347140994
208846,SPICES,luxury,1,0.9833758086649677,2281.895820448364
186695,SPICES,luxury,1,0.9826700646931974,2262.185555118817
183020,SPICES,luxury,1,0.9820819447167222,2245.652555859265
195748,SPICES,luxury,1,0.9817682807292688,2230.3879665717727
158590,SPICES,luxury,1,0.9811017447559304,2208.903243511408
182327,SPICES,luxury,1,0.9810233287590668,2208.304585127232
206807,SPICES,luxury,1,0.980278376788865,2183.031552391823
187380,SPICES,luxury,1,0.9797686728092532,2173.3162684333943
188059,SPICES,luxury,1,0.9794550088217996,2167.4556954512645
186043,SPICES,luxury,1,0.979180552832778,2162.0086818043374
208509,SPICES,luxury,1,0.9791413448343462,2161.5697794925823
166031,SPICES,luxury,1,0.9791021368359144,2161.23859839836
187396,SPICES,luxury,1,0.978670848853166,2150.135883643751
193064,SPICES,luxury,1,0.9777690648892374,2124.353933851616
187700,SPICES,luxury,1,0.9776514408939424,2122.774116472274
193070,SPICES,luxury,1,0.9771417369143304,2115.7128280981306
158938,SPICES,luxury,1,0.97596549696138,2086.331249141165
184031,SPICES,luxury,1,0.9758478729660852,2080.2688643028227
159938,SPICES,luxury,1,0.97573024897079,2077.7978152699584
151509,SPICES,luxury,1,0.9756518329739268,2075.867506892848
188713,SPICES,luxury,1,0.9755734169770632,2075.478430499405
185012,SPICES,luxury,1,0.9751421289943148,2057.2448126914624
188070,SPICES,luxury,1,0.9748676730052932,2048.219399368163
186363,SPICES,luxury,1,0.9733777690648892,2000.3227175692584
186369,SPICES,luxury,1,0.9729072730837092,1976.6333544792087
190386,SPICES,luxury,1,0.972554401097824,1968.7102313469336
181001,SPICES,luxury,1,0.9722015291119388,1961.014624525276
182002,SPICES,luxury,1,0.971927073122917,1951.720685718664
164708,SPICES,luxury,1,0.9715349931386004,1942.792149192168
187708,SPICES,luxury,1,0.97082924916683,1913.8125552702825
159264,SPICES,luxury,1,0.9702411291903548,1887.3237870359533
184360,SPICES,luxury,1,0.970084297196628,1885.279594432946
189066,SPICES,luxury,1,0.9700450891981964,1883.4062143661688
158585,SPICES,luxury,1,0.969378553224858,1869.6917017821304
185359,SPICES,luxury,1,0.9688296412468144,1845.7994318260785
206531,SPICES,luxury,1,0.9684375612624976,1832.8430412942816
192066,SPICES,luxury,1,0.968123897275044,1820.2548184090017
187375,SPICES,luxury,1,0.9679670652813174,1811.5984927973664
184709,SPICES,luxury,1,0.9676926092922956,1801.466832374411
191401,SPICES,luxury,1,0.9671829053126838,1781.9950860263748
160267,SPICES,luxury,1,0.967143697314252,1778.69793013602
187720,SPICES,luxury,1,0.9671044893158204,1778.5641187614508
184017,SPICES,luxury,1,0.96592824936287,1747.4074059064658
188375,SPICES,luxury,1,0.9651048813958047,1721.093615767359
184020,SPICES,luxury,1,0.964830425406783,1713.197540500939
183359,SPICES,luxury,1,0.9644383454224662,1696.9046780756134
207870,SPICES,luxury,1,0.9643599294256028,1695.6674895577546
210228,SPICES,luxury,1,0.9643207214271712,1695.103157156054
184027,SPICES,luxury,1,0.9630660654773574,1656.2574000729553
190055,SPICES,luxury,1,0.9624779455008822,1636.6063168052956
191726,SPICES,luxury,1,0.9623995295040187,1632.9055553926248
155523,SPICES,luxury,1,0.9621250735149972,1620.0425928007032
208549,SPICES,luxury,1,0.9620466575181336,1618.9629657946268
181343,SPICES,luxury,1,0.9614585375416586,1601.7950148294915
188052,SPICES,luxury,1,0.9613801215447952,1601.1706145862029
159929,SPICES,luxury,1,0.9613409135463634,1599.343557589979
159942,SPICES,luxury,1,0.9605567535777298,1575.2864513323314
179667,SPICES,luxury,1,0.9604783375808664,1573.5635506726474
155852,SPICES,luxury,1,0.9600862575965496,1563.266420379313
181665,SPICES,luxury,1,0.9600078415996864,1562.31832444625
164711,SPICES,luxury,1,0.9598902176043912,1556.93388990511
184034,SPICES,luxury,1,0.9594589296216428,1543.9208937747262
187360,SPICES,luxury,1,0.9587139776514408,1524.5827274624455
164035,SPICES,luxury,1,0.9585963536561458,1520.9851660894938
213582,SPICES,luxury,1,0.9584003136639876,1515.4096007426676
212910,SPICES,luxury,1,0.9576945696922172,1499.4993582597135
187036,SPICES,luxury,1,0.9576553616937856,1498.541950522652
182352,SPICES,luxury,1,0.957341697706332,1488.9467187247124
166696,SPICES,luxury,1,0.957224073711037,1486.568506231224
185364,SPICES,luxury,1,0.9567927857282884,1479.684282850964
137090,SPICES,luxury,1,0.9567143697314252,1475.5410654943444
190065,SPICES,luxury,1,0.9562830817486768,1468.1095075085027
138491,SPICES,luxury,1,0.956008625759655,1465.9619779568975
219594,SPICES,luxury,1,0.95565575377377,1453.526184117861
185032,SPICES,luxury,1,0.9553028817878848,1445.8901671659482
162617,SPICES,luxury,1,0.9551068417957264,1441.335551093808
181652,SPICES,luxury,1,0.9547147618114096,1431.7236557844349
203165,SPICES,luxury,1,0.9543618898255244,1416.554397642583
213226,SPICES,luxury,1,0.9542442658302294,1413.858009921324
158258,SPICES,luxury,1,0.9540482258380708,1409.5615232461785
207145,SPICES,luxury,1,0.9539698098412076,1406.4187709100245
205520,SPICES,luxury,1,0.9527935698882573,1375.4464450770668
135153,SPICES,luxury,1,0.9522838659086452,1363.6181700538596
205523,SPICES,luxury,1,0.952205449911782,1358.859997679599
220935,SPICES,luxury,1,0.951970201921192,1349.0919206733463
210513,SPICES,luxury,1,0.9517741619290336,1346.4586879255726
158197,SPICES,luxury,1,0.9517349539306018,1345.9454417190984
183688,SPICES,luxury,1,0.951107625955695,1329.8826157929252
189072,SPICES,luxury,1,0.9508331699666732,1324.5106096336378
203838,SPICES,luxury,1,0.9476181140952754,1236.7858382319469
206528,SPICES,luxury,1,0.9474612821015488,1232.6591804179734
160943,SPICES,luxury,1,0.9472260341109586,1228.9113206466984
202161,SPICES,luxury,1,0.9468339541266418,1219.1844836898651
64112,SPICES,luxury,1,0.9466379141344834,1213.6158386596371
212220,SPICES,luxury,1,0.945814546167418,1200.2696360490754
212897,SPICES,luxury,1,0.9456185061752598,1194.1245942706885
185355,SPICES,luxury,1,0.9455400901783964,1192.938446306313
207203,SPICES,luxury,1,0.9452656341893746,1184.1047699412045
189718,SPICES,luxury,1,0.945226426190943,1183.6485092560624
221935,SPICES,luxury,1,0.9451480101940796,1182.8456257481344
164695,SPICES,luxury,1,0.945108802195648,1182.7150196325993
137823,SPICES,luxury,1,0.9447559302097628,1175.3532418595446
213898,SPICES,luxury,1,0.944599098216036,1171.873868789216
216246,SPICES,luxury,1,0.944363850225446,1169.5880502613045
207821,SPICES,luxury,1,0.9443246422270144,1168.892405970008
213903,SPICES,luxury,1,0.9439325622426976,1162.5535860572872
185722,SPICES,luxury,1,0.943501274259949,1152.4089652482212
204846,SPICES,luxury,1,0.943266026269359,1147.1523785542431
165707,SPICES,luxury,1,0.9427955302881788,1140.8743208733729
211235,SPICES,luxury,1,0.9427171142913154,1139.1342013420265
196752,SPICES,luxury,1,0.942521074299157,1135.1475232962002
219601,SPICES,luxury,1,0.9419721623211136,1119.4755721768588
216249,SPICES,luxury,1,0.941932954322682,1118.5503774389958
134150,SPICES,luxury,1,0.9415800823367968,1105.246247782512
156858,SPICES,luxury,1,0.9415016663399334,1102.537135474689
134816,SPICES,luxury,1,0.9410311703587532,1087.910238444455
139165,SPICES,luxury,1,0.9405606743775732,1072.0743193514495
166028,SPICES,luxury,1,0.9402470103901196,1064.3991664597886
188734,SPICES,luxury,1,0.9401293863948246,1063.0891157885555
209224,SPICES,luxury,1,0.9398941384042344,1061.5439386410808
138162,SPICES,luxury,1,0.939462850421486,1056.0010654807656
191734,SPICES,luxury,1,0.9389139384434424,1048.0598187729086
184712,SPICES,luxury,1,0.9385218584591256,1038.070512182269
199439,SPICES,luxury,1,0.9382081944716724,1031.4823023523995
181348,SPICES,luxury,1,0.9375808664967652,1020.4239069501558
214923,SPICES,luxury,1,0.937502450499902,1019.2675558643364
161280,SPICES,luxury,1,0.9371103705155852,1010.9302158348272
136485,SPICES,luxury,1,0.9366006665359732,998.6723093334068
205853,SPICES,luxury,1,0.93652225053911,996.9358743001668
209514,SPICES,luxury,1,0.9362085865516564,992.3350450027792
152184,SPICES,luxury,1,0.9360517545579298,989.7172245148356
160615,SPICES,luxury,1,0.9359733385610663,988.3585997227348
136478,SPICES,luxury,1,0.9358557145657714,987.9391638847228
191099,SPICES,luxury,1,0.9358165065673396,987.377781748455
206871,SPICES,luxury,1,0.9354244265830228,978.4591526352966
181995,SPICES,luxury,1,0.9348363066065476,970.3950544553368
207877,SPICES,luxury,1,0.934679474612821,967.9423569909982
199101,SPICES,luxury,1,0.9346402666143894,966.359236166734
221278,SPICES,luxury,1,0.9346010586159575,965.462866783368
200788,SPICES,luxury,1,0.9344442266222308,963.038687623394
136155,SPICES,luxury,1,0.9334248186630072,941.8474963387648
208881,SPICES,luxury,1,0.9329935306802588,934.4621684854774
199783,SPICES,luxury,1,0.9324446187022152,928.5746737028504
135491,SPICES,luxury,1,0.9322485787100568,923.7498431049798
205863,SPICES,luxury,1,0.9318172907273083,914.9190937067884
186036,SPICES,luxury,1,0.9317780827288769,914.7707802773448
201488,SPICES,luxury,1,0.9315820427367184,911.961255506734
136498,SPICES,luxury,1,0.930758674769653,900.282821343982
208878,SPICES,luxury,1,0.9304842187806311,896.1847247317685
204516,SPICES,luxury,1,0.9302881787884728,894.7281629040621
146455,SPICES,luxury,1,0.9298568908057244,888.656251692782
220594,SPICES,luxury,1,0.929543226818271,883.9248348477236
199780,SPICES,luxury,1,0.929425602822976,882.0878602217747
203505,SPICES,luxury,1,0.9292687708292492,879.4875035622514
165374,SPICES,luxury,1,0.9286022348559106,865.8285493137652
159613,SPICES,luxury,1,0.928445402862184,860.5991036347423
148465,SPICES,luxury,1,0.9280533228778672,856.3103387978327
220268,SPICES,luxury,1,0.9279749068810036,855.8058486487192
217581,SPICES,luxury,1,0.927700450891982,850.985007490947
181655,SPICES,luxury,1,0.9276220348951186,850.5567383020799
233011,SPICES,luxury,1,0.9275044108998236,849.2543276187756
213915,SPICES,luxury,1,0.927465202901392,848.929387402947
133478,SPICES,luxury,1,0.9271515389139384,843.1486988730252
158253,SPICES,luxury,1,0.9270339149186434,837.40188313931
184003,SPICES,luxury,1,0.926837874926485,834.1272828600254
207149,SPICES,luxury,1,0.9265634189374632,829.2124103118247
65784,SPICES,luxury,1,0.9264457949421682,827.7943926289247
208494,SPICES,luxury,1,0.9260537149578514,822.3876295702581
207531,SPICES,luxury,1,0.9253871789845128,810.6642457378512
191048,SPICES,luxury,1,0.9251911389923544,805.2411239855513
192388,SPICES,luxury,1,0.9245638110174476,792.1937896475072
147128,SPICES,luxury,1,0.9242109390315624,785.6436279975171
157252,SPICES,luxury,1,0.9241325230346992,785.162439499896
216913,SPICES,luxury,1,0.9240933150362672,784.7789763273216
200120,SPICES,luxury,1,0.9233483630660656,778.2051671240109
147793,SPICES,luxury,1,0.923269947069202,776.9491981063223
163698,SPICES,luxury,1,0.923152323073907,774.9520624778447
153195,SPICES,luxury,1,0.922681827092727,768.851222918695
214904,SPICES,luxury,1,0.9226034110958636,767.468632028477
136493,SPICES,luxury,1,0.9222113311115469,760.4078009452994
161957,SPICES,luxury,1,0.9220152911193884,756.9339299306181
205802,SPICES,luxury,1,0.921309547147618,748.966251052092
138154,SPICES,luxury,1,0.9211135071554596,747.1665514042288
212893,SPICES,luxury,1,0.9209958831601648,744.8817397545149
217269,SPICES,luxury,1,0.9207606351695746,742.0355286380908
219270,SPICES,luxury,1,0.920603803175848,740.9686211161462
215908,SPICES,luxury,1,0.920329347186826,739.6205771097921
189707,SPICES,luxury,1,0.9198980592040776,731.5704977003345
188724,SPICES,luxury,1,0.9191531072338756,718.5246474664349
188366,SPICES,luxury,1,0.918878651244854,711.2509470516857
211883,SPICES,luxury,1,0.9181729072730838,701.9426389388848
166705,SPICES,luxury,1,0.9177808272887668,697.5737026760212
157256,SPICES,luxury,1,0.9176632032934718,696.882879541913
233679,SPICES,luxury,1,0.9169574593217016,688.2607171197274
197746,SPICES,luxury,1,0.9165653793373848,685.4643174860007
221940,SPICES,luxury,1,0.9162517153499314,680.798836744357
167368,SPICES,luxury,1,0.9157812193687512,677.6536807329198
221275,SPICES,luxury,1,0.9148402274063908,665.7655941215918
198763,SPICES,luxury,1,0.9146049794158008,663.7219270357556
223274,SPICES,luxury,1,0.9144873554205056,662.6833964420829
147461,SPICES,luxury,1,0.9142913154283474,660.83492759265
132805,SPICES,luxury,1,0.9140560674377572,659.2790579007069
163367,SPICES,luxury,1,0.9137816114487356,653.6332955260034
138165,SPICES,luxury,1,0.9137031954518722,652.9329180794692
197419,SPICES,luxury,1,0.9133895314644188,648.4757890752838
158272,SPICES,luxury,1,0.9132719074691236,647.1055358854982
136146,SPICES,luxury,1,0.912997451480102,645.7004804579225
180656,SPICES,luxury,1,0.9125269554989218,640.5660752977502
132133,SPICES,luxury,1,0.9124093315036268,636.78398554934
215929,SPICES,luxury,1,0.9118996275240148,632.898126019369
95645,SPICES,luxury,1,0.9115467555381298,631.193007453312
163038,SPICES,luxury,1,0.9111938835522446,628.1666393867656
215917,SPICES,luxury,1,0.9110762595569496,627.2001211197543
144106,SPICES,luxury,1,0.911037051558518,627.1590822811613
190089,SPICES,luxury,1,0.9105665555773378,622.4530346216196
209177,SPICES,luxury,1,0.910409723583611,621.7478016641678
234686,SPICES,luxury,1,0.9102528915898844,620.7535829688293
179979,SPICES,luxury,1,0.9101352675945892,618.9322678946239
137486,SPICES,luxury,1,0.9096647716134092,616.0733936405272
203122,SPICES,luxury,1,0.9093511076259556,613.4010208909164
180652,SPICES,luxury,1,0.909311899627524,613.1972741695008
132137,SPICES,luxury,1,0.9088414036463438,610.3470306296315
196755,SPICES,luxury,1,0.908449323662027,607.8113109226151
219263,SPICES,luxury,1,0.9077435796902568,599.7382706849899
227986,SPICES,luxury,1,0.9066849637326014,586.7701408736511
194063,SPICES,luxury,1,0.9066457557341696,586.6739485661344
219926,SPICES,luxury,1,0.9064497157420114,584.503320751568
183014,SPICES,luxury,1,0.9062536757498528,582.6275769315941
94978,SPICES,luxury,1,0.9060184277592628,580.5456008413233
146114,SPICES,luxury,1,0.9058615957655362,579.0668760149208
210850,SPICES,luxury,1,0.9057439717702412,577.9065735276158
200785,SPICES,luxury,1,0.9057047637718094,577.7137133472106
65451,SPICES,luxury,1,0.9055871397765144,577.0561173444156
214230,SPICES,luxury,1,0.9055479317780828,576.8516668871274
234689,SPICES,luxury,1,0.9048029798078808,568.6331047419283
217911,SPICES,luxury,1,0.904646147814154,567.145450336074
184678,SUGAR,luxury,1,0.9999264759944122,128418.645040252
94020,SUGAR,luxury,1,0.9998529519888244,127062.69311187972
95696,SUGAR,luxury,1,0.9997059039776488,120154.84351094547
96029,SUGAR,luxury,1,0.9994853319608852,107343.35281610156
187361,SUGAR,luxury,1,0.9990441879273584,97745.76328965004
97039,SUGAR,luxury,1,0.9986030438938314,93290.57265155448
94024,SUGAR,luxury,1,0.997867803837953,81516.83284458832
96702,SUGAR,luxury,1,0.9976472318211896,80653.15877494554
74193,SUGAR,luxury,1,0.9971325637820748,74800.17193122586
185379,SUGAR,luxury,1,0.99661789574296,70651.67094840515
96034,SUGAR,luxury,1,0.9964708477317844,69359.63908831011
95024,SUGAR,luxury,1,0.9963973237261966,68509.30067898614
182011,SUGAR,luxury,1,0.9963237997206088,68083.80080008153
190043,SUGAR,luxury,1,0.9958826556870818,63316.060292075264
104376,SUGAR,luxury,1,0.9954415116535548,59797.822800906906
186355,SUGAR,luxury,1,0.9952209396367914,57944.77437999837
223590,SUGAR,luxury,1,0.99492684361444,54202.93763180658
64115,SUGAR,luxury,1,0.9948533196088524,54118.3311249525
105043,SUGAR,luxury,1,0.9947797956032643,53438.15450810906
91676,SUGAR,luxury,1,0.994559223586501,52388.38714476986
208884,SUGAR,luxury,1,0.9943386515697376,51379.04271428348
201789,SUGAR,luxury,1,0.9941916035585618,50969.16415654378
96037,SUGAR,luxury,1,0.994118079552974,50658.96819206356
213916,SUGAR,luxury,1,0.9939710315417984,50064.43264936504
188368,SUGAR,luxury,1,0.9937504595250348,48393.55012501922
61090,SUGAR,luxury,1,0.993309315491508,45438.59893308881
94684,SUGAR,luxury,1,0.9930887434747444,44435.98631968575
237735,SUGAR,luxury,1,0.9927211234468054,43075.70381936709
94692,SUGAR,luxury,1,0.9926475994412176,43064.81812921037
94352,SUGAR,luxury,1,0.992427027424454,41844.48204246892
208477,SUGAR,luxury,1,0.9923535034188664,41264.59009255175
84982,SUGAR,luxury,1,0.9922799794132784,40635.64712701202
84990,SUGAR,luxury,1,0.992059407396515,39457.34020336036
237061,SUGAR,luxury,1,0.991691787368576,37833.22580899371
92348,SUGAR,luxury,1,0.9915447393574002,37032.067567278624
203820,SUGAR,luxury,1,0.9913976913462246,36597.46317954223
179656,SUGAR,luxury,1,0.9906624512903462,35336.81962265704
206175,SUGAR,luxury,1,0.9900742592456436,33480.512650435616
74525,SUGAR,luxury,1,0.9900007352400558,33460.4916210684
209152,SUGAR,luxury,1,0.9888978751562384,30958.06116026317
184705,SUGAR,luxury,1,0.9885302551282994,29970.965507604036
172408,SUGAR,luxury,1,0.9883832071171236,29900.30773136546
207811,SUGAR,luxury,1,0.988309683111536,29869.18392920128
89315,SUGAR,luxury,1,0.9881626351003604,29701.87753768812
186044,SUGAR,luxury,1,0.9880891110947724,29657.63859389338
205481,SUGAR,luxury,1,0.9877950150724212,29255.888416306305
184702,SUGAR,luxury,1,0.9877214910668332,28988.31504845553
202126,SUGAR,luxury,1,0.9876479670612456,28775.56528908159
97034,SUGAR,luxury,1,0.9873538710388942,28581.066729943937
154562,SUGAR,luxury,1,0.9872803470333064,28576.83285286014
95029,SUGAR,luxury,1,0.9870597750165429,27965.03897400049
98715,SUGAR,luxury,1,0.986986251010955,27942.74007642757
94681,SUGAR,luxury,1,0.9867656789941917,27399.266245794337
187373,SUGAR,luxury,1,0.986618630983016,27183.818561419488
236389,SUGAR,luxury,1,0.9864715829718405,27021.59807812573
185350,SUGAR,luxury,1,0.986177486949489,26685.65301562902
208139,SUGAR,luxury,1,0.9856628189103742,25820.32764378381
204477,SUGAR,luxury,1,0.9855157708991986,25651.55005293299
179642,SUGAR,luxury,1,0.984927578854496,24759.802550679902
180989,SUGAR,luxury,1,0.9848540548489082,24757.733157696235
205487,SUGAR,luxury,1,0.9847805308433204,24687.8564023735
60411,SUGAR,luxury,1,0.9844129108153812,24424.449469917403
98038,SUGAR,luxury,1,0.98411881479303,24247.67404813737
179988,SUGAR,luxury,1,0.9839717667818544,24122.263749223595
93356,SUGAR,luxury,1,0.983310050731564,23668.570013042256
56059,SUGAR,luxury,1,0.983236526725976,23648.674901960647
221566,SUGAR,luxury,1,0.9830894787148003,23596.94012013072
179328,SUGAR,luxury,1,0.9827218586868612,23434.15505815423
199100,SUGAR,luxury,1,0.982354238658922,23191.643433525736
204159,SUGAR,luxury,1,0.9818395706198074,22692.070804179886
63101,SUGAR,luxury,1,0.9817660466142196,22583.6675054706
71130,SUGAR,luxury,1,0.9814719505918682,22248.22361579105
205478,SUGAR,luxury,1,0.9811043305639292,22042.744405583675
153327,SUGAR,luxury,1,0.9806631865304022,21816.971032864298
220567,SUGAR,luxury,1,0.9805161385192264,21799.82303145586
97377,SUGAR,luxury,1,0.9800749944856996,21528.267106260973
92339,SUGAR,luxury,1,0.979927946474524,21397.808074117816
99365,SUGAR,luxury,1,0.979854422468936,21316.449094351672
180651,SUGAR,luxury,1,0.9794132784354092,20952.93585076357
185712,SUGAR,luxury,1,0.9793397544298214,20720.38284326199
105038,SUGAR,luxury,1,0.9791927064186456,20673.907464449192
207498,SUGAR,luxury,1,0.9791191824130578,20536.1401562726
151324,SUGAR,luxury,1,0.97904565840747,20408.03873859457
94004,SUGAR,luxury,1,0.9789721344018822,20284.435466554347
205169,SUGAR,luxury,1,0.9788250863907064,20095.830389036357
138834,SUGAR,luxury,1,0.9786780383795308,20080.041107608115
96697,SUGAR,luxury,1,0.9780163223292404,19423.344600454915
214921,SUGAR,luxury,1,0.9779427983236528,19383.944640946454
91344,SUGAR,luxury,1,0.9775016542901256,19190.46014409832
94335,SUGAR,luxury,1,0.9766928902286596,18800.51551836055
60073,SUGAR,luxury,1,0.9764723182118962,18698.70069829641
104706,SUGAR,luxury,1,0.9763987942063084,18579.77259785859
209815,SUGAR,luxury,1,0.9761782221895448,18468.13463132386
185683,SUGAR,luxury,1,0.9758841261671936,18363.13754403796
203798,SUGAR,luxury,1,0.9756635541504302,18127.299227859792
185047,SUGAR,luxury,1,0.9754429821336666,18043.596365946963
75489,SUGAR,luxury,1,0.9751488861113152,17818.808253322386
154205,SUGAR,luxury,1,0.9747812660833762,17674.927902575906
203473,SUGAR,luxury,1,0.9744136460554372,17573.382407451296
66785,SUGAR,luxury,1,0.9736784059995588,17117.894460766052
67135,SUGAR,luxury,1,0.9735313579883832,17083.052591830492
179647,SUGAR,luxury,1,0.9734578339827954,17073.116932084115
72197,SUGAR,luxury,1,0.9729431659436806,16473.12514203865
204831,SUGAR,luxury,1,0.972796117932505,16241.79092744223
101379,SUGAR,luxury,1,0.9727225939269172,16212.05425330093
101716,SUGAR,luxury,1,0.9721344018822146,15994.65633235975
156611,SUGAR,luxury,1,0.9717667818542756,15803.348708907317
184341,SUGAR,luxury,1,0.971546209837512,15686.32395696732
100714,SUGAR,luxury,1,0.9711785898095728,15584.23864295143
206820,SUGAR,luxury,1,0.9710315417983972,15559.42913381362
72469,SUGAR,luxury,1,0.9708109697816336,15428.709701596974
71874,SUGAR,luxury,1,0.970663921770458,15411.403300106123
207836,SUGAR,luxury,1,0.9704433497536946,15316.440853002585
91332,SUGAR,luxury,1,0.9703698257481068,15238.177420201546
194070,SUGAR,luxury,1,0.9702963017425188,15208.87258106728
178991,SUGAR,luxury,1,0.9694875376810528,14861.187424858084
76871,SUGAR,luxury,1,0.968972869641938,14520.580195178118
95010,SUGAR,luxury,1,0.9688993456363504,14476.935460015193
66756,SUGAR,luxury,1,0.9683846775972356,14115.149410076969
153591,SUGAR,luxury,1,0.968164105580472,14017.453542899437
74146,SUGAR,luxury,1,0.968090581574884,13977.31706558082
208212,SUGAR,luxury,1,0.9680170575692963,13955.459263306231
202121,SUGAR,luxury,1,0.967281817513418,13775.541463762258
91685,SUGAR,luxury,1,0.9672082935078304,13763.788256385642
67807,SUGAR,luxury,1,0.96654657745754,13570.305770333594
259502,SUGAR,luxury,1,0.9661789574296008,13470.063138626909
189051,SUGAR,luxury,1,0.9654437173737224,13153.16012930149
179985,SUGAR,luxury,1,0.9653701933681348,13136.242709636032
94007,SUGAR,luxury,1,0.9652231453569592,13100.523556049484
204138,SUGAR,luxury,1,0.9645614293066688,12795.05385560011
140508,SUGAR,luxury,1,0.9641938092787296,12638.48286575856
236722,SUGAR,luxury,1,0.9640467612675538,12615.556352479793
186706,SUGAR,luxury,1,0.9638997132563782,12527.00941997776
219550,SUGAR,luxury,1,0.9633115212116756,12279.122667729856
191049,SUGAR,luxury,1,0.9628703771781488,12177.023651281675
205484,SUGAR,luxury,1,0.9625027571502096,12021.182619843885
68090,SUGAR,luxury,1,0.9613998970663922,11797.753797092058
238750,SUGAR,luxury,1,0.9605176089993382,11593.991426118784
190737,SUGAR,luxury,1,0.9603705609881626,11465.895333657532
55722,SUGAR,luxury,1,0.9602970369825748,11439.748217834092
153995,SUGAR,luxury,1,0.9601499889713992,11424.43309812415
73474,SUGAR,luxury,1,0.9598558929490478,11251.668463539718
207139,SUGAR,luxury,1,0.9597088449378722,11189.053650899768
151663,SUGAR,luxury,1,0.9591206528931696,10906.68214150198
184374,SUGAR,luxury,1,0.9587530328652304,10847.902606740729
73463,SUGAR,luxury,1,0.9583854128372914,10745.7147320381
153332,SUGAR,luxury,1,0.9583118888317036,10729.19477424635
93678,SUGAR,luxury,1,0.9582383648261156,10712.244579929702
98370,SUGAR,luxury,1,0.957723696787001,10600.97609012442
219219,SUGAR,luxury,1,0.9575031247702376,10572.062926548246
189076,SUGAR,luxury,1,0.9569884567311228,10506.165463936844
101057,SUGAR,luxury,1,0.9569149327255349,10504.78191259989
152665,SUGAR,luxury,1,0.9566943607087716,10446.76276124708
95685,SUGAR,luxury,1,0.9565473126975956,10418.054375894346
97361,SUGAR,luxury,1,0.956473788692008,10399.38988980238
186712,SUGAR,luxury,1,0.9561796926696566,10355.50839916521
203812,SUGAR,luxury,1,0.956032644658481,10295.14262285401
95688,SUGAR,luxury,1,0.9558120726417176,10256.994409364484
65791,SUGAR,luxury,1,0.9555179766193662,10172.941840335665
185370,SUGAR,luxury,1,0.9552238805970148,10149.472153313154
219558,SUGAR,luxury,1,0.9550768325858392,10118.319878932018
85323,SUGAR,luxury,1,0.9540474965076098,9890.204774686546
57065,SUGAR,luxury,1,0.953973972502022,9879.853765219528
206160,SUGAR,luxury,1,0.953900448496434,9859.43535042283
153867,SUGAR,luxury,1,0.9533857804573194,9756.152787032745
208814,SUGAR,luxury,1,0.9529446364237923,9628.348658110715
189376,SUGAR,luxury,1,0.9520623483567384,9405.314983926131
211236,SUGAR,luxury,1,0.9508859642673332,9056.53641666605
56397,SUGAR,luxury,1,0.9506653922505698,9044.70348183804
238088,SUGAR,luxury,1,0.9505183442393942,9021.16142872153
212909,SUGAR,luxury,1,0.9500036762002794,8945.673834833473
92351,SUGAR,luxury,1,0.9499301521946916,8944.363097471338
182684,SUGAR,luxury,1,0.949709580177928,8923.989324498012
148828,SUGAR,luxury,1,0.9495625321667523,8899.379371383404
59079,SUGAR,luxury,1,0.9494890081611648,8891.538005782211
79873,SUGAR,luxury,1,0.9483126240717594,8701.82161488845
153984,SUGAR,luxury,1,0.9482391000661716,8695.29926082998
154961,SUGAR,luxury,1,0.9475773840158812,8557.192495786421
152660,SUGAR,luxury,1,0.947209763987942,8444.017535242132
67089,SUGAR,luxury,1,0.9469156679655908,8413.368230665277
85971,SUGAR,luxury,1,0.9465480479376516,8326.650425864029
102054,SUGAR,luxury,1,0.9459598558929492,8260.79369702118
76527,SUGAR,luxury,1,0.9458863318873612,8238.80410084229
100051,SUGAR,luxury,1,0.9455187118594222,8176.209341320803
69825,SUGAR,luxury,1,0.9453716638482464,8150.282440562225
178988,SUGAR,luxury,1,0.9452981398426586,8109.950381501441
186385,SUGAR,luxury,1,0.9450775678258952,8040.897140781022
188080,SUGAR,luxury,1,0.9450040438203072,8018.307930521969
204806,SUGAR,luxury,1,0.9448569958091316,7994.6413098374305
95330,SUGAR,luxury,1,0.9447834718035438,7979.135223727052
73862,SUGAR,luxury,1,0.9444158517756048,7946.514306813369
61087,SUGAR,luxury,1,0.9442688037644292,7923.922288500748
92335,SUGAR,luxury,1,0.9441952797588412,7914.441009056546
91689,SUGAR,luxury,1,0.9431659436806116,7748.379747285416
88647,SUGAR,luxury,1,0.943092419675024,7725.942245267341
182663,SUGAR,luxury,1,0.9425777516359092,7641.508323186642
187051,SUGAR,luxury,1,0.9425042276303212,7638.770763625687
93674,SUGAR,luxury,1,0.9418425115800309,7539.482168265638
96684,SUGAR,luxury,1,0.9416954635688553,7523.4710137899
75865,SUGAR,luxury,1,0.9412543195353282,7448.478287608238
97365,SUGAR,luxury,1,0.9405926034850378,7349.596708048154
206489,SUGAR,luxury,1,0.9401514594515108,7213.198111281289
96999,SUGAR,luxury,1,0.9396367914123962,7167.15205384053
141551,SUGAR,luxury,1,0.9395632674068084,7157.740468059809
104034,SUGAR,luxury,1,0.938901551356518,7060.2794391724165
99339,SUGAR,luxury,1,0.937945739283876,6953.665976884507
73121,SUGAR,luxury,1,0.937578119255937,6896.908580813471
95341,SUGAR,luxury,1,0.9374310712447614,6869.174429468141
104701,SUGAR,luxury,1,0.9369899272112344,6808.650167741198
186697,SUGAR,luxury,1,0.9360341151385928,6733.786971575751
95651,SUGAR,luxury,1,0.9355929711050658,6694.37632150032
95691,SUGAR,luxury,1,0.9352253510771268,6650.651328563024
71500,SUGAR,luxury,1,0.9345636350268364,6567.010577356372
140841,SUGAR,luxury,1,0.9343430630100727,6529.972839696942
192391,SUGAR,luxury,1,0.9336813469597824,6473.229334248137
203801,SUGAR,luxury,1,0.933019630909492,6407.170275184536
103371,SUGAR,luxury,1,0.932946106903904,6390.18619338504
219604,SUGAR,luxury,1,0.9322843908536136,6297.834789280319
208173,SUGAR,luxury,1,0.9305933387250938,6129.682884464936
101026,SUGAR,luxury,1,0.9302257186971546,6102.7160372915205
188738,SUGAR,luxury,1,0.9301521946915668,6095.38309904716
180648,SUGAR,luxury,1,0.9294904786412764,6010.190743602696
155974,SUGAR,luxury,1,0.9289758106021616,5979.12786086278
101390,SUGAR,luxury,1,0.9286817145798104,5953.482939552232
207790,SUGAR,luxury,1,0.9281670465406956,5882.669417085675
65442,SUGAR,luxury,1,0.927946474523932,5879.4456927596575
218547,SUGAR,luxury,1,0.9277994265127564,5863.909753988544
180992,SUGAR,luxury,1,0.9276523785015808,5853.688080911844
84964,SUGAR,luxury,1,0.927578854495993,5849.757913899927
151992,SUGAR,luxury,1,0.9264024704065876,5759.600644095598
196415,TEA,luxury,1,1.0,46535.8339878054
197078,TEA,luxury,1,0.9996048211815848,29603.57637430086
214168,TEA,luxury,1,0.9992096423631692,28867.54647508084
193394,TEA,luxury,1,0.9990120529539616,28478.21904188512
157282,TEA,luxury,1,0.998814463544754,26475.51344726175
194734,TEA,luxury,1,0.9984192847263388,24058.85191247432
202431,TEA,luxury,1,0.998221695317131,22977.846946738668
213151,TEA,luxury,1,0.9972337482710928,20152.543614691866
203775,TEA,luxury,1,0.996443390634262,19515.599122851607
199430,TEA,luxury,1,0.9960482118158468,19088.44543630909
209127,TEA,luxury,1,0.9956530329974314,18369.97154045086
214833,TEA,luxury,1,0.9954554435882236,18272.57508965306
192398,TEA,luxury,1,0.9950602647698084,18157.428128230087
206461,TEA,luxury,1,0.9948626753606008,17652.243513749316
204099,TEA,luxury,1,0.994665085951393,17640.03891419221
210566,TEA,luxury,1,0.9944674965421854,17546.63732699125
211139,TEA,luxury,1,0.993479549496147,15739.37800364033
190427,TEA,luxury,1,0.992886781268524,15155.332194225224
203103,TEA,luxury,1,0.9920964236316934,14022.323020986054
206123,TEA,luxury,1,0.9918988342224856,13518.109386374574
190764,TEA,luxury,1,0.9913060659948628,12745.56081632838
158621,TEA,luxury,1,0.990515708358032,12559.938004160656
210132,TEA,luxury,1,0.9901205295396168,12476.570854751855
190088,TEA,luxury,1,0.989922940130409,12451.634240713713
212483,TEA,luxury,1,0.989330171902786,12193.504243104975
214828,TEA,luxury,1,0.988737403675163,12119.84163389252
205105,TEA,luxury,1,0.9883422248567476,11952.238763579564
206456,TEA,luxury,1,0.9877494566291248,11477.49394965505
205451,TEA,luxury,1,0.9875518672199172,11212.593537481098
195740,TEA,luxury,1,0.986959098992294,10949.925335711763
92360,TEA,luxury,1,0.9851807943094252,10688.188911768542
214160,TEA,luxury,1,0.9824145425805176,9847.642023592827
202760,TEA,luxury,1,0.981031416716064,9534.402706047133
205455,TEA,luxury,1,0.9808338273068564,9412.097919879565
204103,TEA,luxury,1,0.979253112033195,9020.87849075683
156279,TEA,luxury,1,0.976882039122703,8687.462820698442
208136,TEA,luxury,1,0.97628927089508,8577.1249089118
156610,TEA,luxury,1,0.9753013238490416,8398.37450712036
213492,TEA,luxury,1,0.972139893301719,7865.327396810696
206110,TEA,luxury,1,0.9701639992096424,7390.020620146094
197093,TEA,luxury,1,0.968583283935981,7244.577606204712
207791,TEA,luxury,1,0.9681881051175656,7215.04383936973
203771,TEA,luxury,1,0.967990515708358,7214.19162374297
158186,TEA,luxury,1,0.9677929262991504,7182.86714794256
206465,TEA,luxury,1,0.967397747480735,7134.881179143681
211486,TEA,luxury,1,0.9666073898439044,7065.343816325509
204096,TEA,luxury,1,0.9664098004346968,7057.986233581018
212812,TEA,luxury,1,0.966212211025489,7054.597007544572
201440,TEA,luxury,1,0.9658170322070736,6918.405606947397
157954,TEA,luxury,1,0.9654218533886584,6916.433219742296
156848,TEA,luxury,1,0.965026674570243,6865.260031852777
205128,TEA,luxury,1,0.9640387275242048,6762.353519759985
210138,TEA,luxury,1,0.963841138114997,6694.248479389246
155842,TEA,luxury,1,0.9614700652045052,6433.710477006722
206452,TEA,luxury,1,0.9610748863860896,6304.457418339314
207144,TEA,luxury,1,0.9604821181584668,6276.774489768259
212145,TEA,luxury,1,0.9602845287492592,6257.480640816082
209559,TEA,luxury,1,0.9592965817032209,6210.178314417753
213837,TEA,luxury,1,0.9565303299743134,5945.451806947047
211129,TEA,luxury,1,0.954949614700652,5795.159563764196
204787,TEA,luxury,1,0.9523809523809524,5478.592018845097
201778,TEA,luxury,1,0.951393005334914,5440.63681628969
204123,TEA,luxury,1,0.9506026476980832,5425.914047270149
188069,TEA,luxury,1,0.949614700652045,5306.027471338402
203121,TEA,luxury,1,0.9482315747875912,5161.495848475002
192389,TEA,luxury,1,0.9476388065599683,5108.95610375976
203118,TEA,luxury,1,0.9474412171507608,5087.541859396705
204455,TEA,luxury,1,0.947243627741553,5080.191532839343
166906,TEA,luxury,1,0.9450701442402688,5021.919271310885
213488,TEA,luxury,1,0.9421063031021536,4841.684802998314
209501,TEA,luxury,1,0.9397352301916616,4686.405021107617
152932,TEA,luxury,1,0.939537640782454,4681.302283585785
261509,TEA,luxury,1,0.9387472831456234,4672.06414850664
200435,TEA,luxury,1,0.9330171902786012,4417.22299636546
193063,TEA,luxury,1,0.9308437067773168,4199.713995327833
209136,TEA,luxury,1,0.9306461173681092,4195.3342484043205
207460,TEA,luxury,1,0.9290654020944478,4076.5603515922735
207119,TEA,luxury,1,0.9278798656392018,3967.399678850972
211905,TEA,luxury,1,0.9255087927287098,3884.8373439371567
204447,TEA,luxury,1,0.9249160245010868,3864.453730848793
187741,TEA,luxury,1,0.924125666864256,3835.42208584532
224529,TEA,luxury,1,0.9237304880458408,3813.6780888476105
201103,TEA,luxury,1,0.9235328986366332,3790.84527368414
206472,TEA,luxury,1,0.9215570045445564,3667.808460162748
187069,TEA,luxury,1,0.9195811104524796,3621.4994620647126
155630,TEA,luxury,1,0.9160245010867416,3435.007423655913
211144,TEA,luxury,1,0.9154317328591188,3427.514231721294
204450,TEA,luxury,1,0.9140486069946652,3390.928347383706
211149,TEA,luxury,1,0.9126654811302114,3323.591854249609
202108,TEA,luxury,1,0.9104919976289272,3243.522169000993
202115,TEA,luxury,1,0.909899229401304,3222.596973289572
213831,TEA,luxury,1,0.907528156490812,3154.548869768116
203443,TEA,luxury,1,0.9045643153526972,3033.318891766176
207128,TEA,luxury,1,0.9041691365342818,2996.424986282814
203099,TEA,luxury,1,0.9025884212606204,2919.7055474431018
202446,TEA,luxury,1,0.9021932424422052,2898.1059047482154
203446,TEA,luxury,1,0.8988342224856748,2757.651134873182
210173,TEA,luxury,1,0.8958703813475598,2669.7940142487973
208815,TEA,luxury,1,0.8950800237107291,2643.693416583797
216851,TEA,luxury,1,0.8931041296186525,2562.51854332872
156993,TEA,luxury,1,0.8867812685240071,2305.198029215397
215166,TEA,luxury,1,0.8846077850227227,2262.166807364397
208464,TEA,luxury,1,0.8840150167950998,2241.774512183199
159304,TEA,luxury,1,0.8814463544754001,2174.1316636314023
214491,TEA,luxury,1,0.8790752815649081,2133.925422881969
212496,TEA,luxury,1,0.8778897451096621,2108.683651727937
204443,TEA,luxury,1,0.8741355463347165,1965.812990164668
204137,TEA,luxury,1,0.8719620628334321,1906.7374553467923
211490,TEA,luxury,1,0.8715668840150168,1901.2494017436863
184339,TEA,luxury,1,0.8709741157873938,1890.4342171620992
206132,TEA,luxury,1,0.8699861687413555,1866.121767730954
186731,TEA,luxury,1,0.8686030428769018,1803.2246426626443
156988,TEA,luxury,1,0.8684054534676942,1799.2021680692717
221188,TEA,luxury,1,0.8678126852400712,1789.4239794406972
207451,TEA,luxury,1,0.8674175064216558,1785.979778816949
203450,TEA,luxury,1,0.8668247381940328,1775.5665982776773
206811,TEA,luxury,1,0.8664295593756175,1762.7282828203756
203093,TEA,luxury,1,0.8660343805572022,1760.5946046928702
208829,TEA,luxury,1,0.8658367911479945,1758.3156095474778
199433,TEA,luxury,1,0.8650464335111638,1731.724566924487
203818,TEA,luxury,1,0.8597115194625569,1604.235856858331
212487,TEA,luxury,1,0.8595139300533492,1602.3129515233263
205443,TEA,luxury,1,0.8579332147796878,1571.8735214713
210151,TEA,luxury,1,0.8577356253704801,1567.5690147455516
158618,TEA,luxury,1,0.8571428571428571,1552.5
196419,TEA,luxury,1,0.8569452677336494,1550.4247632712193
205446,TEA,luxury,1,0.8563524995060264,1540.7607814244095
205793,TEA,luxury,1,0.8547717842323651,1498.4353706611596
212825,TEA,luxury,1,0.8537838371863268,1465.4445355090902
152264,TEA,luxury,1,0.8522031219126655,1434.4798786813942
202463,TEA,luxury,1,0.8520055325034578,1431.7892662348684
153592,TEA,luxury,1,0.8498320490021735,1396.8180258043935
211797,TEA,luxury,1,0.8478561549100968,1347.00079369852
156968,TEA,luxury,1,0.8425212408614898,1248.8573759897547
208812,TEA,luxury,1,0.8409405255878285,1204.161940885519
154836,TEA,luxury,1,0.8405453467694132,1200.2081522591598
213163,TEA,luxury,1,0.8403477573602055,1190.4157148672375
158269,TEA,luxury,1,0.8389646314957518,1177.7000122070312
158331,TEA,luxury,1,0.8381742738589212,1171.3700216960735
210145,TEA,luxury,1,0.8377790950405059,1167.5223148305308
156635,TEA,luxury,1,0.8330369492195219,1087.4065406175596
209479,TEA,luxury,1,0.8324441809918989,1081.531479103278
187744,TEA,luxury,1,0.8306658763090299,1063.2391346975492
207810,TEA,luxury,1,0.8284923928077456,1050.648482835092
206443,TEA,luxury,1,0.8282948033985379,1050.1193650668238
198100,TEA,luxury,1,0.8267140881248765,1032.3782759253747
153931,TEA,luxury,1,0.8263189093064611,1024.045066236893
205845,TEA,luxury,1,0.8235526575775538,979.3153610688638
223190,TEA,luxury,1,0.8231574787591385,976.551634923574
153605,TEA,luxury,1,0.8221695317131001,967.7733745956764
210179,TEA,luxury,1,0.8213791740762695,961.6272326474988
157993,TEA,luxury,1,0.8211815846670618,960.5625357423
210489,TEA,luxury,1,0.8201936376210235,951.5894092166128
154264,TEA,luxury,1,0.8192056905749852,943.8151608338178
199445,TEA,luxury,1,0.8174273858921162,928.4930096037376
204797,TEA,luxury,1,0.8172297964829085,927.216294828102
94041,TOBACCO,luxury,1,1.0,19151.496743779622
156319,TOBACCO,luxury,1,0.999715525211578,16432.000497168156
194071,TOBACCO,luxury,1,0.9996444065144726,15661.540169545133
95048,TOBACCO,luxury,1,0.9995021691202616,15042.687140810587
186730,TOBACCO,luxury,1,0.9990043382405236,11045.04524530254
213581,TOBACCO,luxury,1,0.998933219543418,10522.681561691365
95708,TOBACCO,luxury,1,0.9988621008463126,10461.107919986343
188731,TOBACCO,luxury,1,0.998648744754996,9560.142661418164
207782,TOBACCO,luxury,1,0.9984353886636796,8496.261337806895
214588,TOBACCO,luxury,1,0.9983642699665742,8460.608760109402
210146,TOBACCO,luxury,1,0.9982220325723632,8105.923065797895
155643,TOBACCO,luxury,1,0.9980086764810469,7663.9919785636575
179976,TOBACCO,luxury,1,0.997866439086836,7162.65823877403
188402,TOBACCO,luxury,1,0.9975108456013084,6793.557587166562
193730,TOBACCO,luxury,1,0.9973686082070976,6740.498676108243
181010,TOBACCO,luxury,1,0.9968707773273594,6177.5545182775
182683,TOBACCO,luxury,1,0.9967285399331484,6037.673462334544
153650,TOBACCO,luxury,1,0.9963729464476212,5743.281107904551
217938,TOBACCO,luxury,1,0.9963018277505156,5714.391861777325
206441,TOBACCO,luxury,1,0.9962307090534102,5710.866197293416
182015,TOBACCO,luxury,1,0.9960884716591992,5650.61354643071
204116,TOBACCO,luxury,1,0.9959462342649884,5646.799901277919
103706,TOBACCO,luxury,1,0.9957328781736718,5582.5077155791305
85316,TOBACCO,luxury,1,0.9953772846881443,5091.260095369071
183021,TOBACCO,luxury,1,0.9948794538084064,4880.933003236815
203778,TOBACCO,luxury,1,0.9947372164141952,4802.986040046892
204119,TOBACCO,luxury,1,0.9946660977170898,4791.87326409121
93365,TOBACCO,luxury,1,0.994381622928668,4771.160753905769
204791,TOBACCO,luxury,1,0.9941682668373516,4723.123898704237
181007,TOBACCO,luxury,1,0.994097148140246,4709.825116285573
92026,TOBACCO,luxury,1,0.9939549107460351,4690.085397111487
207114,TOBACCO,luxury,1,0.9936704359576132,4606.425435059478
154614,TOBACCO,luxury,1,0.993314842472086,4535.586564958853
155617,TOBACCO,luxury,1,0.9928881302894532,4404.9639310490165
96384,TOBACCO,luxury,1,0.9928170115923476,4385.050563295063
201104,TOBACCO,luxury,1,0.9923191807126094,4196.602322134188
211823,TOBACCO,luxury,1,0.9921769433183985,4145.400007253074
180002,TOBACCO,luxury,1,0.9921058246212928,4104.257994281764
96380,TOBACCO,luxury,1,0.991963587227082,4038.160763041762
204150,TOBACCO,luxury,1,0.9918213498328712,3961.514920030654
79122,TOBACCO,luxury,1,0.9917502311357655,3957.619365765841
203787,TOBACCO,luxury,1,0.990612331982078,3749.537979064829
213801,TOBACCO,luxury,1,0.9903989758907616,3718.308309636193
95035,TOBACCO,luxury,1,0.9903278571936562,3713.842973255348
206122,TOBACCO,luxury,1,0.9894033141312852,3562.0735420263686
208119,TOBACCO,luxury,1,0.9888343645544414,3500.663868769256
201441,TOBACCO,luxury,1,0.988763245857336,3496.919134607094
203773,TOBACCO,luxury,1,0.9886921271602304,3485.612866083969
186692,TOBACCO,luxury,1,0.9885498897660197,3477.570571871492
155635,TOBACCO,luxury,1,0.9883365336747032,3427.5017539507694
218207,TOBACCO,luxury,1,0.9882654149775976,3421.5097164425106
204783,TOBACCO,luxury,1,0.9879809401891756,3347.83222459017
94716,TOBACCO,luxury,1,0.9878387027949648,3338.982521313293
155304,TOBACCO,luxury,1,0.9873408719152263,3248.0697296521457
149146,TOBACCO,luxury,1,0.9871986345210156,3209.1657529321174
179653,TOBACCO,luxury,1,0.9870563971268046,3187.2647933678145
183358,TOBACCO,luxury,1,0.9868430410354884,3170.3115912461462
213160,TOBACCO,luxury,1,0.9867719223383828,3169.321082240659
202443,TOBACCO,luxury,1,0.9866296849441718,3167.908235746838
211906,TOBACCO,luxury,1,0.986060735367328,3110.191598710374
202114,TOBACCO,luxury,1,0.985278429699168,3001.101137669946
205790,TOBACCO,luxury,1,0.9840694118483748,2886.956454240511
155292,TOBACCO,luxury,1,0.9837138183628475,2864.493771024163
155850,TOBACCO,luxury,1,0.9834293435744256,2848.690361034357
155625,TOBACCO,luxury,1,0.9832871061802148,2835.788054891119
144784,TOBACCO,luxury,1,0.9824336818149492,2746.863186915129
206787,TOBACCO,luxury,1,0.9819358509352109,2694.6686765053
205797,TOBACCO,luxury,1,0.9815802574496836,2664.7273747375875
206115,TOBACCO,luxury,1,0.9809401891757344,2617.315031254306
93035,TOBACCO,luxury,1,0.980442358295996,2588.187808210776
204446,TOBACCO,luxury,1,0.9800156461133632,2556.680296319474
212814,TOBACCO,luxury,1,0.9799445274162576,2552.135209736645
155187,TOBACCO,luxury,1,0.9798734087191524,2550.145176521259
216934,TOBACCO,luxury,1,0.9795178152336248,2513.2656182905957
203115,TOBACCO,luxury,1,0.9785932721712538,2440.9223203124857
162268,TOBACCO,luxury,1,0.9779532038973046,2369.979602014267
150487,TOBACCO,luxury,1,0.9773842543204608,2310.4972959727247
203111,TOBACCO,luxury,1,0.9766730673494062,2224.043706379121
154611,TOBACCO,luxury,1,0.974823981224664,2099.026731374058
210565,TOBACCO,luxury,1,0.9747528625275586,2093.6445474182374
205457,TOBACCO,luxury,1,0.9746106251333476,2075.6946772139586
201770,TOBACCO,luxury,1,0.9741127942536092,2053.0206119134045
211127,TOBACCO,luxury,1,0.9738283194651874,2048.1676994776963
205775,TOBACCO,luxury,1,0.9721925894317616,1973.1917927394256
205129,TOBACCO,luxury,1,0.9719081146433396,1961.989102694575
152971,TOBACCO,luxury,1,0.971196927672285,1922.9494984333237
214473,TOBACCO,luxury,1,0.971054690278074,1913.0726800209925
185688,TOBACCO,luxury,1,0.9705568593983358,1884.5307762746413
212793,TOBACCO,luxury,1,0.9703435033070196,1872.8397673566328
154309,TOBACCO,luxury,1,0.9702012659128084,1863.4598257199968
205450,TOBACCO,luxury,1,0.9697745537301756,1836.3021616903163
206455,TOBACCO,luxury,1,0.9697034350330702,1833.2375813080453
78133,TOBACCO,luxury,1,0.9696323163359648,1832.330896647556
131124,TOBACCO,luxury,1,0.9694189602446484,1820.4739043037755
154315,TOBACCO,luxury,1,0.9689922480620154,1804.46190626799
140096,TOBACCO,luxury,1,0.9679965863025388,1760.9687606260356
189069,TOBACCO,luxury,1,0.9669298058459568,1713.3952137889912
200099,TOBACCO,luxury,1,0.966787568451746,1705.8146519159748
203119,TOBACCO,luxury,1,0.9664319749662186,1694.0969616575933
85321,TOBACCO,luxury,1,0.9655074319038476,1664.831940422284
154636,TOBACCO,luxury,1,0.9650096010241092,1645.268263233607
152643,TOBACCO,luxury,1,0.9648673636298984,1633.7778127497863
202447,TOBACCO,luxury,1,0.9644406514472657,1618.5006713435712
155620,TOBACCO,luxury,1,0.9641561766588436,1612.5457199214986
181675,TOBACCO,luxury,1,0.9639428205675272,1602.7933440253098
182680,TOBACCO,luxury,1,0.9634449896877888,1583.512318030666
209814,TOBACCO,luxury,1,0.9623070905341016,1509.8280627455297
156651,TOBACCO,luxury,1,0.961951497048574,1491.429872638991
214919,TOBACCO,luxury,1,0.9616670222601522,1482.845012752703
214803,TOBACCO,luxury,1,0.9613825474717304,1476.2961572152597
79471,TOBACCO,luxury,1,0.961169191380414,1467.1749132956334
94708,TOBACCO,luxury,1,0.9606713605006756,1449.3738950813208
202096,TOBACCO,luxury,1,0.9596045800440935,1418.286869249623
137741,TOBACCO,luxury,1,0.959533461346988,1417.1405902254412
203440,TOBACCO,luxury,1,0.9593912239527772,1412.0471302099702
210140,TOBACCO,luxury,1,0.9591067491643552,1402.4329348273293
196756,TOBACCO,luxury,1,0.9590356304672498,1398.845971540587
202762,TOBACCO,luxury,1,0.9589645117701444,1397.3444589131796
208127,TOBACCO,luxury,1,0.9588222743759336,1392.67464997048
207459,TOBACCO,luxury,1,0.958466680890406,1382.3750675280594
154664,TOBACCO,luxury,1,0.9580399687077732,1372.8238030565549
210459,TOBACCO,luxury,1,0.9578266126164569,1369.3993105252675
156276,TOBACCO,luxury,1,0.9572576630396132,1356.2700120111683
151298,TOBACCO,luxury,1,0.9571865443425076,1355.635720366464
179308,TOBACCO,luxury,1,0.9569731882511912,1350.950533947653
149484,TOBACCO,luxury,1,0.956475357371453,1316.497909570306
208803,TOBACCO,luxury,1,0.9564042386743477,1313.107506261842
127035,TOBACCO,luxury,1,0.9562620012801364,1311.3232194968705
203770,TOBACCO,luxury,1,0.9561197638859256,1310.5349958675192
71864,TOBACCO,luxury,1,0.9556930517032928,1299.211871961401
212822,TOBACCO,luxury,1,0.9554796956119764,1291.5396457169886
153274,TOBACCO,luxury,1,0.9543417964582888,1261.342765021275
205112,TOBACCO,luxury,1,0.9542706777611836,1259.1475553688229
206781,TOBACCO,luxury,1,0.9537017281843396,1243.4435371073068
203090,TOBACCO,luxury,1,0.9534172533959178,1238.4025063736435
153613,TOBACCO,luxury,1,0.953132778607496,1231.7053159722202
205489,TOBACCO,luxury,1,0.9530616599103904,1225.594314718061
213499,TOBACCO,luxury,1,0.9529194225161794,1223.1785634784849
187390,TOBACCO,luxury,1,0.9524927103335468,1209.229205551538
77130,TOBACCO,luxury,1,0.9521371168480194,1201.6818552261452
84648,TOBACCO,luxury,1,0.9519237607567028,1196.9501519294329
160206,TOBACCO,luxury,1,0.9515681672711755,1188.6962213071415
207120,TOBACCO,luxury,1,0.9512125737856484,1173.194786527138
154318,TOBACCO,luxury,1,0.9511414550885428,1172.931196394499
85653,TOBACCO,luxury,1,0.9509992176943318,1164.8914202862616
206803,TOBACCO,luxury,1,0.9506436242088044,1155.3868462947387
214794,TOBACCO,luxury,1,0.9500746746319608,1143.112904683819
218546,TOBACCO,luxury,1,0.9500035559348552,1139.1351187268715
162605,TOBACCO,luxury,1,0.9497190811464334,1131.189754606013
211148,TOBACCO,luxury,1,0.949647962449328,1130.846440984615
212827,TOBACCO,luxury,1,0.949363487660906,1126.0905969459982
219213,TOBACCO,luxury,1,0.9489367754782732,1114.7529181797663
158995,TOBACCO,luxury,1,0.9485100632956404,1105.268194653455
145100,TOBACCO,luxury,1,0.9479411137187966,1085.493855878438
71430,TOBACCO,luxury,1,0.9478699950216912,1083.8543655042006
151491,TOBACCO,luxury,1,0.9473010454448476,1068.6489227504828
74777,TOBACCO,luxury,1,0.947229926747742,1065.689954303975
71799,TOBACCO,luxury,1,0.9470165706564256,1061.911177813999
156656,TOBACCO,luxury,1,0.9467320958680036,1052.9113710978438
214165,TOBACCO,luxury,1,0.9464476210795818,1048.254024774695
159325,TOBACCO,luxury,1,0.9459497901998436,1044.0464516104246
152933,TOBACCO,luxury,1,0.9454519593201052,1034.7078962017686
72434,TOBACCO,luxury,1,0.9453808406229998,1032.6645910376276
191387,TOBACCO,luxury,1,0.9450252471374724,1023.0679405335018
213827,TOBACCO,luxury,1,0.944954128440367,1022.3672468289194
155656,TOBACCO,luxury,1,0.944811891046156,1016.0444386980644
156183,TOBACCO,luxury,1,0.9447407723490504,1014.7739644192956
159999,TOBACCO,luxury,1,0.9446696536519452,1013.8692625712504
76458,TOBACCO,luxury,1,0.9439584666808905,991.6694854017728
153950,TOBACCO,luxury,1,0.9438162292866796,989.7323330975696
222919,TOBACCO,luxury,1,0.9431761610127304,976.9250264610064
95376,TOBACCO,luxury,1,0.9428205675272028,970.4665165841828
179304,TOBACCO,luxury,1,0.9420382618590428,960.1722520535926
157308,TOBACCO,luxury,1,0.9409003627053552,929.7548790606304
150150,TOBACCO,luxury,1,0.940260294431406,917.923371897687
201098,TOBACCO,luxury,1,0.9395491074603514,904.0412472257694
144763,TOBACCO,luxury,1,0.9377000213356091,870.7765935929417
180990,TOBACCO,luxury,1,0.9376289026385036,870.1997904884823
200432,TOBACCO,luxury,1,0.9374866652442928,868.2471049345932
97688,TOBACCO,luxury,1,0.936917715667449,861.1084173657545
72804,TOBACCO,luxury,1,0.9362065286963944,845.1932099356304
209787,TOBACCO,luxury,1,0.9354953417253395,833.2437842588437
76864,TOBACCO,luxury,1,0.9350686295427068,829.9766083660855
153976,TOBACCO,luxury,1,0.9347130360571796,826.0989172051404
147466,TOBACCO,luxury,1,0.934499679965863,821.4977630874998
102039,TOBACCO,luxury,1,0.933575136903492,806.1694386584709
212453,TOBACCO,luxury,1,0.9335040182063864,805.4739641195927
215136,TOBACCO,luxury,1,0.933432899509281,805.3866127465018
143433,TOBACCO,luxury,1,0.9333617808121756,804.0540580484969
155525,TOBACCO,luxury,1,0.9327217125382264,792.4127072261257
92693,TOBACCO,luxury,1,0.9310859825048003,758.1123706886414
155183,TOBACCO,luxury,1,0.930872626413484,755.8897483212747
204774,TOBACCO,luxury,1,0.9308015077163786,755.6821979471191
63780,TOBACCO,luxury,1,0.9304459142308512,752.2575834775845
161536,TOBACCO,luxury,1,0.929023540288742,732.3065969200295
75517,TOBACCO,luxury,1,0.9286679468032144,727.3587507197775
154982,TOBACCO,luxury,1,0.9268899793755778,704.3818419007669
153634,TOBACCO,luxury,1,0.9268188606784724,704.1754087045325
210818,TOBACCO,luxury,1,0.926605504587156,700.7900796628869
151976,TOBACCO,luxury,1,0.9265343858900504,700.4234784735589
213454,TOBACCO,luxury,1,0.9263921484958396,697.7405229012418
158957,TOBACCO,luxury,1,0.9260365550103122,692.6542479563951
199438,TOBACCO,luxury,1,0.9258231989189958,691.4142091014
159667,TOBACCO,luxury,1,0.925254249342152,685.1873036753016
209457,TOBACCO,luxury,1,0.9251831306450464,684.856267637145
206794,TOBACCO,luxury,1,0.9248986558566248,681.9104344573642
212155,TOBACCO,luxury,1,0.9246141810682028,679.3579176319096
146126,TOBACCO,luxury,1,0.9236896380058316,666.805954867134
178302,TOBACCO,luxury,1,0.9235474006116208,663.9492203831594
150289,TOBACCO,luxury,1,0.9226939762463552,650.9727248626938
65114,TOBACCO,luxury,1,0.9224806201550388,650.2508607466792
73438,TOBACCO,luxury,1,0.9223383827608278,648.2388263546904
215141,TOBACCO,luxury,1,0.9222672640637224,647.2418948134804
150632,TOBACCO,luxury,1,0.9221250266695116,645.4148599472344
202768,TOBACCO,luxury,1,0.922053907972406,645.1578320867443
81190,TOBACCO,luxury,1,0.921911670578195,644.1834229874275
239234,TOBACCO,luxury,1,0.9215560770926676,640.2124857841441
210434,TOBACCO,luxury,1,0.9212716023042458,635.8644304940758
185380,TOBACCO,luxury,1,0.9212004836071404,635.271979478473
153308,TOBACCO,luxury,1,0.9199914657563474,624.2686770392937
213461,TOBACCO,luxury,1,0.9198492283621365,622.7542781290907
77461,TOBACCO,luxury,1,0.9188535666026598,613.1528650935302
188369,TOBACCO,luxury,1,0.9186402105113436,610.8602115028034
151966,TOBACCO,luxury,1,0.918426854420027,608.0116069035116
203803,TOBACCO,luxury,1,0.917360073963445,594.0057760412825
64786,TOBACCO,luxury,1,0.9168622430837068,587.6199513614215
74817,TOBACCO,luxury,1,0.916151056112652,580.6771976227338
217493,TOBACCO,luxury,1,0.9158665813242302,574.2879523432206
154165,TOBACCO,luxury,1,0.9155821065358084,568.579286883469
142766,TOBACCO,luxury,1,0.9145864447763316,555.433515620349
157989,TOBACCO,luxury,1,0.9141597325936988,551.3996120882858
155647,TOBACCO,luxury,1,0.9133774269255388,546.1290266969954
62094,TOBACCO,luxury,1,0.9128795960458004,539.7485285630305
132721,TRUFFLES,luxury,1,1.0,6.196044822076042
132053,TRUFFLES,luxury,1,0.9910071942446044,6.10259326714188
132724,TRUFFLES,luxury,1,0.9658273381294964,5.725823622006748
131720,TRUFFLES,luxury,1,0.962230215827338,5.676786334920724
132050,TRUFFLES,luxury,1,0.960431654676259,5.642983591247065
140760,TRUFFLES,luxury,1,0.9496402877697842,5.370434350565561
139757,TRUFFLES,luxury,1,0.9442446043165468,5.312016058891035
141429,TRUFFLES,luxury,1,0.9388489208633094,5.281551032718845
141431,TRUFFLES,luxury,1,0.9298561151079136,5.220829554347514
131381,TRUFFLES,luxury,1,0.9226618705035972,5.171737916309676
131048,TRUFFLES,luxury,1,0.9118705035971224,5.0417187183927545
140422,TRUFFLES,luxury,1,0.9064748201438848,5.008069515218351
138416,TRUFFLES,luxury,1,0.89568345323741,4.896466327159161
142102,TRUFFLES,luxury,1,0.8902877697841727,4.803871739495136
141091,TRUFFLES,luxury,1,0.8866906474820144,4.766170197180674
134730,TRUFFLES,luxury,1,0.8776978417266187,4.693895452571108
140429,TRUFFLES,luxury,1,0.8705035971223022,4.6317079127652985
139751,TRUFFLES,luxury,1,0.8633093525179856,4.582629262488818
133390,TRUFFLES,luxury,1,0.8471223021582733,4.479351608088581
138414,TRUFFLES,luxury,1,0.8129496402877698,4.259567692096686
139088,TRUFFLES,luxury,1,0.8093525179856115,4.242015726011647
132718,TRUFFLES,luxury,1,0.8003597122302158,4.189038583268021
135398,TRUFFLES,luxury,1,0.7949640287769785,4.142356760650892
141100,TRUFFLES,luxury,1,0.7805755395683454,4.082432709164054
141089,TRUFFLES,luxury,1,0.7715827338129496,4.009964677625273
137410,TRUFFLES,luxury,1,0.762589928057554,3.9330371476813406
142769,TRUFFLES,luxury,1,0.7589928057553957,3.8476986119332826
139749,TRUFFLES,luxury,1,0.75,3.8058172069218767
130710,TRUFFLES,luxury,1,0.7482014388489209,3.79983658495892
133387,TRUFFLES,luxury,1,0.7302158273381295,3.694406042037115
134059,TRUFFLES,luxury,1,0.7230215827338129,3.677459127050964
136743,TRUFFLES,luxury,1,0.6906474820143885,3.485433449105505
137742,TRUFFLES,luxury,1,0.6888489208633094,3.4807340376401266
143440,TRUFFLES,luxury,1,0.6744604316546763,3.3971595289446914
141771,TRUFFLES,luxury,1,0.6726618705035972,3.3968115249770063
143101,TRUFFLES,luxury,1,0.6672661870503597,3.385732564248679
139760,TRUFFLES,luxury,1,0.6636690647482014,3.382251225370454
132716,TRUFFLES,luxury,1,0.6474820143884892,3.295097366490908
138411,TRUFFLES,luxury,1,0.6438848920863309,3.2856790923663977
136739,TRUFFLES,luxury,1,0.6402877697841727,3.2834763621089644
142097,TRUFFLES,luxury,1,0.6384892086330936,3.2766437463410827
143772,TRUFFLES,luxury,1,0.6312949640287769,3.257954298501282
131712,TRUFFLES,luxury,1,0.6151079136690647,3.189925895248348
137081,TRUFFLES,luxury,1,0.5809352517985612,3.062899375427177
131051,TRUFFLES,luxury,1,0.5719424460431655,3.019059597680651
137071,TRUFFLES,luxury,1,0.5485611510791367,2.91974455039868
143442,TRUFFLES,luxury,1,0.5467625899280576,2.910696836516673
134056,TRUFFLES,luxury,1,0.5323741007194245,2.884348199105334
142095,TRUFFLES,luxury,1,0.5215827338129496,2.8298652540224234
144111,TRUFFLES,luxury,1,0.5197841726618705,2.828978277201922
143099,TRUFFLES,luxury,1,0.5179856115107914,2.820928705756956
144443,TRUFFLES,luxury,1,0.5161870503597122,2.8203417933195203
144441,TRUFFLES,luxury,1,0.4730215827338129,2.6821138903970434
138409,TRUFFLES,luxury,1,0.4586330935251798,2.6359109670901115
131710,TRUFFLES,luxury,1,0.4262589928057554,2.5594006301749648
137083,TRUFFLES,luxury,1,0.4100719424460431,2.515580943450701
130380,TRUFFLES,luxury,1,0.3992805755395683,2.4818658039213704
136067,TRUFFLES,luxury,1,0.3848920863309352,2.4500965780569417
143768,TRUFFLES,luxury,1,0.3705035971223021,2.394882841759003
132714,TRUFFLES,luxury,1,0.3651079136690647,2.376983157510632
143444,TRUFFLES,luxury,1,0.3615107913669064,2.3637236017729064
137069,TRUFFLES,luxury,1,0.3597122302158273,2.3585073316832568
142093,TRUFFLES,luxury,1,0.329136690647482,2.302106982531519
145112,TRUFFLES,luxury,1,0.3237410071942446,2.293655187292403
143097,TRUFFLES,luxury,1,0.3147482014388489,2.247644992537447
145115,TRUFFLES,luxury,1,0.3039568345323741,2.226619538558764
140768,TRUFFLES,luxury,1,0.2985611510791366,2.212633823766281
130382,TRUFFLES,luxury,1,0.2859712230215827,2.1589108594507733
144448,TRUFFLES,luxury,1,0.2805755395683453,2.1427155964500018
134054,TRUFFLES,luxury,1,0.2535971223021582,2.093196444741149
144774,TRUFFLES,luxury,1,0.2266187050359712,2.060905270449375
130707,TRUFFLES,luxury,1,0.2140287769784172,2.0145460558209582
136065,TRUFFLES,luxury,1,0.210431654676259,2.0098865836874977
138407,TRUFFLES,luxury,1,0.2032374100719424,1.986042844249453
132729,TRUFFLES,luxury,1,0.197841726618705,1.955923708830184
136414,TRUFFLES,luxury,1,0.1906474820143885,1.943186145906014
130043,TRUFFLES,luxury,1,0.1780575539568345,1.918604207636164
83999,WINE,luxury,1,0.9999155797560256,37549.75187244833
132386,WINE,luxury,1,0.9998733696340384,31460.429038005444
133724,WINE,luxury,1,0.9997467392680764,27981.754527534344
50326,WINE,luxury,1,0.9997045291460892,27404.17120581892
131043,WINE,luxury,1,0.9995356886581402,26085.817265207952
129043,WINE,luxury,1,0.999493478536153,25744.02319529769
128711,WINE,luxury,1,0.9994090582921784,24718.71481843617
129715,WINE,luxury,1,0.9992824279262168,22012.509521354157
135722,WINE,luxury,1,0.9991135874382676,21083.623169343344
127703,WINE,luxury,1,0.998649276096408,18172.05313389059
140766,WINE,luxury,1,0.9984382254864717,16877.7453358099
130375,WINE,luxury,1,0.99831159512051,16240.391898510725
83996,WINE,luxury,1,0.9982271748765352,15524.329798211553
126026,WINE,luxury,1,0.9980161242665992,14460.124304882307
49988,WINE,luxury,1,0.997973914144612,14408.017724809704
148126,WINE,luxury,1,0.9979317040226248,14284.16847038045
138412,WINE,luxury,1,0.9978894939006374,13979.067105187478
129037,WINE,luxury,1,0.9977628635346756,13775.782189728066
136068,WINE,luxury,1,0.9963699295090964,10615.179108772016
139758,WINE,luxury,1,0.9961166687771728,10240.26361943016
125026,WINE,luxury,1,0.9960322485331984,10203.068759777108
148456,WINE,luxury,1,0.9959056181672366,10147.82094940436
148794,WINE,luxury,1,0.9958634080452492,10100.6152433579
137072,WINE,luxury,1,0.9953990967033894,9645.874363216915
130706,WINE,luxury,1,0.9953568865814022,9622.608315830486
95045,WINE,luxury,1,0.9950614157274914,9316.45004591812
138754,WINE,luxury,1,0.9946393145076188,8696.922816301543
148133,WINE,luxury,1,0.9945548942636444,8613.503246653096
126702,WINE,luxury,1,0.9945126841416572,8606.66049593195
129383,WINE,luxury,1,0.9937106918238994,7948.710995470041
49993,WINE,luxury,1,0.9931197501160778,7239.850484910134
136749,WINE,luxury,1,0.9929509096281288,7078.80534439304
84673,WINE,luxury,1,0.9929086995061416,7035.452738800555
138745,WINE,luxury,1,0.9927398590181926,6953.64790198586
129376,WINE,luxury,1,0.9922755476763327,6597.955018405279
133721,WINE,luxury,1,0.9922333375543456,6593.726153221802
152180,WINE,luxury,1,0.9921911274323584,6586.955058844789
140750,WINE,luxury,1,0.992148917310371,6534.870988470886
148307,WINE,luxury,1,0.9920644970663964,6514.825005952634
126029,WINE,luxury,1,0.9918956565784476,6470.761312370788
152185,WINE,luxury,1,0.9915157654805622,6231.408157899782
147458,WINE,luxury,1,0.9914313452365876,6206.910890236419
131384,WINE,luxury,1,0.9910514541387024,5930.852271539965
142764,WINE,luxury,1,0.990967033894728,5894.747808920245
130717,WINE,luxury,1,0.9907137731628044,5799.0247866398695
137740,WINE,luxury,1,0.9905027225528682,5747.326469497195
82667,WINE,luxury,1,0.9901650415769702,5498.594706067335
146793,WINE,luxury,1,0.9899539909670338,5331.712458544411
137761,WINE,luxury,1,0.9899117808450466,5315.218313784514
126021,WINE,luxury,1,0.9895740998691486,5216.468230732879
130368,WINE,luxury,1,0.9894052593811996,5153.847299223685
143432,WINE,luxury,1,0.9893630492592124,5136.095055270737
130059,WINE,luxury,1,0.989278629015238,5123.244307267726
134729,WINE,luxury,1,0.9886876873074164,4894.17514400575
225037,WINE,luxury,1,0.9885188468194672,4848.96306095915
139085,WINE,luxury,1,0.9884344265754929,4839.110148168419
145449,WINE,luxury,1,0.988307796209531,4786.752897926603
138082,WINE,luxury,1,0.9881811658435692,4732.767943627483
130387,WINE,luxury,1,0.9875902241357476,4440.26228965653
147451,WINE,luxury,1,0.9872103330378624,4309.215596308827
134717,WINE,luxury,1,0.9871681229158752,4308.478301102482
131374,WINE,luxury,1,0.9863239204761302,4086.004141428942
83007,WINE,luxury,1,0.985648558524334,3922.069727853562
49325,WINE,luxury,1,0.9856063484023468,3913.3666839866073
159190,WINE,luxury,1,0.9854797180363852,3881.232037765361
152161,WINE,luxury,1,0.9853952977924106,3832.891756636373
141775,WINE,luxury,1,0.9851842471824744,3790.546765159205
82664,WINE,luxury,1,0.9850576168165126,3759.365426394113
147479,WINE,luxury,1,0.9850154066945254,3732.3991989041488
127706,WINE,luxury,1,0.984804356084589,3689.677037899256
125023,WINE,luxury,1,0.9847199358406146,3678.5789511894095
55330,WINE,luxury,1,0.9844244649867038,3607.543193079293
146790,WINE,luxury,1,0.9842556244987548,3579.267624929977
160195,WINE,luxury,1,0.9841289941327932,3546.9951436371407
142767,WINE,luxury,1,0.9840445738888184,3519.759099870124
148800,WINE,luxury,1,0.9839179435228568,3494.083724052552
135390,WINE,luxury,1,0.9838335232788824,3486.3034591075366
128371,WINE,luxury,1,0.9834114220590098,3398.018231136541
147310,WINE,luxury,1,0.9833692119370224,3391.990754254208
153501,WINE,luxury,1,0.9831581613270862,3372.172100954262
82670,WINE,luxury,1,0.9829893208391371,3350.787098212912
143961,WINE,luxury,1,0.9827360601072136,3330.300854005875
145463,WINE,luxury,1,0.9818918576674688,3240.6070760092166
83990,WINE,luxury,1,0.9818496475454814,3238.161796749169
141094,WINE,luxury,1,0.981765227301507,3223.7711144048653
161875,WINE,luxury,1,0.9814697564475962,3178.002677939323
175272,WINE,luxury,1,0.9813009159596472,3141.069918416115
133380,WINE,luxury,1,0.9809210248617618,3098.518392916214
127365,WINE,luxury,1,0.9808788147397746,3095.754662638013
144785,WINE,luxury,1,0.9806255540078512,3069.469890209798
134053,WINE,luxury,1,0.9805411337638764,3066.5217030747062
79124,WINE,luxury,1,0.9804145033979148,3042.1975558880813
158518,WINE,luxury,1,0.9802878730319532,3036.4832024380426
153162,WINE,luxury,1,0.9802034527879786,3035.2808325942506
150152,WINE,luxury,1,0.980119032544004,3024.179293883
144791,WINE,luxury,1,0.9798657718120806,2983.8434550233324
130379,WINE,luxury,1,0.979443670592208,2937.5727020213108
82326,WINE,luxury,1,0.9793592503482336,2929.894424181238
142091,WINE,luxury,1,0.9783039972985522,2810.4191618886457
147788,WINE,luxury,1,0.9782195770545776,2803.7071601619
130701,WINE,luxury,1,0.9781351568106031,2795.666142271852
50321,WINE,luxury,1,0.9779241062006668,2779.13797872007
133406,WINE,luxury,1,0.9778818960786796,2775.118068967601
145302,WINE,luxury,1,0.9775864252247688,2746.052725089264
170245,WINE,luxury,1,0.9774597948588072,2738.563773054438
155522,WINE,luxury,1,0.9768266430289984,2700.5066381876763
157189,WINE,luxury,1,0.976742222785024,2691.520750233776
141425,WINE,luxury,1,0.9764467519311132,2670.8081518895638
151823,WINE,luxury,1,0.9763201215651514,2655.1384840344926
159863,WINE,luxury,1,0.9760246507112406,2627.517551299876
152498,WINE,luxury,1,0.9757291798573298,2602.505718932608
226377,WINE,luxury,1,0.975602549491368,2597.5153397057225
148136,WINE,luxury,1,0.9755603393693808,2584.4110311275444
132712,WINE,luxury,1,0.97526486851547,2554.042802809063
141087,WINE,luxury,1,0.974758347051623,2523.4230266771688
79456,WINE,luxury,1,0.9743362458317504,2485.3439461287576
83012,WINE,luxury,1,0.9742940357097633,2484.944362596994
147795,WINE,luxury,1,0.974251825587776,2481.289633402109
143771,WINE,luxury,1,0.9740407749778396,2475.9295082834315
155508,WINE,luxury,1,0.9736608838799544,2458.248585511956
53025,WINE,luxury,1,0.97357646363598,2444.570579849344
149132,WINE,luxury,1,0.9735342535139928,2443.9360689609443
136728,WINE,luxury,1,0.973238782660082,2425.7022631783984
142778,WINE,luxury,1,0.9730277320501456,2410.165252047098
128033,WINE,luxury,1,0.9725634207082858,2359.644187935532
164237,WINE,luxury,1,0.9721835296104006,2326.922474519912
136397,WINE,luxury,1,0.972099109366426,2323.8989385738296
153504,WINE,luxury,1,0.9718880587564898,2313.9104570668087
153830,WINE,luxury,1,0.9716770081465536,2300.6356051352363
225377,WINE,luxury,1,0.9715503777805918,2294.7759301783863
168902,WINE,luxury,1,0.9713393271706556,2289.3285322696056
82994,WINE,luxury,1,0.971254906926681,2284.886340014512
54026,WINE,luxury,1,0.970917225950783,2261.238037087849
177951,WINE,luxury,1,0.9703262842429614,2217.8532908789757
125016,WINE,luxury,1,0.970073023511038,2205.5406245576823
143439,WINE,luxury,1,0.9696087121691782,2174.9689140342616
227718,WINE,luxury,1,0.9688067198514204,2123.3582420471844
158191,WINE,luxury,1,0.9687222996074458,2119.370741152072
162557,WINE,luxury,1,0.968595669241484,2115.558953077234
155184,WINE,luxury,1,0.9684268287535353,2107.14269646258
158859,WINE,luxury,1,0.9677092566797518,2081.947553800328
125365,WINE,luxury,1,0.9671605250939176,2037.079087330524
149144,WINE,luxury,1,0.9669494744839812,2025.9653833516288
127374,WINE,luxury,1,0.9663163226541724,1986.1850065583817
155516,WINE,luxury,1,0.9662741125321852,1985.5633975690405
155848,WINE,luxury,1,0.9658520113123128,1971.1980697932183
144113,WINE,luxury,1,0.9658098011903254,1967.3836245605985
97375,WINE,luxury,1,0.9647967582626312,1913.0116078563008
141438,WINE,luxury,1,0.964754548140644,1912.644578610024
161880,WINE,luxury,1,0.964543497530708,1900.4106973896908
140419,WINE,luxury,1,0.9643324469207716,1888.204824693136
154168,WINE,luxury,1,0.9639525558228864,1861.8733411339476
128378,WINE,luxury,1,0.9636992950909627,1838.9968958570216
132401,WINE,luxury,1,0.963234983749103,1821.35235240101
145779,WINE,luxury,1,0.9631927736271158,1820.1837671608475
146125,WINE,luxury,1,0.9628550926512176,1802.167815325122
227051,WINE,luxury,1,0.9622641509433962,1777.7119482020858
167592,WINE,luxury,1,0.9619686800894854,1758.1692627701304
158529,WINE,luxury,1,0.9616309991135874,1737.2308818035226
144445,WINE,luxury,1,0.9614621586256384,1717.6934358147705
144772,WINE,luxury,1,0.9609556371617914,1698.7068347069655
126369,WINE,luxury,1,0.960702376429868,1690.5705440598065
154844,WINE,luxury,1,0.9596049132581992,1632.9917259363838
176278,WINE,luxury,1,0.9595204930142248,1631.1663036660602
156181,WINE,luxury,1,0.9593938626482632,1625.952131891994
80797,WINE,luxury,1,0.959225022160314,1614.0397493721382
154505,WINE,luxury,1,0.9591828120383268,1613.3548203547666
174940,WINE,luxury,1,0.9584652399645436,1575.4043072110394
148484,WINE,luxury,1,0.9581697691106328,1568.9427045415964
135058,WINE,luxury,1,0.9580009286226836,1564.6823920941422
150824,WINE,luxury,1,0.9574099869148622,1546.703057862009
173933,WINE,luxury,1,0.9573255666708876,1544.506094075179
149476,WINE,luxury,1,0.9565235743531298,1514.3906418929228
53354,WINE,luxury,1,0.9562281034992192,1506.1998345329537
137744,WINE,luxury,1,0.9561436832552446,1504.46968454589
167909,WINE,luxury,1,0.9560170528892828,1498.5813161460717
139743,WINE,luxury,1,0.9558904225233212,1494.264759511697
52678,WINE,luxury,1,0.955848212401334,1494.0389897264558
172929,WINE,luxury,1,0.955383901059474,1483.0077990301318
125354,WINE,luxury,1,0.9553416909374868,1482.5933301851094
150818,WINE,luxury,1,0.955046220083576,1473.2795596688056
152517,WINE,luxury,1,0.954708539107678,1460.328219625168
162882,WINE,luxury,1,0.9537377063019712,1429.916026286338
175947,WINE,luxury,1,0.9535688658140222,1427.263456900004
171259,WINE,luxury,1,0.952555822886328,1389.062761988886
147307,WINE,luxury,1,0.952344772276392,1383.0203649296302
152836,WINE,luxury,1,0.9523025621544048,1379.305764182898
163898,WINE,luxury,1,0.9519648811785066,1365.4139931557092
131705,WINE,luxury,1,0.9515005698366468,1354.1342682831505
157528,WINE,luxury,1,0.9514161495926724,1351.2856364742238
234411,WINE,luxury,1,0.9511628888607488,1342.9221393235175
74768,WINE,luxury,1,0.950192056055042,1314.3558562955309
164227,WINE,luxury,1,0.9499810054451058,1306.7562316073256
152859,WINE,luxury,1,0.9496011143472204,1295.3682932592812
142772,WINE,luxury,1,0.9495589042252331,1294.6589477581952
154856,WINE,luxury,1,0.9493478536152968,1288.6409046620815
160874,WINE,luxury,1,0.949179013127348,1278.9783144594865
170257,WINE,luxury,1,0.9489679625174116,1272.743946887651
163225,WINE,luxury,1,0.9487991220294628,1269.6744613115686
130038,WINE,luxury,1,0.9482081803216412,1246.2981670176894
160535,WINE,luxury,1,0.9479971297117048,1241.8270944086862
173284,WINE,luxury,1,0.9478282892237558,1235.114348055363
217829,WINE,luxury,1,0.9476594487358068,1224.7541272771475
176953,WINE,luxury,1,0.9476172386138196,1223.5254088731567
161883,WINE,luxury,1,0.9475750284918324,1223.470566198016
131063,WINE,luxury,1,0.9467730361740744,1200.7553366569882
177285,WINE,luxury,1,0.946350934954202,1194.8806875556313
216152,WINE,luxury,1,0.9458022033683676,1180.0335360769934
180970,WINE,luxury,1,0.9448735806846482,1151.9537079533875
149149,WINE,luxury,1,0.9444936895867628,1143.8559861591982
146306,WINE,luxury,1,0.9439449580009286,1135.6759982680276
152155,WINE,luxury,1,0.9437339073909924,1127.5076623561995
96707,WINE,luxury,1,0.9436916972690051,1124.363138648906
129362,WINE,luxury,1,0.9434384365370816,1120.5701930867058
175940,WINE,luxury,1,0.943185175805158,1116.0799379084692
159523,WINE,luxury,1,0.9429741251952218,1110.2290397168294
170254,WINE,luxury,1,0.94284749482926,1107.9444761195527
214489,WINE,luxury,1,0.9428052847072728,1107.7382596680427
127027,WINE,luxury,1,0.9422143429994512,1090.322657323139
57730,WINE,luxury,1,0.941496770925668,1075.650398911598
81989,WINE,luxury,1,0.9413701405597062,1072.6480107416355
83667,WINE,luxury,1,0.9412857203157318,1070.225504863275
161200,WINE,luxury,1,0.9412013000717572,1064.8230129117558
157182,WINE,luxury,1,0.9410746697057956,1062.4349336577106
163274,WINE,luxury,1,0.9406525684859228,1056.8737980116318
182313,WINE,luxury,1,0.940483727997974,1054.0413483362113
125709,WINE,luxury,1,0.9403993077539994,1052.5746843256586
144806,WINE,luxury,1,0.940357097632012,1049.8956152255114
207776,WINE,luxury,1,0.9403148875100248,1048.724428880974
49314,WINE,luxury,1,0.9401038369000888,1045.1862805169624
216490,WINE,luxury,1,0.9396395255582288,1033.8146016347705
151155,WINE,luxury,1,0.9395973154362416,1032.773458439975
217157,WINE,luxury,1,0.9393862648263054,1027.9066784350125
166588,WINE,luxury,1,0.9391330040943818,1020.3500604356624
207438,WINE,luxury,1,0.9390907939723946,1020.0933497087934
224705,WINE,luxury,1,0.9389219534844456,1015.7886773134708
147974,WINE,luxury,1,0.9386264826305348,1009.2958328435592
146964,WINE,luxury,1,0.9385842725085476,1008.4659853677148
85680,WINE,luxury,1,0.937655649824828,988.203789638073
127047,WINE,luxury,1,0.9375712295808536,986.9581824422826
242811,WINE,luxury,1,0.936980287873032,974.817867387427
164909,WINE,luxury,1,0.9367692372630956,971.7248455727764
163219,WINE,luxury,1,0.9364315562871977,962.5702654594032
165576,WINE,luxury,1,0.9357561943354016,951.9476781570042
84653,WINE,luxury,1,0.9357139842134145,951.5697811593294
171281,WINE,luxury,1,0.9353763032375164,944.447607164589
169924,WINE,luxury,1,0.9352074627495672,942.1368296858824
183311,WINE,luxury,1,0.93516525262758,941.0265461884458
164900,WINE,luxury,1,0.9349964121396312,938.211168466294
143287,WINE,luxury,1,0.9337723186020008,918.635443952616
162543,WINE,luxury,1,0.9336034781140518,916.6691321584416
102034,WINE,luxury,1,0.9334346376261028,914.8788632482612
168914,WINE,luxury,1,0.9329703262842428,904.9748903163486
162266,WINE,luxury,1,0.9325904351863576,899.4692344442605
183634,WINE,luxury,1,0.9320839137225106,890.2286412326672
208442,WINE,luxury,1,0.9317040226246254,879.0562718967946
162269,WINE,luxury,1,0.9313663416487272,876.7326087956558
52651,WINE,luxury,1,0.93132413152674,872.0639792289273
144788,WINE,luxury,1,0.9312819214047529,871.7751397943784
207101,WINE,luxury,1,0.9298467772571862,849.0710836531931
148812,WINE,luxury,1,0.9294246760373136,842.6869675342787
162943,WINE,luxury,1,0.9291714153053904,837.9669515759
55998,WINE,luxury,1,0.928960364695454,833.0895109537818
171934,WINE,luxury,1,0.9288337343294922,831.297301470126
225709,WINE,luxury,1,0.928791524207505,830.7802158232739
207769,WINE,luxury,1,0.9284960533535942,826.1996643736015
148313,WINE,luxury,1,0.9277362711578236,808.5409358563721
146117,WINE,luxury,1,0.9271875395719894,795.9006603622845
124706,WINE,luxury,1,0.9271031193280148,795.2459988714735
224709,WINE,luxury,1,0.9265965978641678,789.8722630714205
126047,WINE,luxury,1,0.9263855472542316,788.4486481333847
51673,WINE,luxury,1,0.926301127010257,786.9023588778305
230061,WINE,luxury,1,0.9255835549364738,774.2546919348711
94026,WINE,luxury,1,0.9249926132286522,760.2426028665691
172264,WINE,luxury,1,0.9243172512768562,751.30785522345
158560,WINE,luxury,1,0.9240639905449328,746.9464083190079
126710,WINE,luxury,1,0.923979570300958,746.2767653648726
132389,WINE,luxury,1,0.9239373601789708,746.1746807462938
157512,WINE,luxury,1,0.9233042083491622,735.5327531951191
166239,WINE,luxury,1,0.9229243172512768,731.06778996036
150491,WINE,luxury,1,0.9228821071292896,729.9350891291939
127715,WINE,luxury,1,0.9225866362753788,725.531948339792
83345,WINE,luxury,1,0.9225022160314044,724.831648743609
139780,WINE,luxury,1,0.9224600059094172,723.9778773719406
136408,WINE,luxury,1,0.922291165421468,721.2119468638566
182299,WINE,luxury,1,0.9220801148115318,716.6892232938304
159531,WINE,luxury,1,0.9219956945675571,714.3267095454686
95039,WINE,luxury,1,0.9219112743235828,712.5530563707582
173607,WINE,luxury,1,0.921784643957621,710.0356937201909
173293,WINE,luxury,1,0.9210670718838376,699.3599395751953
145800,WINE,luxury,1,0.920940441517876,698.3981330038218
210296,WINE,luxury,1,0.9198851884681948,683.6469546991598
72112,ALUMINUM,strategic,8,1.0,7.045776576879511
68085,ALUMINUM,strategic,8,0.9990300678952472,5.823045895483019
70096,ALUMINUM,strategic,8,0.9980601357904948,5.568344503761097
72776,ALUMINUM,strategic,8,0.997090203685742,5.529429087511423
56352,ALUMINUM,strategic,8,0.9951503394762368,5.389071729816501
73116,ALUMINUM,strategic,8,0.991270611057226,4.574710978503383
74491,ALUMINUM,strategic,8,0.9893307468477208,4.51085950651685
87586,ALUMINUM,strategic,8,0.988360814742968,4.465908118654584
52986,ALUMINUM,strategic,8,0.9873908826382152,4.304065093204169
70099,ALUMINUM,strategic,8,0.9859359844810864,4.060443010546419
90602,ALUMINUM,strategic,8,0.983996120271581,4.007333185232471
132379,ALUMINUM,strategic,8,0.983996120271581,4.007333185232471
59352,ALUMINUM,strategic,8,0.9815712900096992,3.688879454113936
87254,ALUMINUM,strategic,8,0.9801163918525704,3.6375861597263857
72747,ALUMINUM,strategic,8,0.9772065955383124,3.58351893845611
73461,ALUMINUM,strategic,8,0.9757516973811832,3.555348061489413
185707,ALUMINUM,strategic,8,0.973811833171678,3.5263605246161616
153835,ALUMINUM,strategic,8,0.973811833171678,3.5263605246161616
217311,ALUMINUM,strategic,8,0.973811833171678,3.5263605246161616
234054,ALUMINUM,strategic,8,0.9699321047526672,3.4339872044851463
89601,ALUMINUM,strategic,8,0.9699321047526672,3.4339872044851463
142763,ALUMINUM,strategic,8,0.9699321047526672,3.4339872044851463
129791,ALUMINUM,strategic,8,0.9699321047526672,3.4339872044851463
71100,ALUMINUM,strategic,8,0.9670223084384092,3.367295829986474
91984,ALUMINUM,strategic,8,0.9660523763336566,3.332204510175204
55347,ALUMINUM,strategic,8,0.965082444228904,3.295836866004329
210293,ALUMINUM,strategic,8,0.960717749757517,3.218875824868201
135065,ALUMINUM,strategic,8,0.960717749757517,3.218875824868201
73436,ALUMINUM,strategic,8,0.960717749757517,3.218875824868201
141758,ALUMINUM,strategic,8,0.9582929194956352,3.1780538303479458
70830,ALUMINUM,strategic,7,0.7861299709020368,1.9459101490553128
83814,ALUMINUM,strategic,7,0.7861299709020368,1.9459101490553128
85906,ALUMINUM,strategic,7,0.7861299709020368,1.9459101490553128
136396,ALUMINUM,strategic,7,0.7861299709020368,1.9459101490553128
183605,ALUMINUM,strategic,7,0.7861299709020368,1.9459101490553128
69824,ALUMINUM,strategic,7,0.7861299709020368,1.9459101490553128
63369,ALUMINUM,strategic,7,0.7861299709020368,1.9459101490553128
57671,ALUMINUM,strategic,7,0.7861299709020368,1.9459101490553128
95648,ALUMINUM,strategic,7,0.7861299709020368,1.9459101490553128
143108,ALUMINUM,strategic,7,0.7861299709020368,1.9459101490553128
153531,ALUMINUM,strategic,7,0.7861299709020368,1.9459101490553128
62040,ALUMINUM,strategic,7,0.7861299709020368,1.9459101490553128
141092,ALUMINUM,strategic,7,0.7861299709020368,1.9459101490553128
72103,ALUMINUM,strategic,7,0.7861299709020368,1.9459101490553128
171567,ALUMINUM,strategic,7,0.7861299709020368,1.9459101490553128
146467,ALUMINUM,strategic,7,0.7861299709020368,1.9459101490553128
226060,ALUMINUM,strategic,7,0.7861299709020368,1.9459101490553128
220903,ALUMINUM,strategic,7,0.7861299709020368,1.9459101490553128
79461,ALUMINUM,strategic,7,0.7861299709020368,1.9459101490553128
182280,ALUMINUM,strategic,7,0.7861299709020368,1.9459101490553128
77840,ALUMINUM,strategic,7,0.7861299709020368,1.9459101490553128
50648,ALUMINUM,strategic,7,0.7861299709020368,1.9459101490553128
145461,ALUMINUM,strategic,7,0.7861299709020368,1.9459101490553128
73767,ALUMINUM,strategic,7,0.7861299709020368,1.9459101490553128
55663,ALUMINUM,strategic,7,0.7861299709020368,1.9459101490553128
134715,ALUMINUM,strategic,7,0.7861299709020368,1.9459101490553128
99048,ALUMINUM,strategic,7,0.7861299709020368,1.9459101490553128
94975,ALUMINUM,strategic,7,0.7861299709020368,1.9459101490553128
166529,ALUMINUM,strategic,7,0.7861299709020368,1.9459101490553128
223186,ALUMINUM,strategic,7,0.7861299709020368,1.9459101490553128
147417,ALUMINUM,strategic,7,0.7861299709020368,1.9459101490553128
206105,ALUMINUM,strategic,5,0.4529582929194956,1.3862943611198906
135384,ALUMINUM,strategic,5,0.4529582929194956,1.3862943611198906
223524,ALUMINUM,strategic,5,0.4529582929194956,1.3862943611198906
166363,ALUMINUM,strategic,5,0.4529582929194956,1.3862943611198906
168924,ALUMINUM,strategic,5,0.4529582929194956,1.3862943611198906
91279,ALUMINUM,strategic,5,0.4529582929194956,1.3862943611198906
204844,ALUMINUM,strategic,5,0.4529582929194956,1.3862943611198906
190058,ALUMINUM,strategic,5,0.4529582929194956,1.3862943611198906
191068,ALUMINUM,strategic,5,0.4529582929194956,1.3862943611198906
167879,ALUMINUM,strategic,5,0.4529582929194956,1.3862943611198906
76818,ALUMINUM,strategic,5,0.4529582929194956,1.3862943611198906
135061,ALUMINUM,strategic,5,0.4529582929194956,1.3862943611198906
207117,ALUMINUM,strategic,5,0.4529582929194956,1.3862943611198906
54351,ALUMINUM,strategic,5,0.4529582929194956,1.3862943611198906
77793,ALUMINUM,strategic,5,0.4529582929194956,1.3862943611198906
73790,ALUMINUM,strategic,5,0.4529582929194956,1.3862943611198906
53991,ALUMINUM,strategic,5,0.4529582929194956,1.3862943611198906
138741,ALUMINUM,strategic,5,0.4529582929194956,1.3862943611198906
167268,ALUMINUM,strategic,5,0.4529582929194956,1.3862943611198906
92616,ALUMINUM,strategic,5,0.4529582929194956,1.3862943611198906
127670,ALUMINUM,strategic,5,0.4529582929194956,1.3862943611198906
82987,ALUMINUM,strategic,5,0.4529582929194956,1.3862943611198906
189303,ALUMINUM,strategic,5,0.4529582929194956,1.3862943611198906
151328,ALUMINUM,strategic,5,0.4529582929194956,1.3862943611198906
52333,ALUMINUM,strategic,5,0.4529582929194956,1.3862943611198906
191395,ALUMINUM,strategic,5,0.4529582929194956,1.3862943611198906
213899,ALUMINUM,strategic,5,0.4529582929194956,1.3862943611198906
157135,ALUMINUM,strategic,5,0.4529582929194956,1.3862943611198906
132720,ALUMINUM,strategic,5,0.4529582929194956,1.3862943611198906
77795,ALUMINUM,strategic,5,0.4529582929194956,1.3862943611198906
132035,ALUMINUM,strategic,5,0.4529582929194956,1.3862943611198906
83890,ALUMINUM,strategic,5,0.4529582929194956,1.3862943611198906
78120,ALUMINUM,strategic,5,0.4529582929194956,1.3862943611198906
91608,ALUMINUM,strategic,5,0.4529582929194956,1.3862943611198906
61026,ALUMINUM,strategic,5,0.4529582929194956,1.3862943611198906
87605,ALUMINUM,strategic,5,0.4529582929194956,1.3862943611198906
140078,ALUMINUM,strategic,5,0.4529582929194956,1.3862943611198906
61423,ALUMINUM,strategic,5,0.4529582929194956,1.3862943611198906
130377,ALUMINUM,strategic,5,0.4529582929194956,1.3862943611198906
176611,ALUMINUM,strategic,5,0.4529582929194956,1.3862943611198906
85478,ALUMINUM,strategic,5,0.4529582929194956,1.3862943611198906
121073,ALUMINUM,strategic,5,0.4529582929194956,1.3862943611198906
180939,ALUMINUM,strategic,5,0.4529582929194956,1.3862943611198906
167920,ALUMINUM,strategic,5,0.4529582929194956,1.3862943611198906
134057,ALUMINUM,strategic,5,0.4529582929194956,1.3862943611198906
148086,ALUMINUM,strategic,5,0.4529582929194956,1.3862943611198906
60415,ALUMINUM,strategic,5,0.4529582929194956,1.3862943611198906
187071,ALUMINUM,strategic,5,0.4529582929194956,1.3862943611198906
149096,ALUMINUM,strategic,5,0.4529582929194956,1.3862943611198906
142100,ALUMINUM,strategic,5,0.4529582929194956,1.3862943611198906
86634,ALUMINUM,strategic,5,0.4529582929194956,1.3862943611198906
95650,ALUMINUM,strategic,5,0.4529582929194956,1.3862943611198906
57675,ALUMINUM,strategic,5,0.4529582929194956,1.3862943611198906
84651,ALUMINUM,strategic,5,0.4529582929194956,1.3862943611198906
59695,ALUMINUM,strategic,5,0.4529582929194956,1.3862943611198906
72101,ALUMINUM,strategic,5,0.4529582929194956,1.3862943611198906
140514,ALUMINUM,strategic,5,0.4529582929194956,1.3862943611198906
234749,ALUMINUM,strategic,5,0.4529582929194956,1.3862943611198906
189381,ALUMINUM,strategic,5,0.4529582929194956,1.3862943611198906
51329,ALUMINUM,strategic,5,0.4529582929194956,1.3862943611198906
168212,ALUMINUM,strategic,5,0.4529582929194956,1.3862943611198906
147800,ALUMINUM,strategic,5,0.4529582929194956,1.3862943611198906
149820,ALUMINUM,strategic,5,0.4529582929194956,1.3862943611198906
131716,ALUMINUM,strategic,5,0.4529582929194956,1.3862943611198906
185956,ALUMINUM,strategic,5,0.4529582929194956,1.3862943611198906
56379,ALUMINUM,strategic,5,0.4529582929194956,1.3862943611198906
161541,ALUMINUM,strategic,5,0.4529582929194956,1.3862943611198906
137739,ALUMINUM,strategic,5,0.4529582929194956,1.3862943611198906
166554,ALUMINUM,strategic,5,0.4529582929194956,1.3862943611198906
122412,ALUMINUM,strategic,5,0.4529582929194956,1.3862943611198906
74195,ALUMINUM,strategic,5,0.4529582929194956,1.3862943611198906
138064,ALUMINUM,strategic,5,0.4529582929194956,1.3862943611198906
134061,ALUMINUM,strategic,5,0.4529582929194956,1.3862943611198906
137704,ALUMINUM,strategic,5,0.4529582929194956,1.3862943611198906
250800,ALUMINUM,strategic,5,0.4529582929194956,1.3862943611198906
134026,ALUMINUM,strategic,5,0.4529582929194956,1.3862943611198906
207524,ALUMINUM,strategic,5,0.4529582929194956,1.3862943611198906
100054,ALUMINUM,strategic,5,0.4529582929194956,1.3862943611198906
80796,ALUMINUM,strategic,5,0.4529582929194956,1.3862943611198906
76793,ALUMINUM,strategic,5,0.4529582929194956,1.3862943611198906
211780,ALUMINUM,strategic,5,0.4529582929194956,1.3862943611198906
83898,ALUMINUM,strategic,5,0.4529582929194956,1.3862943611198906
59014,ALUMINUM,strategic,5,0.4529582929194956,1.3862943611198906
123424,ALUMINUM,strategic,5,0.4529582929194956,1.3862943611198906
183362,ALUMINUM,strategic,5,0.4529582929194956,1.3862943611198906
172904,ALUMINUM,strategic,5,0.4529582929194956,1.3862943611198906
206804,ALUMINUM,strategic,5,0.4529582929194956,1.3862943611198906
79535,ALUMINUM,strategic,5,0.4529582929194956,1.3862943611198906
72142,ALUMINUM,strategic,5,0.4529582929194956,1.3862943611198906
126382,ALUMINUM,strategic,5,0.4529582929194956,1.3862943611198906
151807,ALUMINUM,strategic,5,0.4529582929194956,1.3862943611198906
140880,ALUMINUM,strategic,5,0.4529582929194956,1.3862943611198906
141421,ALUMINUM,strategic,5,0.4529582929194956,1.3862943611198906
81613,ALUMINUM,strategic,4,0.1944713870029098,1.0986122886681096
126045,ALUMINUM,strategic,4,0.1944713870029098,1.0986122886681096
78803,ALUMINUM,strategic,4,0.1944713870029098,1.0986122886681096
75452,ALUMINUM,strategic,4,0.1944713870029098,1.0986122886681096
52662,ALUMINUM,strategic,4,0.1944713870029098,1.0986122886681096
71091,ALUMINUM,strategic,4,0.1944713870029098,1.0986122886681096
96985,ALUMINUM,strategic,4,0.1944713870029098,1.0986122886681096
81808,ALUMINUM,strategic,4,0.1944713870029098,1.0986122886681096
163890,ALUMINUM,strategic,4,0.1944713870029098,1.0986122886681096
53014,ALUMINUM,strategic,3,0.0863239573229874,0.6931471805599453
70073,ALUMINUM,strategic,3,0.0863239573229874,0.6931471805599453
92289,ALUMINUM,strategic,3,0.0863239573229874,0.6931471805599453
171269,ALUMINUM,strategic,3,0.0863239573229874,0.6931471805599453
187065,ALUMINUM,strategic,3,0.0863239573229874,0.6931471805599453
76783,ALUMINUM,strategic,3,0.0863239573229874,0.6931471805599453
136758,ALUMINUM,strategic,3,0.0863239573229874,0.6931471805599453
51323,ALUMINUM,strategic,3,0.0863239573229874,0.6931471805599453
81545,ALUMINUM,strategic,3,0.0863239573229874,0.6931471805599453
53668,ALUMINUM,strategic,3,0.0863239573229874,0.6931471805599453
146965,ALUMINUM,strategic,3,0.0863239573229874,0.6931471805599453
152988,ALUMINUM,strategic,3,0.0863239573229874,0.6931471805599453
214839,ALUMINUM,strategic,3,0.0863239573229874,0.6931471805599453
77797,ALUMINUM,strategic,3,0.0863239573229874,0.6931471805599453
78122,ALUMINUM,strategic,3,0.0863239573229874,0.6931471805599453
165577,ALUMINUM,strategic,3,0.0863239573229874,0.6931471805599453
74084,ALUMINUM,strategic,3,0.0863239573229874,0.6931471805599453
152307,ALUMINUM,strategic,3,0.0863239573229874,0.6931471805599453
221514,ALUMINUM,strategic,3,0.0863239573229874,0.6931471805599453
204817,ALUMINUM,strategic,3,0.0863239573229874,0.6931471805599453
75781,ALUMINUM,strategic,3,0.0863239573229874,0.6931471805599453
215168,ALUMINUM,strategic,3,0.0863239573229874,0.6931471805599453
152165,ALUMINUM,strategic,3,0.0863239573229874,0.6931471805599453
47256,ALUMINUM,strategic,3,0.0863239573229874,0.6931471805599453
50646,ALUMINUM,strategic,3,0.0863239573229874,0.6931471805599453
61357,ALUMINUM,strategic,3,0.0863239573229874,0.6931471805599453
192738,ALUMINUM,strategic,3,0.0863239573229874,0.6931471805599453
199771,ALUMINUM,strategic,3,0.0863239573229874,0.6931471805599453
71097,ALUMINUM,strategic,3,0.0863239573229874,0.6931471805599453
200783,ALUMINUM,strategic,3,0.0863239573229874,0.6931471805599453
58043,ALUMINUM,strategic,3,0.0863239573229874,0.6931471805599453
221232,ALUMINUM,strategic,3,0.0863239573229874,0.6931471805599453
206158,ALUMINUM,strategic,3,0.0863239573229874,0.6931471805599453
189720,COAL,strategic,7,1.0,15.931927196870788
75784,COAL,strategic,7,1.0,9.245274650982582
189380,COAL,strategic,7,0.9992753623188406,15.327189757825822
203414,COAL,strategic,7,0.9989626556016598,6.841080780688327
192068,COAL,strategic,7,0.9985507246376812,14.640184239303345
190726,COAL,strategic,7,0.9978260869565218,14.121011704897969
191391,COAL,strategic,7,0.9971014492753624,13.877946255466044
216251,COAL,strategic,7,0.9963768115942028,13.60757063663278
234412,COAL,strategic,7,0.9956521739130436,13.301255166110565
151317,COAL,strategic,7,0.9942028985507246,13.054796467770338
217583,COAL,strategic,7,0.9927536231884058,12.767857603944185
217915,COAL,strategic,7,0.9920289855072464,12.629639715758094
192731,COAL,strategic,7,0.991304347826087,12.531607325595427
207541,COAL,strategic,7,0.9906832298136646,10.395683783174883
176254,COAL,strategic,7,0.9905797101449276,12.513345886712855
80801,COAL,strategic,7,0.9901452282157676,8.075155457249952
79796,COAL,strategic,7,0.9901452282157676,6.513644226518408
182279,COAL,strategic,7,0.9891304347826086,11.604996277038408
216910,COAL,strategic,7,0.9891304347826086,10.201236608221423
188389,COAL,strategic,7,0.98768115942029,11.321695753573785
63041,COAL,strategic,7,0.9875776397515528,8.564645827668947
204083,COAL,strategic,7,0.9875518672199172,6.133580991058937
71437,COAL,strategic,7,0.9865145228215768,6.26050145830936
187716,COAL,strategic,7,0.986231884057971,11.295552729563468
216247,COAL,strategic,7,0.984472049689441,8.72575805677391
198380,COAL,strategic,7,0.9833333333333332,10.814823805349295
143773,COAL,strategic,7,0.982608695652174,10.763382100848183
78793,COAL,strategic,7,0.9823651452282156,6.647619904789844
204754,COAL,strategic,7,0.9813278008298756,5.9576009031579655
192729,COAL,strategic,7,0.9804347826086957,10.443291787711058
189077,COAL,strategic,7,0.9789855072463768,10.396788736084032
203416,COAL,strategic,7,0.9782157676348548,5.536424811170544
236732,COAL,strategic,7,0.9731884057971014,9.981180901264167
76453,COAL,strategic,7,0.972463768115942,9.941465941976803
139404,COAL,strategic,7,0.9720496894409938,7.914957179653718
142419,COAL,strategic,7,0.9710144927536232,9.68412588929857
77788,COAL,strategic,7,0.9702898550724638,9.680840223713057
187658,COAL,strategic,7,0.9688796680497924,5.018325728698721
180936,COAL,strategic,7,0.9681159420289857,9.44018283308364
145448,COAL,strategic,7,0.967391304347826,9.4338634850607
189397,COAL,strategic,7,0.9659420289855072,9.399690429482352
207813,COAL,strategic,7,0.9644927536231884,9.30689042486368
155313,COAL,strategic,7,0.9623188405797102,9.184201946914488
206773,COAL,strategic,7,0.9616182572614108,5.655178383741488
142087,COAL,strategic,7,0.9615942028985508,9.141152429833136
180669,COAL,strategic,7,0.9586956521739132,8.949464377657382
201743,COAL,strategic,7,0.9574688796680498,5.090802121309171
237064,COAL,strategic,7,0.9565217391304348,8.661157921000989
187714,COAL,strategic,7,0.9557971014492752,8.616620859491332
203797,COAL,strategic,7,0.9543478260869566,8.533788510860456
209453,COAL,strategic,6,0.83298755186722,4.0461446382731205
210799,COAL,strategic,6,0.8314315352697096,3.669770715748236
202416,COAL,strategic,6,0.8314315352697096,3.666912795056238
208098,COAL,strategic,6,0.8298755186721992,3.734805358341336
182611,COAL,strategic,6,0.8291925465838509,4.836806982030932
219603,COAL,strategic,6,0.828838174273859,3.30587129775179
236745,COAL,strategic,6,0.8253623188405798,4.945108658800727
183357,COAL,strategic,6,0.8239130434782609,4.931257022782115
215909,COAL,strategic,6,0.8236514522821576,4.754920425953949
73773,COAL,strategic,6,0.8236514522821576,3.533008833591168
186654,COAL,strategic,6,0.8236514522821576,3.416471017343216
66073,COAL,strategic,6,0.8236514522821576,3.2982811284851143
80803,COAL,strategic,6,0.8236514522821576,3.2982811284851143
152323,COAL,strategic,6,0.822463768115942,4.846636695282963
216918,COAL,strategic,6,0.8217391304347826,4.841620590296527
149485,COAL,strategic,6,0.8183229813664596,4.778963455706278
95047,COAL,strategic,6,0.8181159420289855,4.815253188267378
182634,COAL,strategic,6,0.8174273858921162,3.658990562017686
150149,COAL,strategic,6,0.8167701863354038,4.735042108853773
206769,COAL,strategic,6,0.8148340248962656,3.894028718056132
201069,COAL,strategic,6,0.8132780082987552,3.919439387135632
152810,COAL,strategic,6,0.8130434782608695,4.719935377409243
205429,COAL,strategic,6,0.8122406639004149,3.837253068261059
204429,COAL,strategic,6,0.8112033195020747,3.727335810800071
202721,COAL,strategic,6,0.8108695652173913,4.694054233559548
71093,COAL,strategic,6,0.8101449275362319,4.686161293828051
207441,COAL,strategic,6,0.8091286307053942,3.890433661312545
71760,COAL,strategic,6,0.8079710144927537,4.667256375834537
150307,COAL,strategic,6,0.8075726141078838,3.5263392195355925
178937,COAL,strategic,6,0.8074534161490683,4.533891017754232
59727,COAL,strategic,6,0.8072463768115942,4.625244170293374
63024,COAL,strategic,6,0.8057971014492754,4.606778740491231
184648,COAL,strategic,6,0.803941908713693,3.731041461238496
228396,COAL,strategic,5,0.6654564315352697,2.614612691879713
59701,COAL,strategic,5,0.6645962732919255,3.1862305443524237
155155,COAL,strategic,5,0.6601449275362319,3.223495433620557
188378,COAL,strategic,5,0.6594202898550725,3.219438012022924
142768,COAL,strategic,5,0.6579710144927536,3.217703612759633
189333,COAL,strategic,5,0.6566390041493776,2.687099394027884
235060,COAL,strategic,5,0.6566390041493776,2.510529247162029
181667,COAL,strategic,5,0.6543478260869565,3.1816112176871387
209893,COAL,strategic,5,0.6537267080745341,3.1236589729566555
205119,COAL,strategic,5,0.6535269709543569,3.1341192685019807
196706,COAL,strategic,5,0.652536231884058,3.1713131832516583
196359,COAL,strategic,5,0.652536231884058,3.1713131832516583
214797,COAL,strategic,5,0.6524896265560166,2.757203443829576
209792,COAL,strategic,5,0.6514522821576764,2.8057832437851262
213787,COAL,strategic,5,0.6493775933609959,2.939516975525778
206098,COAL,strategic,5,0.6493775933609959,2.722110721375868
148810,COAL,strategic,5,0.6493775933609959,2.505050489368186
190341,COAL,strategic,5,0.6348547717842323,2.5817388783700577
205078,COAL,strategic,5,0.6348547717842323,2.450983268097911
204733,COAL,strategic,5,0.6348547717842323,2.450983268097911
205121,COAL,strategic,5,0.631159420289855,3.0017676260532995
126692,COAL,strategic,5,0.6304347826086957,2.9969104242554865
211114,COAL,strategic,5,0.6275933609958506,2.720363621327382
200391,COAL,strategic,5,0.6260869565217392,2.955509089715373
208774,COAL,strategic,5,0.6255186721991701,2.7749177106773457
60029,COAL,strategic,5,0.6242236024844721,2.934929554251394
152313,COAL,strategic,5,0.6224637681159421,2.939030277411528
205116,COAL,strategic,5,0.6159420289855072,2.876667692375169
142771,COAL,strategic,5,0.613768115942029,2.86549583341746
199034,COAL,strategic,5,0.6110248447204969,2.7592846277524274
203077,COAL,strategic,4,0.4992753623188405,2.161420404912995
187040,COAL,strategic,4,0.4985507246376812,2.158946419392315
204113,COAL,strategic,4,0.4978260869565217,2.158379481023145
206533,COAL,strategic,4,0.4942028985507246,2.110197296240549
206864,COAL,strategic,4,0.4934782608695652,2.0900573294052625
60032,COAL,strategic,4,0.4913043478260869,2.074654576663572
129682,COAL,strategic,4,0.4905797101449275,2.06846352504756
137393,COAL,strategic,4,0.4880434782608696,2.040525617916294
141078,COAL,strategic,4,0.4880434782608696,2.040525617916294
74446,COAL,strategic,4,0.486231884057971,2.0350971871739736
198037,COAL,strategic,4,0.4802904564315353,1.863196603195792
152315,COAL,strategic,4,0.4802904564315353,1.863196603195792
154842,COAL,strategic,4,0.4802904564315353,1.863196603195792
194355,COAL,strategic,4,0.4802904564315353,1.857555983713828
237749,COAL,strategic,4,0.4802904564315353,1.8520394256300807
232997,COAL,strategic,4,0.4802904564315353,1.8520394256300807
228158,COAL,strategic,4,0.4802904564315353,1.837655322007492
150822,COAL,strategic,4,0.4802904564315353,1.817382066602084
145437,COAL,strategic,4,0.4802904564315353,1.817382066602084
183644,COAL,strategic,4,0.4768115942028985,1.9963770108631524
200069,COAL,strategic,4,0.4753623188405797,1.9877591484247243
204422,COAL,strategic,4,0.4746376811594203,1.986460350313076
211110,COAL,strategic,4,0.4739130434782608,1.978898454929324
198725,COAL,strategic,4,0.4731884057971015,1.9737495061504196
181002,COAL,strategic,4,0.472463768115942,1.9625893470738265
175946,COAL,strategic,4,0.4717391304347826,1.9568690790584269
204775,COAL,strategic,4,0.4710144927536231,1.9334360808525664
185650,COAL,strategic,4,0.4702898550724638,1.925083376619408
235417,COAL,strategic,4,0.4655797101449275,1.873762400038192
136415,COAL,strategic,4,0.4655797101449275,1.873762400038192
56691,COAL,strategic,4,0.4616182572614108,1.7405010222661264
175587,COAL,strategic,4,0.4608695652173913,1.8527627150397816
57354,COAL,strategic,4,0.4565217391304347,1.8467768943015053
94046,COAL,strategic,4,0.4565217391304347,1.8397437218210144
202104,COAL,strategic,3,0.3322463768115942,1.1729716613981085
210107,COAL,strategic,3,0.331159420289855,1.1700494226358464
204454,COAL,strategic,3,0.3304347826086956,1.1670825096152893
237739,COAL,strategic,3,0.3297101449275362,1.16345559919542
179289,COAL,strategic,3,0.3289855072463768,1.1626362761160842
74851,COAL,strategic,3,0.3278985507246377,1.1604059399840632
156303,COAL,strategic,3,0.3257246376811594,1.158892245070136
60013,COAL,strategic,3,0.3257246376811594,1.158892245070136
196020,COAL,strategic,3,0.3257246376811594,1.158892245070136
192739,COAL,strategic,3,0.3221014492753623,1.1445081414475469
150302,COAL,strategic,3,0.3221014492753623,1.1445081414475469
212789,COAL,strategic,3,0.3210144927536232,1.1440929913905906
169599,COAL,strategic,3,0.3202898550724637,1.1437633960117983
141764,COAL,strategic,3,0.3195652173913043,1.137790658776079
128341,COAL,strategic,3,0.3188405797101449,1.1377370256690924
164527,COAL,strategic,3,0.3183229813664596,1.110095392888417
205469,COAL,strategic,3,0.3170289855072464,1.1242348860421387
206092,COAL,strategic,3,0.3170289855072464,1.1242348860421387
235053,COAL,strategic,3,0.3170289855072464,1.1242348860421387
187711,COAL,strategic,3,0.3170289855072464,1.1242348860421387
142092,COAL,strategic,3,0.3167701863354037,1.097315796690875
202728,COAL,strategic,3,0.3137681159420289,1.1042941615703794
154484,COAL,strategic,3,0.3123188405797101,1.099814263780546
209440,COAL,strategic,3,0.3108695652173913,1.090389515634193
145123,COAL,strategic,3,0.308695652173913,1.088405433595336
195044,COAL,strategic,3,0.3079710144927536,1.086667813696795
177306,COAL,strategic,3,0.3072463768115942,1.0750302430537255
198083,COAL,strategic,3,0.3065217391304348,1.0727107994653988
72768,COAL,strategic,3,0.3057971014492753,1.067085532920986
203727,COAL,strategic,3,0.3039855072463768,1.06468890697802
155631,COAL,strategic,3,0.3039855072463768,1.06468890697802
157257,COAL,strategic,3,0.3039855072463768,1.06468890697802
236068,COAL,strategic,3,0.3007246376811594,1.0535317294123097
206189,COAL,strategic,3,0.2992753623188405,1.043632021510039
205076,COAL,strategic,3,0.2956521739130435,1.0422160511259615
206088,COAL,strategic,3,0.2956521739130435,1.0422160511259615
206193,COAL,strategic,2,0.1655797101449275,0.584787567716838
202806,COAL,strategic,2,0.1655797101449275,0.584787567716838
91176,COAL,strategic,2,0.1653726708074534,0.5725872677558929
153833,COAL,strategic,2,0.1653726708074534,0.5725872677558929
73100,COAL,strategic,2,0.1644927536231884,0.583773044716594
152494,COAL,strategic,2,0.1615942028985507,0.5758421899308046
215580,COAL,strategic,2,0.1608695652173913,0.5757262411800225
215237,COAL,strategic,2,0.158695652173913,0.5705477164620584
66751,COAL,strategic,2,0.1579710144927536,0.5677661883810208
158268,COAL,strategic,2,0.1572463768115942,0.5612433905096519
138024,COAL,strategic,2,0.1550724637681159,0.5562410572144393
187006,COAL,strategic,2,0.1543478260869565,0.5500862129439414
234743,COAL,strategic,2,0.1528985507246376,0.5377619881636355
141420,COAL,strategic,2,0.1506211180124223,0.5219516517873131
152998,COAL,strategic,2,0.1503623188405797,0.5332825755120086
136160,COAL,strategic,2,0.1492753623188406,0.5266048105979251
76784,COAL,strategic,2,0.1485507246376811,0.5223105240393009
203459,COAL,strategic,2,0.1463768115942029,0.5161229552291823
198394,COAL,strategic,2,0.1463768115942029,0.5161229552291823
170270,COAL,strategic,2,0.144927536231884,0.5155425634402424
206825,COAL,strategic,2,0.1442028985507246,0.5010521172817899
68077,COAL,strategic,2,0.1431159420289855,0.4995583425760597
63036,COAL,strategic,2,0.1420289855072463,0.4981939562101897
216824,COAL,strategic,2,0.1413043478260869,0.4929651891981176
202119,COAL,strategic,2,0.1402173913043478,0.4905816740408827
242475,COAL,strategic,2,0.1391304347826087,0.4902739343862
181273,COAL,strategic,2,0.1355072463768116,0.4748210581530495
148467,COAL,strategic,2,0.1344202898550724,0.4703084186354745
206872,COAL,strategic,2,0.1322463768115942,0.4443790503703411
167575,COAL,strategic,2,0.1322463768115942,0.4443790503703411
176959,COAL,strategic,2,0.1322463768115942,0.4443790503703411
198093,COAL,strategic,2,0.1322463768115942,0.4443790503703411
182281,COAL,strategic,2,0.1282608695652174,0.426114083243796
65746,COAL,strategic,2,0.1268115942028985,0.4158883083359672
81470,COAL,strategic,2,0.1268115942028985,0.4158883083359672
77456,COAL,strategic,2,0.1268115942028985,0.4158883083359672
71464,HORSES,strategic,4,1.0,11.43677602007492
219271,HORSES,strategic,4,0.9999634088331076,10.289572614288062
78509,HORSES,strategic,4,0.9999268176662154,9.679565722520824
74443,HORSES,strategic,4,0.9999085220827691,9.446827420337192
58742,HORSES,strategic,4,0.9998536353324308,9.354855628627623
119055,HORSES,strategic,4,0.9998170441655384,9.350474825208558
158933,HORSES,strategic,4,0.9997621574152,9.24335092937741
159608,HORSES,strategic,4,0.9997438618317538,9.224003864123572
75105,HORSES,strategic,4,0.9996706794979692,9.12209652442976
127709,HORSES,strategic,4,0.9995609059972924,9.02133391893837
79177,HORSES,strategic,4,0.999542610413846,9.0119086618348
59749,HORSES,strategic,4,0.9995243148304,9.0085261782773
60080,HORSES,strategic,4,0.9994511324966152,8.945459162493227
58748,HORSES,strategic,4,0.999304767829046,8.800207604650343
75488,HORSES,strategic,4,0.9992132899118152,8.78163199491685
62096,HORSES,strategic,4,0.9991949943283692,8.780035316404094
73458,HORSES,strategic,4,0.9991584031614767,8.76227902878576
201724,HORSES,strategic,4,0.9991401075780306,8.748064598888625
157923,HORSES,strategic,4,0.999066925244246,8.73317708741976
78171,HORSES,strategic,4,0.9990486296608,8.72313665590606
77504,HORSES,strategic,4,0.9990120384939076,8.698371801428946
58404,HORSES,strategic,4,0.9989937429104614,8.677811881654163
159275,HORSES,strategic,4,0.9989754473270152,8.671383140260385
58745,HORSES,strategic,4,0.9988839694097844,8.630768454011086
77117,HORSES,strategic,4,0.998829082659446,8.58435787258104
59067,HORSES,strategic,4,0.998810787076,8.582973886312557
194017,HORSES,strategic,4,0.9984814665739692,8.47216961617988
57736,HORSES,strategic,4,0.9984631709905228,8.467647501270807
158936,HORSES,strategic,4,0.9984448754070768,8.465055439664338
160276,HORSES,strategic,4,0.9984265798236306,8.464976729988505
60752,HORSES,strategic,4,0.9983351019063998,8.434936695544389
63735,HORSES,strategic,4,0.9982802151560614,8.413197241776947
78257,HORSES,strategic,4,0.9982619195726152,8.405870693362045
55703,HORSES,strategic,4,0.998133850488492,8.352024621587812
219282,HORSES,strategic,4,0.9980606681547076,8.343875342695195
80854,HORSES,strategic,4,0.9977862344030152,8.267436108069356
56395,HORSES,strategic,4,0.9977496432361228,8.265965212064462
91037,HORSES,strategic,4,0.9977130520692304,8.25959543047021
55386,HORSES,strategic,4,0.9976215741519996,8.236179900402849
201721,HORSES,strategic,4,0.9975666874016612,8.222281857337467
59420,HORSES,strategic,4,0.9975483918182152,8.222202218807173
57731,HORSES,strategic,4,0.9974752094844304,8.199138298132393
64442,HORSES,strategic,4,0.997438618317538,8.188262588074728
226993,HORSES,strategic,4,0.9973471404003074,8.185052809485077
159937,HORSES,strategic,4,0.9971641845658458,8.107531045840162
79514,HORSES,strategic,4,0.9970910022320612,8.093056672958184
80468,HORSES,strategic,4,0.9970361154817228,8.073497411378384
59071,HORSES,strategic,4,0.9970178198982764,8.072255190260169
195358,HORSES,strategic,4,0.9969995243148304,8.062893503904771
217270,HORSES,strategic,4,0.9967616817300304,8.012364845312192
121415,HORSES,strategic,4,0.9967433861465842,8.008572809797261
63436,HORSES,strategic,4,0.9966336126459072,7.992308528501456
64076,HORSES,strategic,4,0.9965604303121226,7.987405833459411
194684,HORSES,strategic,4,0.9964323612279996,7.947703760228135
118383,HORSES,strategic,4,0.9963774744776612,7.943914459191387
119051,HORSES,strategic,4,0.9963042921438764,7.918529029956798
60747,HORSES,strategic,4,0.9961762230597534,7.899142844447057
157262,HORSES,strategic,4,0.9960847451425224,7.884681422276219
74848,HORSES,strategic,4,0.996011562808738,7.867576149194176
56062,HORSES,strategic,4,0.9958651981411688,7.842859211278285
72543,HORSES,strategic,4,0.9958286069742764,7.836114990650743
56386,HORSES,strategic,4,0.995792015807384,7.832365398835695
198372,HORSES,strategic,4,0.9957371290570456,7.824108134743557
158595,HORSES,strategic,4,0.9954809908887996,7.787908225459153
75864,HORSES,strategic,4,0.99533462622123,7.765898435226003
75515,HORSES,strategic,4,0.9952431483039994,7.7551462340759265
61424,HORSES,strategic,4,0.9951150792198764,7.747619185600121
65074,HORSES,strategic,4,0.995078488052984,7.742183754865978
63105,HORSES,strategic,4,0.9949138278019686,7.707394728203539
193680,HORSES,strategic,4,0.9948772366350764,7.703115854319741
141166,HORSES,strategic,4,0.9947674631343992,7.690675683246807
200047,HORSES,strategic,4,0.9946942808006148,7.674542653172922
74145,HORSES,strategic,4,0.9946759852171686,7.672917571790226
73140,HORSES,strategic,4,0.994602802883384,7.669991081144785
192338,HORSES,strategic,4,0.9945296205495994,7.662674874341017
72438,HORSES,strategic,4,0.9944747337992608,7.65820290873054
79465,HORSES,strategic,4,0.99438325588203,7.652797804350328
56718,HORSES,strategic,4,0.9943283691316916,7.637078126197125
144520,HORSES,strategic,4,0.994255186797907,7.618153859967466
122756,HORSES,strategic,4,0.9940905265468916,7.591583046997465
178986,HORSES,strategic,4,0.9939990486296608,7.585937681538529
65456,HORSES,strategic,4,0.9939258662958762,7.575945454983534
73217,HORSES,strategic,4,0.9935965457938454,7.558809895098977
77785,HORSES,strategic,4,0.993559954626953,7.558634179821497
74226,HORSES,strategic,4,0.9935050678766146,7.55358147367081
89681,HORSES,strategic,4,0.9933587032090452,7.539873696531482
121747,HORSES,strategic,4,0.9932489297083684,7.531700843737571
81807,HORSES,strategic,4,0.993212338541476,7.528999240221818
221570,HORSES,strategic,4,0.9931025650407992,7.52122609923112
147198,HORSES,strategic,4,0.9930110871235684,7.512487653700333
223969,HORSES,strategic,4,0.9929013136228916,7.504536667959567
76916,HORSES,strategic,4,0.992846426872553,7.497694556492881
179958,HORSES,strategic,4,0.9928098357056606,7.496503502090226
63777,HORSES,strategic,4,0.99271835778843,7.4873879265295695
80182,HORSES,strategic,4,0.9926817666215376,7.482962674458349
57059,HORSES,strategic,4,0.9926451754546451,7.482608503727994
73101,HORSES,strategic,4,0.9926268798711992,7.480826185668092
217498,HORSES,strategic,4,0.9925902887043068,7.477440372921147
159947,HORSES,strategic,4,0.9923524461195068,7.457708463422199
71201,HORSES,strategic,4,0.9919682388671376,7.422105146204008
56726,HORSES,strategic,4,0.991913352116799,7.420962577121807
143852,HORSES,strategic,4,0.9918767609499068,7.41787318289299
145525,HORSES,strategic,4,0.9916938051154452,7.403320704153575
61708,HORSES,strategic,4,0.9916023271982144,7.398996387521077
57686,HORSES,strategic,4,0.9915291448644298,7.393569234210313
65411,HORSES,strategic,4,0.9914010757803068,7.3792976984121745
186977,HORSES,strategic,4,0.9913827801968604,7.377008709598049
76160,HORSES,strategic,4,0.9913095978630758,7.364789420592848
158588,HORSES,strategic,4,0.9912730066961836,7.363628164736353
75123,HORSES,strategic,4,0.9911815287789528,7.357479155178061
134044,HORSES,strategic,4,0.9911632331955066,7.355779917388101
66407,HORSES,strategic,4,0.9910534596948296,7.344838981120321
104041,HORSES,strategic,4,0.990852208276922,7.333073969485465
220283,HORSES,strategic,4,0.9907790259431374,7.328148080880465
65402,HORSES,strategic,4,0.9907241391927988,7.322744543987382
147531,HORSES,strategic,4,0.9906875480259064,7.319780274135624
67470,HORSES,strategic,4,0.9906692524424604,7.318214887217999
159934,HORSES,strategic,4,0.990614365692122,7.315713507594117
122088,HORSES,strategic,4,0.9904497054411066,7.307266330926137
222251,HORSES,strategic,4,0.9903582275238756,7.306096206161644
88674,HORSES,strategic,4,0.9903033407735372,7.30515466814687
56005,HORSES,strategic,4,0.9902484540231988,7.30031648487124
219555,HORSES,strategic,4,0.9901935672728605,7.299415063532421
64734,HORSES,strategic,4,0.9901752716894142,7.298394953393638
60424,HORSES,strategic,4,0.989937429104614,7.285249142417666
90020,HORSES,strategic,4,0.9897544732701524,7.271779754376087
104705,HORSES,strategic,4,0.9896446997694756,7.255767673332597
158271,HORSES,strategic,4,0.9896081086025832,7.255578489458007
148124,HORSES,strategic,4,0.9895898130191372,7.254908284193519
103708,HORSES,strategic,4,0.989443448351568,7.242790347438102
58399,HORSES,strategic,4,0.9894068571846756,7.242236831292867
75110,HORSES,strategic,4,0.9893885616012296,7.24208233825891
67810,HORSES,strategic,4,0.9891873101833216,7.233435446045965
82665,HORSES,strategic,4,0.9891690145998756,7.232344512177655
196364,HORSES,strategic,4,0.9889494675985218,7.216578934090762
259503,HORSES,strategic,4,0.9889128764316294,7.214989953623434
187651,HORSES,strategic,4,0.9888213985143988,7.207228735071908
191002,HORSES,strategic,4,0.9887848073475064,7.204087051067537
73889,HORSES,strategic,4,0.9886384426799372,7.193754104366473
102373,HORSES,strategic,4,0.9886201470964908,7.193071624385008
197733,HORSES,strategic,4,0.9886018515130448,7.192753462688116
75451,HORSES,strategic,4,0.9885652603461524,7.187057195035276
64109,HORSES,strategic,4,0.9884554868454756,7.178766391360808
157259,HORSES,strategic,4,0.9883823045116908,7.176754282440509
73439,HORSES,strategic,4,0.9883274177613524,7.173425979162124
71834,HORSES,strategic,4,0.98829082659446,7.17259329869497
98713,HORSES,strategic,4,0.9882359398441216,7.169126220566477
208171,HORSES,strategic,4,0.9882176442606756,7.168860263898251
76855,HORSES,strategic,4,0.988162757510337,7.164960136128711
57353,HORSES,strategic,4,0.9881444619268908,7.16330606956185
122753,HORSES,strategic,4,0.988034688426214,7.158396381113043
56376,HORSES,strategic,4,0.9879798016758754,7.156587538745696
222925,HORSES,strategic,4,0.9879615060924292,7.156282197292818
74134,HORSES,strategic,4,0.9879432105089831,7.155542220060098
68811,HORSES,strategic,4,0.9877785502579676,7.148718355455953
95013,HORSES,strategic,4,0.9877602546745216,7.1474962908703485
91709,HORSES,strategic,4,0.9877053679241832,7.1467312169092505
68749,HORSES,strategic,4,0.987229682754583,7.123175725357948
103040,HORSES,strategic,4,0.9872113871711368,7.122790153161954
59393,HORSES,strategic,4,0.9869186578359984,7.109028260462308
196695,HORSES,strategic,4,0.986753997584983,7.09786980662343
90357,HORSES,strategic,4,0.9865710417505216,7.092341869773127
66463,HORSES,strategic,4,0.9864978594167368,7.089501395567817
99041,HORSES,strategic,4,0.9863331991657214,7.083617160916266
62737,HORSES,strategic,4,0.986186834498152,7.0736286695329085
50670,HORSES,strategic,4,0.9861502433312598,7.072506545938781
128031,HORSES,strategic,4,0.986058765414029,7.066298078772444
60394,HORSES,strategic,4,0.9859124007464598,7.062354543492551
74785,HORSES,strategic,4,0.9858758095795674,7.060982732321165
54033,HORSES,strategic,4,0.9858392184126752,7.059394549625182
102045,HORSES,strategic,4,0.9857660360788906,7.058148851012885
100389,HORSES,strategic,4,0.9856196714113212,7.052707570340641
137483,HORSES,strategic,4,0.9856013758278752,7.052044164784399
160613,HORSES,strategic,4,0.985583080244429,7.0516096214809565
59739,HORSES,strategic,4,0.9855098979106444,7.048657666220426
79877,HORSES,strategic,4,0.9854916023271982,7.046840654893852
76244,HORSES,strategic,4,0.985455011160306,7.045360311493757
178957,HORSES,strategic,4,0.9854184199934136,7.04439052607408
61078,HORSES,strategic,4,0.9854001244099674,7.043066407047174
176955,HORSES,strategic,4,0.9853635332430752,7.042487381660135
223257,HORSES,strategic,4,0.985235464158952,7.036885274317015
63738,HORSES,strategic,4,0.985217168575506,7.035979824744911
60066,HORSES,strategic,4,0.9851988729920598,7.033677364842414
195688,HORSES,strategic,4,0.9851439862417212,7.025389453748407
73763,HORSES,strategic,4,0.9851073950748288,7.023572402348762
159596,HORSES,strategic,4,0.9850342127410444,7.0195815710445375
150219,HORSES,strategic,4,0.984997621574152,7.01861840762645
68474,HORSES,strategic,4,0.9849427348238136,7.014575207073329
195691,HORSES,strategic,4,0.9848146657396905,7.010408863752207
180296,HORSES,strategic,4,0.984778074572798,7.0100071861131
181297,HORSES,strategic,4,0.9844487540707672,6.991538770891701
74858,HORSES,strategic,4,0.984302389403198,6.983608706418396
65110,HORSES,strategic,4,0.9842475026528597,6.981550812024326
52652,HORSES,strategic,4,0.9839547733177212,6.9677051753824015
54323,HORSES,strategic,4,0.9839181821508288,6.965227684071395
73126,HORSES,strategic,4,0.9838632954004904,6.960323644213954
77857,HORSES,strategic,4,0.9838449998170442,6.959018497584529
71525,HORSES,strategic,4,0.9836437483991364,6.9496444506273285
57068,HORSES,strategic,4,0.983607157232244,6.947050301126076
220246,HORSES,strategic,4,0.9833876102308904,6.934180960721259
60070,HORSES,strategic,4,0.983351019063998,6.933742365587126
93711,HORSES,strategic,4,0.9833144278971055,6.932322229011497
200722,HORSES,strategic,4,0.9832961323136596,6.931792640388303
74898,HORSES,strategic,4,0.9832595411467672,6.929536143986905
72106,HORSES,strategic,4,0.9832229499798748,6.929118818920545
54696,HORSES,strategic,4,0.9830948808957518,6.922740195290344
185685,HORSES,strategic,4,0.9830765853123056,6.9204822829506485
197367,HORSES,strategic,4,0.9830216985619672,6.918548297457092
68816,HORSES,strategic,4,0.9829119250612902,6.915092651489513
75853,HORSES,strategic,4,0.982893629477844,6.915079486580618
73446,HORSES,strategic,4,0.9828204471440596,6.912779969684607
60061,HORSES,strategic,4,0.9827472648102747,6.911068158493422
101381,HORSES,strategic,4,0.9827289692268286,6.910494752510523
82809,HORSES,strategic,4,0.982655786893044,6.908026872596652
73548,HORSES,strategic,4,0.9826009001427056,6.905084006794642
66068,HORSES,strategic,4,0.9825460133923672,6.903957423024115
74447,HORSES,strategic,4,0.9823264663910132,6.892858686829786
84949,HORSES,strategic,4,0.9822715796406748,6.891869853305849
199715,HORSES,strategic,4,0.9822349884737824,6.891116498855202
147536,HORSES,strategic,4,0.9820703282227672,6.8843886766280935
147452,HORSES,strategic,4,0.9820337370558748,6.882619756243396
54353,HORSES,strategic,4,0.9817593033041824,6.8765124087870415
64402,HORSES,strategic,4,0.9817410077207362,6.876208713449528
71747,HORSES,strategic,4,0.98172271213729,6.876042288001958
70496,HORSES,strategic,4,0.9816495298035054,6.873456309542626
82325,HORSES,strategic,4,0.9815763474697208,6.872256919916796
84817,HORSES,strategic,4,0.9815397563028284,6.870399439028312
61764,HORSES,strategic,4,0.9813385048849208,6.865750109787159
81263,HORSES,strategic,4,0.9812287313842438,6.863986757149881
59743,HORSES,strategic,4,0.9810640711332284,6.858448259131505
179973,HORSES,strategic,4,0.981027479966336,6.857872420187632
64414,HORSES,strategic,4,0.980899410882213,6.854809026547123
71501,HORSES,strategic,4,0.980551794796736,6.839382335147774
59063,HORSES,strategic,4,0.9804603168795052,6.83741481188449
81988,HORSES,strategic,4,0.9804237257126128,6.836435926053814
75156,HORSES,strategic,4,0.9803688389622746,6.835763218496321
98363,HORSES,strategic,4,0.980313952211936,6.832008929888405
64104,HORSES,strategic,4,0.9802041787112592,6.8272580452333225
83142,HORSES,strategic,4,0.98005781404369,6.82076456917676
56362,HORSES,strategic,4,0.9799846317099052,6.817969824256679
199076,HORSES,strategic,4,0.9799663361264592,6.817679549193619
101048,HORSES,strategic,4,0.9798931537926744,6.815473046211784
98709,HORSES,strategic,4,0.9797650847085514,6.809903857651207
64784,HORSES,strategic,4,0.9795638332906436,6.802115328293328
76443,HORSES,strategic,4,0.9795455377071974,6.801931363100534
90675,HORSES,strategic,4,0.9794357642065206,6.796776494286727
57709,HORSES,strategic,4,0.9794174686230744,6.795325372696404
94302,HORSES,strategic,4,0.9793442862892896,6.794633816920929
78798,HORSES,strategic,4,0.9793259907058436,6.793461621148375
68430,HORSES,strategic,4,0.9792893995389512,6.791774803688392
84300,HORSES,strategic,4,0.9792345127886128,6.790458396617877
95049,HORSES,strategic,4,0.979014965787259,6.779845371137713
80805,HORSES,strategic,4,0.9789783746203666,6.777774038243984
92706,HORSES,strategic,4,0.978923487870028,6.77682634020511
140442,HORSES,strategic,4,0.978905192286582,6.776026178352764
64744,HORSES,strategic,4,0.978429507116982,6.759419483821761
128684,HORSES,strategic,4,0.978209960115628,6.753876775996247
82669,HORSES,strategic,4,0.9781184821983973,6.749957012904375
100722,HORSES,strategic,4,0.977972117530828,6.746067072763752
129690,HORSES,strategic,4,0.977953821947382,6.746009658478746
65742,HORSES,strategic,4,0.9778623440301512,6.742972857724081
57391,HORSES,strategic,4,0.9778257528632588,6.738507972489333
91025,HORSES,strategic,4,0.9778074572798128,6.737263424690222
57740,HORSES,strategic,4,0.9777891616963664,6.736499310040407
144859,HORSES,strategic,4,0.9776610926122434,6.731322288632739
69745,HORSES,strategic,4,0.9775696146950126,6.729707472041419
72199,HORSES,strategic,4,0.9775147279446742,6.728887191389628
73088,HORSES,strategic,4,0.9772037030260896,6.721734588891152
118946,HORSES,strategic,4,0.9771671118591972,6.720939842985997
56043,HORSES,strategic,4,0.9770939295254124,6.719236219810061
101377,HORSES,strategic,4,0.977020747191628,6.717288259315588
174596,HORSES,strategic,4,0.9769841560247357,6.716662435366136
100049,HORSES,strategic,4,0.9769292692743972,6.714754729925676
67411,HORSES,strategic,4,0.9768926781075048,6.714455409960626
184665,HORSES,strategic,4,0.9768194957737202,6.712379504532258
74868,HORSES,strategic,4,0.9766914266895972,6.705240328017764
176273,HORSES,strategic,4,0.9766365399392588,6.70369893165709
55371,HORSES,strategic,4,0.9765999487723664,6.702672812802147
137720,HORSES,strategic,4,0.9761608547696586,6.692945886573451
191670,HORSES,strategic,4,0.9760693768524278,6.689770599410084
77462,HORSES,strategic,4,0.9760327856855356,6.689298594542339
55048,HORSES,strategic,4,0.9759961945186432,6.688684526610285
72755,HORSES,strategic,4,0.97586812543452,6.686855339705247
67467,HORSES,strategic,4,0.9756851696000586,6.682487003684888
67091,HORSES,strategic,4,0.97563028284972,6.68037685541362
97040,HORSES,strategic,4,0.975502213765597,6.677172528573037
193013,HORSES,strategic,4,0.9754839181821509,6.677145628213159
84899,HORSES,strategic,4,0.9754656225987046,6.67688027226586
84638,HORSES,strategic,4,0.9754290314318124,6.676023533890272
146453,HORSES,strategic,4,0.975374144681474,6.674251473836248
84650,HORSES,strategic,4,0.9753558490980276,6.673569564452196
68070,HORSES,strategic,4,0.9751728932635662,6.668555853913302
71869,HORSES,strategic,4,0.975136302096674,6.667650747566545
94652,HORSES,strategic,4,0.9750997109297816,6.667458162529855
50322,HORSES,strategic,4,0.975044824179443,6.666491578713356
92368,HORSES,strategic,4,0.9750265285959968,6.666074733071219
149881,HORSES,strategic,4,0.9748801639284276,6.663399590541761
78123,HORSES,strategic,4,0.9748618683449816,6.6615579308986765
95036,HORSES,strategic,4,0.9746606169270738,6.65643951923629
76531,HORSES,strategic,4,0.9744776610926122,6.650001300022832
77459,HORSES,strategic,4,0.9743495920084893,6.646873465759669
95366,HORSES,strategic,4,0.9742947052581508,6.645514315695333
72530,HORSES,strategic,4,0.9742581140912584,6.6447411182586205
90025,HORSES,strategic,4,0.97420322734092,6.640689632050557
138096,HORSES,strategic,4,0.9741666361740275,6.639802043350465
83627,HORSES,strategic,4,0.9741117494236892,6.6386825176820405
175607,HORSES,strategic,4,0.9740202715064584,6.637401636589737
134041,HORSES,strategic,4,0.9739653847561198,6.63602491647834
101367,HORSES,strategic,4,0.9738922024223352,6.631305875506723
146859,HORSES,strategic,4,0.9738190200885506,6.629558426215773
83943,HORSES,strategic,4,0.9736177686706428,6.626166604677412
75789,HORSES,strategic,4,0.9734531084196276,6.621551602451066
136736,HORSES,strategic,4,0.9733799260858428,6.621216977098224
80461,HORSES,strategic,4,0.973270152585166,6.620704818469836
94676,HORSES,strategic,4,0.9732518570017198,6.620424965677547
57743,HORSES,strategic,4,0.9731237879175968,6.618083960512151
199375,HORSES,strategic,4,0.9730689011672582,6.616167575513103
97327,HORSES,strategic,4,0.973032310000366,6.615790794253444
191332,HORSES,strategic,4,0.9728310585824582,6.611724928011792
129350,HORSES,strategic,4,0.972812762999012,6.610656264149446
129372,HORSES,strategic,4,0.9726663983314427,6.608277889232994
148538,HORSES,strategic,4,0.9726481027479966,6.6081065893405615
104373,HORSES,strategic,4,0.9726115115811044,6.60708970395094
79806,HORSES,strategic,4,0.972593215997658,6.606708946159649
70417,HORSES,strategic,4,0.9724468513300888,6.604116649242336
78203,HORSES,strategic,4,0.9722638954956272,6.598325799725441
74464,HORSES,strategic,4,0.972227304328735,6.597162125359736
93694,HORSES,strategic,4,0.9721358264115044,6.596067142826557
95716,HORSES,strategic,4,0.972117530828058,6.596014371477445
94698,HORSES,strategic,4,0.9716784368253504,6.586856649276589
68419,HORSES,strategic,4,0.9716601412419044,6.58683496015064
76536,HORSES,strategic,4,0.9715686633246734,6.585240806969292
73861,HORSES,strategic,4,0.9715320721577811,6.584479024366589
147539,HORSES,strategic,4,0.9714405942405504,6.583339614428176
97659,HORSES,strategic,4,0.9712393428226426,6.577383408792008
74103,HORSES,strategic,4,0.9711844560723042,6.576326709594332
141840,HORSES,strategic,4,0.9710015002378426,6.572553053727327
69488,HORSES,strategic,4,0.970946613487504,6.572008590286059
126043,HORSES,strategic,4,0.970910022320612,6.571241967120804
202731,HORSES,strategic,4,0.9708368399868272,6.569130999593867
183993,HORSES,strategic,4,0.9708002488199348,6.568868639936582
90687,HORSES,strategic,4,0.9706172929854732,6.565803987017683
158591,HORSES,strategic,4,0.970580701818581,6.564368101013814
146530,HORSES,strategic,4,0.9705624062351348,6.562767482581227
138486,HORSES,strategic,4,0.9703428592337808,6.557504915658424
189659,HORSES,strategic,4,0.9701599033993196,6.554486282473727
49324,HORSES,strategic,4,0.9699586519814116,6.551952404696603
53658,HORSES,strategic,4,0.9698488784807348,6.550069744916726
182654,HORSES,strategic,4,0.9698122873138424,6.549296835422329
128104,HORSES,strategic,4,0.9697939917303964,6.548849659511095
198040,HORSES,strategic,4,0.9696110358959348,6.544773164605562
75186,HORSES,strategic,4,0.9695744447290424,6.543609676844599
60756,HORSES,strategic,4,0.969519557978704,6.541761062915935
235079,HORSES,strategic,4,0.9694097844780272,6.540584774416237
184982,HORSES,strategic,4,0.96930001097735,6.538904824936224
94353,HORSES,strategic,4,0.969281715393904,6.5386666804630895
93374,HORSES,strategic,4,0.9692634198104576,6.538600297917006
90679,HORSES,strategic,4,0.9692085330601192,6.537269452105199
83624,HORSES,strategic,4,0.9689706904753193,6.53346318295897
92042,HORSES,strategic,4,0.9686962567236268,6.528123939158903
95991,HORSES,strategic,4,0.9684950053057192,6.526004267294045
69751,HORSES,strategic,4,0.9682754583043652,6.522631449037087
83815,HORSES,strategic,4,0.968238867137473,6.521748427266901
70461,HORSES,strategic,4,0.9680742068864576,6.515944389755312
97708,HORSES,strategic,4,0.9680559113030116,6.5158951748533775
51003,HORSES,strategic,4,0.968001024552673,6.515548530968689
87976,HORSES,strategic,4,0.967891251051996,6.512291203881468
99698,HORSES,strategic,4,0.9674704526327343,6.5049126927641865
178653,HORSES,strategic,4,0.9673606791320576,6.500244644067528
68076,HORSES,strategic,4,0.9672509056313806,6.499132511545072
147791,HORSES,strategic,4,0.9672326100479344,6.498929008846357
57028,HORSES,strategic,4,0.967177723297596,6.497483473110062
93718,HORSES,strategic,4,0.9670862453803653,6.4966612417161
61042,HORSES,strategic,4,0.9670313586300268,6.495900654353047
102352,HORSES,strategic,4,0.966939880712796,6.491729807676487
152956,HORSES,strategic,3,0.6666544696110359,3.705822767371544
162178,HORSES,strategic,3,0.6666361740275898,3.705457212148714
49269,HORSES,strategic,3,0.6666178784441436,3.705176495275893
177561,HORSES,strategic,3,0.6665995828606974,3.7045998895629193
186011,HORSES,strategic,3,0.6665812872772513,3.70433634342424
183288,HORSES,strategic,3,0.6665629916938051,3.7041159003577873
73533,HORSES,strategic,3,0.6665446961103589,3.704041139755746
194397,HORSES,strategic,3,0.6665264005269128,3.703980618286209
192370,HORSES,strategic,3,0.6665081049434667,3.703711407368896
186325,HORSES,strategic,3,0.6664898093600204,3.703607780573141
78801,HORSES,strategic,3,0.6664715137765743,3.7035640590830585
181913,HORSES,strategic,3,0.6664532181931282,3.703352001944226
193051,HORSES,strategic,3,0.6664166270262358,3.703301681742578
58039,HORSES,strategic,3,0.6663983314427897,3.703278675909155
194722,HORSES,strategic,3,0.6663800358593436,3.7032089462938056
187729,HORSES,strategic,3,0.6663617402758975,3.7031172683346862
141418,HORSES,strategic,3,0.6663434446924512,3.7031120656165215
201456,HORSES,strategic,3,0.6663251491090051,3.703059177375592
166206,HORSES,strategic,3,0.666306853525559,3.703039753214437
154237,HORSES,strategic,3,0.6662885579421127,3.702830128746677
87363,HORSES,strategic,3,0.6662702623586666,3.702786897580005
70066,HORSES,strategic,3,0.6662519667752205,3.702786422052108
208082,HORSES,strategic,3,0.6662336711917743,3.7027696090266455
150636,HORSES,strategic,3,0.6662153756083281,3.702670726826408
208435,HORSES,strategic,3,0.666197080024882,3.7023352235052687
198759,HORSES,strategic,3,0.6661787844414359,3.7022293307008
194033,HORSES,strategic,3,0.6661604888579897,3.702159391037891
169890,HORSES,strategic,3,0.6661421932745435,3.70204972775801
185003,HORSES,strategic,3,0.6661238976910974,3.702049395700216
165874,HORSES,strategic,3,0.6661056021076512,3.701989884125023
175257,HORSES,strategic,3,0.666087306524205,3.701878906527844
78599,HORSES,strategic,3,0.6660690109407589,3.701685118053907
92984,HORSES,strategic,3,0.6660324197738666,3.701478811320505
131113,HORSES,strategic,3,0.6660141241904204,3.701394530728504
188018,HORSES,strategic,3,0.6659958286069743,3.70137431981058
143967,HORSES,strategic,3,0.665959237440082,3.701110342643521
204416,HORSES,strategic,3,0.6659409418566358,3.701079077407292
142770,HORSES,strategic,3,0.6659226462731896,3.701075683769948
66108,HORSES,strategic,3,0.6659043506897435,3.701059432198188
208757,HORSES,strategic,3,0.6658860551062974,3.7007904462678978
206144,HORSES,strategic,3,0.6658677595228512,3.700417073185071
44910,HORSES,strategic,3,0.665849463939405,3.7003264117757415
170897,HORSES,strategic,3,0.6658311683559589,3.700244422490755
140115,HORSES,strategic,3,0.6658128727725127,3.700232435396773
167541,HORSES,strategic,3,0.6657579860221743,3.699676663493311
193042,HORSES,strategic,3,0.665739690438728,3.6996617127254288
200102,HORSES,strategic,3,0.6657213948552819,3.6992640408982886
86284,HORSES,strategic,3,0.6657030992718358,3.699253199094599
133042,HORSES,strategic,3,0.6656848036883897,3.699242473993008
176557,HORSES,strategic,3,0.6656482125214973,3.69888918647708
88323,HORSES,strategic,3,0.6656299169380512,3.698782952733716
185038,HORSES,strategic,3,0.6656116213546049,3.698730201913476
91291,HORSES,strategic,3,0.6655933257711588,3.698728781630748
148642,HORSES,strategic,3,0.6655750301877127,3.698683977823677
182917,HORSES,strategic,3,0.6655567346042666,3.698598362567048
154294,HORSES,strategic,3,0.6655384390208203,3.698495998223206
181918,HORSES,strategic,3,0.6655201434373742,3.698430302030328
58714,HORSES,strategic,3,0.6655018478539281,3.698009352375828
175547,HORSES,strategic,3,0.6654652566870357,3.697984935566504
195399,HORSES,strategic,3,0.6654469611035896,3.697975700607521
212575,HORSES,strategic,3,0.6654286655201435,3.697967752434976
87302,HORSES,strategic,3,0.6654103699366973,3.69796574665978
62360,HORSES,strategic,3,0.665373778769805,3.697833501733277
182010,HORSES,strategic,3,0.6653554831863588,3.697774270236184
63385,HORSES,strategic,3,0.6653371876029126,3.697666644822391
209099,HORSES,strategic,3,0.6653188920194665,3.697664898433071
129778,HORSES,strategic,3,0.6653005964360204,3.697464857928494
98667,HORSES,strategic,3,0.6652823008525742,3.697380228057032
82336,HORSES,strategic,3,0.665264005269128,3.6973659109978447
85964,HORSES,strategic,3,0.6652457096856819,3.6971880421434022
166894,HORSES,strategic,3,0.6652274141022357,3.6970573483386384
131397,HORSES,strategic,3,0.6651908229353434,3.696890725520044
64059,HORSES,strategic,3,0.6651725273518972,3.696777908836137
40903,HORSES,strategic,3,0.6651542317684511,3.696646266062538
99353,HORSES,strategic,3,0.665135936185005,3.696516451998476
84345,HORSES,strategic,3,0.6650810494346665,3.6958853731506354
184261,HORSES,strategic,3,0.6650627538512203,3.6957351115567847
138395,HORSES,strategic,3,0.6650444582677741,3.695710549567314
97670,HORSES,strategic,3,0.6649895715174357,3.6954960537335415
156962,HORSES,strategic,3,0.6649346847670973,3.6953109739713694
190038,HORSES,strategic,3,0.664916389183651,3.69514567710742
184353,HORSES,strategic,3,0.6648980936002049,3.6949387362409114
76204,HORSES,strategic,3,0.6648615024333125,3.6949228083883616
185046,HORSES,strategic,3,0.6648249112664203,3.694635641756409
43243,HORSES,strategic,3,0.6647517289326357,3.693891205987832
129039,HORSES,strategic,3,0.6647334333491896,3.69377896340072
170566,HORSES,strategic,3,0.6647151377657433,3.6937707185268502
167888,HORSES,strategic,3,0.6646968421822972,3.693562120615837
200447,HORSES,strategic,3,0.6646785465988511,3.693387461487446
88031,HORSES,strategic,3,0.6646419554319587,3.6931239454302016
47594,HORSES,strategic,3,0.6646053642650664,3.692913865651185
171221,HORSES,strategic,3,0.6645870686816202,3.692416860064253
152326,HORSES,strategic,3,0.6645687730981741,3.692401109738276
172579,HORSES,strategic,3,0.664550477514728,3.692377399181408
215143,HORSES,strategic,3,0.6645321819312818,3.69203240310542
195376,HORSES,strategic,3,0.6644955907643895,3.691697508182894
188337,HORSES,strategic,3,0.6644589995974972,3.691442200382355
171569,HORSES,strategic,3,0.6644224084306048,3.691218825760073
164543,HORSES,strategic,3,0.6643309305133741,3.690261153832591
155904,HORSES,strategic,3,0.6643126349299279,3.690227643731742
77782,HORSES,strategic,3,0.6642394525961433,3.689455721299693
68722,HORSES,strategic,3,0.664202861429251,3.689256516614195
141832,HORSES,strategic,3,0.6641845658458049,3.689167400147924
168891,HORSES,strategic,3,0.6641662702623586,3.689073338200436
211454,HORSES,strategic,3,0.6641479746789125,3.689034444537562
199090,HORSES,strategic,3,0.6641113835120201,3.688667867876444
187351,HORSES,strategic,3,0.6640747923451279,3.688654433915483
208777,HORSES,strategic,3,0.6640382011782355,3.688440733824044
166550,HORSES,strategic,3,0.6640199055947894,3.68843382801398
86588,HORSES,strategic,3,0.6640016100113433,3.688322299729778
85631,HORSES,strategic,3,0.6639833144278972,3.6882605446749297
190719,HORSES,strategic,3,0.6639284276775587,3.6876525451028903
89967,HORSES,strategic,3,0.6639101320941124,3.687529821561097
56664,HORSES,strategic,3,0.6638918365106663,3.687420525489901
51686,HORSES,strategic,3,0.663855245343774,3.6873225957549054
71781,HORSES,strategic,3,0.6638369497603278,3.6871597118603487
185681,HORSES,strategic,3,0.6638186541768817,3.687157437300917
199397,HORSES,strategic,3,0.6638003585934356,3.6871389379637223
176889,HORSES,strategic,3,0.6637820630099894,3.6870411093265454
173591,HORSES,strategic,3,0.6637637674265432,3.686771288204248
198048,HORSES,strategic,3,0.6637271762596509,3.686325784221604
84659,HORSES,strategic,3,0.6637088806762048,3.6862976428965535
130378,HORSES,strategic,3,0.6636905850927586,3.685831060988576
169893,HORSES,strategic,3,0.6636722895093125,3.685830014161251
152188,HORSES,strategic,3,0.6636539939258663,3.685537894543304
93662,HORSES,strategic,3,0.6636356983424201,3.685161634663515
147140,HORSES,strategic,3,0.663617402758974,3.6850191870607305
198091,HORSES,strategic,3,0.6635991071755278,3.684873510527408
125028,HORSES,strategic,3,0.6635808115920817,3.684743703450693
171572,HORSES,strategic,3,0.6635625160086355,3.684534540338861
128415,HORSES,strategic,3,0.6634527425079586,3.684091317531671
163520,HORSES,strategic,3,0.6634344469245125,3.683997169945136
124039,HORSES,strategic,3,0.6634161513410662,3.683968735968172
177639,HORSES,strategic,3,0.6633612645907278,3.683679103960528
50276,HORSES,strategic,3,0.6633429690072816,3.683416904715764
69062,HORSES,strategic,3,0.6633246734238355,3.683314656063016
150956,HORSES,strategic,3,0.6633063778403894,3.6831228304596415
190004,HORSES,strategic,3,0.6632148999231585,3.682628143320713
196388,HORSES,strategic,3,0.6631966043397124,3.682557280755173
170238,HORSES,strategic,3,0.6631783087562663,3.682551815480442
102364,HORSES,strategic,3,0.66316001317282,3.682408609441533
188360,HORSES,strategic,3,0.6631234220059278,3.681962310208411
89964,HORSES,strategic,3,0.6630685352555893,3.681606683832264
89647,HORSES,strategic,3,0.6630502396721432,3.6815897981151577
179978,HORSES,strategic,3,0.663031944088697,3.681558729325559
195721,HORSES,strategic,3,0.6630136485052508,3.6815239727054
83137,HORSES,strategic,3,0.6629953529218047,3.681415673185028
46249,HORSES,strategic,3,0.6629587617549124,3.68117505518924
147799,HORSES,strategic,3,0.6629404661714662,3.681137366372392
156518,HORSES,strategic,3,0.66292217058802,3.681112251807418
87986,HORSES,strategic,3,0.6629038750045739,3.6809723015897258
81612,HORSES,strategic,3,0.6628855794211277,3.6809357220098655
92969,HORSES,strategic,3,0.6628672838376816,3.680922462923033
197719,HORSES,strategic,3,0.6628489882542354,3.680893162142597
197080,HORSES,strategic,3,0.6628306926707893,3.680809727613667
84956,HORSES,strategic,3,0.6628123970873431,3.680800197675289
86629,HORSES,strategic,3,0.662794101503897,3.680747792234561
178572,HORSES,strategic,3,0.6627575103370047,3.680584833184764
221233,HORSES,strategic,3,0.6627392147535585,3.680455372414544
132789,HORSES,strategic,3,0.6627026235866662,3.680177287743034
190033,HORSES,strategic,3,0.6626111456694354,3.679441884150844
179911,HORSES,strategic,3,0.6625745545025431,3.679158849950271
91648,HORSES,strategic,3,0.6625379633356507,3.678658343767255
139739,HORSES,strategic,3,0.6625196677522046,3.678606106188504
88330,HORSES,strategic,3,0.6624830765853124,3.678148142964456
148477,HORSES,strategic,3,0.66244648541842,3.677986241090964
219112,HORSES,strategic,3,0.6623733030846354,3.677760489081392
183254,HORSES,strategic,3,0.6623550075011893,3.677587608829425
78881,HORSES,strategic,3,0.662336711917743,3.677574354472551
214136,HORSES,strategic,3,0.6623184163342969,3.677406864427121
140757,HORSES,strategic,3,0.6623001207508508,3.6773141984630016
225817,HORSES,strategic,3,0.6622452340005123,3.677120263592701
97683,HORSES,strategic,3,0.6622269384170661,3.677052029328949
91976,HORSES,strategic,3,0.6621354604998353,3.676343571409464
146437,HORSES,strategic,3,0.6621171649163892,3.676258507316663
194379,HORSES,strategic,3,0.6620805737494969,3.675882399746006
206157,HORSES,strategic,3,0.6620622781660507,3.675743485689622
170523,HORSES,strategic,3,0.6620439825826046,3.675716081957201
188032,HORSES,strategic,3,0.6620256869991584,3.675477244993268
139729,HORSES,strategic,3,0.6620073914157123,3.675173688125831
84355,HORSES,strategic,3,0.6619890958322661,3.6751004258711575
61027,HORSES,strategic,3,0.6619708002488199,3.6750690031134345
92321,HORSES,strategic,3,0.6619525046653738,3.675063975723781
192726,HORSES,strategic,3,0.6619159134984814,3.674935245889411
149206,HORSES,strategic,3,0.6618793223315892,3.6745672696313783
183313,HORSES,strategic,3,0.661861026748143,3.6745438900678806
137045,HORSES,strategic,3,0.6618244355812507,3.674399789659016
237077,HORSES,strategic,3,0.6617878444143583,3.6741267655941914
147127,HORSES,strategic,3,0.6617695488309122,3.674027646241503
209110,HORSES,strategic,3,0.6617512532474661,3.673928874464016
51989,HORSES,strategic,3,0.66173295766402,3.673892488379425
73530,HORSES,strategic,3,0.6616963664971276,3.673709977508732
178976,HORSES,strategic,3,0.661623184163343,3.673367088558477
138387,HORSES,strategic,3,0.6616048885798969,3.6733055278705935
210441,HORSES,strategic,3,0.6615865929964506,3.6732240189790577
160202,HORSES,strategic,3,0.6615682974130045,3.67301415241134
70427,HORSES,strategic,3,0.6615317062461122,3.67293814977324
40900,HORSES,strategic,3,0.6614951150792199,3.672854640631632
86371,HORSES,strategic,3,0.6614585239123275,3.672281809892677
199108,HORSES,strategic,3,0.6614219327454353,3.672212065144693
213791,HORSES,strategic,3,0.6614036371619891,3.672211180221612
173879,HORSES,strategic,3,0.6613853415785429,3.672008180496195
141122,HORSES,strategic,3,0.6613487504116506,3.671786721573574
174547,HORSES,strategic,3,0.6612938636613122,3.671663532669776
178235,HORSES,strategic,3,0.661275568077866,3.671636933747504
187337,HORSES,strategic,3,0.6612572724944199,3.671586850328144
87319,HORSES,strategic,3,0.6612389769109737,3.671530648070526
69425,HORSES,strategic,3,0.6612206813275275,3.671464881686085
54664,HORSES,strategic,3,0.661165794577189,3.670912290027288
64388,HORSES,strategic,3,0.6611109078268506,3.670370962998716
209089,HORSES,strategic,3,0.6610743166599583,3.6700901785527815
191710,HORSES,strategic,3,0.6610560210765122,3.670038592343372
194394,HORSES,strategic,3,0.6610011343261737,3.6696221002354408
187998,HORSES,strategic,3,0.6609462475758352,3.6693555161731033
201108,HORSES,strategic,3,0.6609096564089428,3.668993631698374
142921,HORSES,strategic,3,0.6608913608254967,3.668752794584614
201415,HORSES,strategic,3,0.6608730652420506,3.668290420248765
209102,HORSES,strategic,3,0.6608181784917121,3.667993844502665
89615,HORSES,strategic,3,0.6607632917413736,3.667657406457608
143107,HORSES,strategic,3,0.6607449961579275,3.667161936297368
179989,HORSES,strategic,3,0.6606718138241429,3.6667669290285945
192366,HORSES,strategic,3,0.6606535182406967,3.666746891253498
181997,HORSES,strategic,3,0.6605803359069121,3.666420722697703
159862,HORSES,strategic,3,0.6605437447400198,3.6661147038769872
123070,HORSES,strategic,3,0.6605071535731274,3.665857879336192
185305,HORSES,strategic,3,0.660452266822789,3.665604239508295
138081,HORSES,strategic,3,0.6603973800724505,3.665174542762248
172536,HORSES,strategic,3,0.6603790844890044,3.665158412395936
131373,HORSES,strategic,3,0.6603607889055582,3.664525892513967
143753,HORSES,strategic,3,0.660342493322112,3.664477709986664
99343,HORSES,strategic,3,0.6603059021552198,3.664292961974666
87718,HORSES,strategic,3,0.6602693109883274,3.6640798491124
83278,HORSES,strategic,3,0.6602510154048813,3.6639777235923754
192713,HORSES,strategic,3,0.6601961286545428,3.663676438245506
101362,HORSES,strategic,3,0.6601046507373121,3.663088270850473
203082,HORSES,strategic,3,0.6600863551538658,3.662710473763808
88996,HORSES,strategic,3,0.6600680595704197,3.6626681135354935
197061,HORSES,strategic,3,0.6600497639869736,3.6626067446471167
140072,HORSES,strategic,3,0.6600131728200812,3.6624734785267816
196718,HORSES,strategic,3,0.6599948772366351,3.662249254988811
61380,HORSES,strategic,3,0.6599033993194043,3.661476928754104
141080,HORSES,strategic,3,0.6598851037359581,3.6611227644840927
98011,HORSES,strategic,3,0.6598485125690658,3.660861373725911
193045,HORSES,strategic,3,0.6598119214021735,3.6606163802687934
133046,HORSES,strategic,3,0.6597753302352812,3.660160013487688
138824,HORSES,strategic,3,0.659757034651835,3.660094329054
202387,HORSES,strategic,3,0.6597387390683889,3.6600143905066127
173902,HORSES,strategic,3,0.6597204434849427,3.66000505447053
99021,HORSES,strategic,3,0.6597021479014966,3.6599983522282966
131385,HORSES,strategic,3,0.6596472611511581,3.6597679348427
86033,HORSES,strategic,3,0.659628965567712,3.659748794760568
196061,HORSES,strategic,3,0.6596106699842658,3.6596637105872887
157853,HORSES,strategic,3,0.6595740788173735,3.659550989164507
168216,HORSES,strategic,3,0.6595557832339274,3.659464436686621
171579,HORSES,strategic,3,0.6595374876504811,3.659323385702335
165542,HORSES,strategic,3,0.659519192067035,3.659303815038485
165211,HORSES,strategic,3,0.6595008964835889,3.6592230822601217
53351,HORSES,strategic,3,0.6594826009001427,3.659164999025532
155179,HORSES,strategic,3,0.6594643053166965,3.65909683619966
55675,HORSES,strategic,3,0.6594460097332504,3.658917633098059
187693,HORSES,strategic,3,0.659409418566358,3.658876705115964
189359,HORSES,strategic,3,0.6593911229829119,3.658775486622964
156596,HORSES,strategic,3,0.6593545318160197,3.6586214883694
59044,HORSES,strategic,3,0.6593179406491273,3.6583463495338577
138504,HORSES,strategic,3,0.6592996450656812,3.65819931423864
182922,HORSES,strategic,3,0.6592813494822349,3.6581706886553382
153569,HORSES,strategic,3,0.6592630538987888,3.6581388376304353
55042,HORSES,strategic,3,0.6592447583153427,3.658133347226741
143411,HORSES,strategic,3,0.6592264627318966,3.65811573967941
191038,HORSES,strategic,3,0.6591898715650042,3.657409705592047
92359,HORSES,strategic,3,0.6591532803981119,3.657333953237036
206135,HORSES,strategic,3,0.6591349848146657,3.6573132012186433
176289,HORSES,strategic,3,0.6590618024808811,3.65692319537013
86376,HORSES,strategic,3,0.659043506897435,3.656844243431987
167884,HORSES,strategic,3,0.6589520289802042,3.655822415153637
214804,HORSES,strategic,3,0.658933733396758,3.655800143441797
174943,HORSES,strategic,3,0.6589154378133119,3.655747511217662
86688,HORSES,strategic,3,0.6588788466464196,3.655333113532647
183987,HORSES,strategic,3,0.6588605510629734,3.655230614544384
125091,HORSES,strategic,3,0.6588239598960811,3.6551527866714704
194736,HORSES,strategic,3,0.6587690731457426,3.6548304169649897
72078,HORSES,strategic,3,0.6587507775622965,3.654443859194408
132792,HORSES,strategic,3,0.658695890811958,3.654208856951107
168250,HORSES,strategic,3,0.6586227084781734,3.654136318908643
147606,HORSES,strategic,3,0.658586117311281,3.654104910143277
148443,HORSES,strategic,3,0.6585678217278349,3.653870342947179
136428,HORSES,strategic,3,0.6585495261443888,3.653766317717952
77876,HORSES,strategic,3,0.6585312305609425,3.653664546241458
147970,HORSES,strategic,3,0.6584946393940503,3.653554517352133
157505,HORSES,strategic,3,0.6584580482271579,3.6532475513626856
189365,HORSES,strategic,3,0.6584397526437118,3.6531712813373542
72447,HORSES,strategic,3,0.6584214570602657,3.653157212941255
53007,HORSES,strategic,3,0.6583665703099272,3.65271742321136
176281,HORSES,strategic,3,0.6582750923926964,3.652268518450839
94641,HORSES,strategic,3,0.658220205642358,3.6520612512763786
73085,HORSES,strategic,3,0.6581836144754656,3.6517292384294953
159846,HORSES,strategic,3,0.6581287277251272,3.651208690939485
142429,HORSES,strategic,3,0.658110432141681,3.651188653472254
178638,HORSES,strategic,3,0.6580738409747887,3.6510534955455705
164882,HORSES,strategic,3,0.6580372498078964,3.650860691743816
156909,HORSES,strategic,3,0.6580189542244502,3.6507504703043407
154626,HORSES,strategic,3,0.6579823630575579,3.650336858099064
208111,HORSES,strategic,3,0.6579640674741117,3.6502857096340735
209477,HORSES,strategic,3,0.6579091807237732,3.65012052717511
190066,HORSES,strategic,3,0.6578908851403271,3.650053580308491
84476,HORSES,strategic,3,0.657872589556881,3.6497771064156432
178934,HORSES,strategic,3,0.6578542939734349,3.649766877632607
236414,HORSES,strategic,3,0.6577994072230964,3.64950663822508
220913,HORSES,strategic,3,0.6577445204727579,3.649382582335921
190016,HORSES,strategic,3,0.6576530425555271,3.648921483661983
210496,HORSES,strategic,3,0.6576347469720809,3.6487946749136846
232743,HORSES,strategic,3,0.6576164513886348,3.648651784086872
153231,HORSES,strategic,3,0.6575981558051887,3.648613822021874
98671,HORSES,strategic,3,0.6575798602217424,3.648602964005235
62382,HORSES,strategic,3,0.6575432690548502,3.6482606394755006
200740,HORSES,strategic,3,0.657524973471404,3.647985104466932
211570,HORSES,strategic,3,0.6574700867210655,3.6477257944591193
92981,HORSES,strategic,3,0.6574334955541732,3.647591335429045
193399,HORSES,strategic,3,0.6573237220534963,3.6469689567665777
150878,HORSES,strategic,3,0.657287130886604,3.646780492372817
75565,HORSES,strategic,3,0.6572505397197117,3.6464210716662313
197764,HORSES,strategic,3,0.6571773573859271,3.6460710840183417
185634,HORSES,strategic,3,0.6571590618024808,3.64604575738095
187737,HORSES,strategic,3,0.6571224706355886,3.6460090187037526
224262,HORSES,strategic,3,0.6571041750521424,3.645838532642269
141175,HORSES,strategic,3,0.6570858794686962,3.6455362915268017
200073,HORSES,strategic,3,0.6570675838852501,3.6451508462712097
196039,HORSES,strategic,3,0.6569944015514655,3.6446990928834095
92661,HORSES,strategic,3,0.6569761059680194,3.644592062369967
167211,HORSES,strategic,3,0.6569578103845731,3.6445595570214926
190371,HORSES,strategic,3,0.656939514801127,3.644396192050389
53348,HORSES,strategic,3,0.6569212192176809,3.6443298996266345
67118,HORSES,strategic,3,0.6569029236342347,3.644312384885112
191034,HORSES,strategic,3,0.6568846280507885,3.644303188923612
145765,HORSES,strategic,3,0.6568663324673424,3.6442816844983454
126023,HORSES,strategic,3,0.6568480368838963,3.6442029496263593
186358,HORSES,strategic,3,0.65682974130045,3.6440565096517696
86355,HORSES,strategic,3,0.6567931501335578,3.6440067945948167
188314,HORSES,strategic,3,0.6567565589666654,3.643638736678647
193372,HORSES,strategic,3,0.6567382633832193,3.643550903857095
199060,HORSES,strategic,3,0.6567199677997732,3.643459238587861
82939,HORSES,strategic,3,0.6566833766328808,3.643292682962581
78579,HORSES,strategic,3,0.6566650810494347,3.6431877757420663
229065,HORSES,strategic,3,0.6566101942990962,3.642795854469169
68395,HORSES,strategic,3,0.6564638296315269,3.642117858425463
135157,HORSES,strategic,3,0.6564272384646347,3.641994234651487
191716,HORSES,strategic,3,0.6563906472977423,3.641741230757241
202423,HORSES,strategic,3,0.65635405613085,3.641721312213362
174543,HORSES,strategic,3,0.6562991693805116,3.641427195990059
59375,HORSES,strategic,3,0.6562442826301731,3.641015236882138
61062,HORSES,strategic,3,0.656225987046727,3.641011031630564
137042,HORSES,strategic,3,0.6562076914632807,3.640992752034959
213794,HORSES,strategic,3,0.6561345091294961,3.640497459864688
145427,HORSES,strategic,3,0.6560979179626039,3.640041017357517
149289,HORSES,strategic,3,0.6560796223791576,3.640002418793614
53661,HORSES,strategic,3,0.6560613267957115,3.6399652244432743
211783,HORSES,strategic,3,0.6560247356288192,3.639672656077453
156571,HORSES,strategic,3,0.656006440045373,3.639537014611843
147609,HORSES,strategic,3,0.6559515532950346,3.6392075998029294
72871,HORSES,strategic,3,0.6559332577115884,3.639203322590691
203387,HORSES,strategic,3,0.6558783709612499,3.63910434880131
194046,HORSES,strategic,3,0.6558051886274653,3.638645484877989
93325,HORSES,strategic,3,0.6557868930440192,3.6384190712939857
134128,HORSES,strategic,3,0.6557503018771269,3.6380165477405377
64726,HORSES,strategic,3,0.6557320062936807,3.637920824070869
94309,HORSES,strategic,3,0.6556954151267884,3.637791561470822
133694,HORSES,strategic,3,0.6556771195433423,3.637738081594173
160518,HORSES,strategic,3,0.6556405283764499,3.637561563200303
181250,HORSES,strategic,3,0.6556222327930038,3.6374119283252417
149305,HORSES,strategic,3,0.6556039372095576,3.637397029234524
197425,HORSES,strategic,3,0.6555856416261114,3.6372375457855566
213154,HORSES,strategic,3,0.6555124592923268,3.636778804152117
77571,HORSES,strategic,3,0.6554758681254346,3.636550438192901
155188,HORSES,strategic,3,0.6553477990413115,3.635240398785064
155480,HORSES,strategic,2,0.3333272348055179,1.2294331848285305
155554,HORSES,strategic,2,0.3333089392220718,1.2294008694192389
189312,HORSES,strategic,2,0.3332723480551794,1.229376824007332
84763,HORSES,strategic,2,0.3332357568882871,1.2290401128340955
59332,HORSES,strategic,2,0.333217461304841,1.2288570496295024
225041,HORSES,strategic,2,0.3331808701379487,1.2284261635790368
88494,HORSES,strategic,2,0.3331625745545025,1.2278637100571337
177985,HORSES,strategic,2,0.3331442789710563,1.2278313731908177
145268,HORSES,strategic,2,0.3331259833876102,1.2277367761031124
88497,HORSES,strategic,2,0.333107687804164,1.2276592754352578
185964,HORSES,strategic,2,0.3330893922207179,1.227558256741016
91623,HORSES,strategic,2,0.3330710966372717,1.2275213144940686
83263,HORSES,strategic,2,0.3330528010538256,1.227497904744932
90121,HORSES,strategic,2,0.3330345054703794,1.2273950332161343
212829,HORSES,strategic,2,0.3330162098869333,1.2273582230484887
192971,HORSES,strategic,2,0.3329979143034871,1.2272661213671945
146626,HORSES,strategic,2,0.332979618720041,1.2271633237072463
87954,HORSES,strategic,2,0.3329613231365948,1.227049834384396
190320,HORSES,strategic,2,0.3329430275531487,1.2268312596739896
152654,HORSES,strategic,2,0.3329247319697025,1.2265846172719277
190425,HORSES,strategic,2,0.3329064363862563,1.2262011297086148
71372,HORSES,strategic,2,0.3328881408028102,1.2261528278353362
200680,HORSES,strategic,2,0.332869845219364,1.2260700110679177
137374,HORSES,strategic,2,0.3328515496359179,1.2260453626106966
157197,HORSES,strategic,2,0.3328332540524717,1.2258442189429284
138442,HORSES,strategic,2,0.3327966628855794,1.2257892985695658
138705,HORSES,strategic,2,0.3327783673021333,1.2255250818107015
90805,HORSES,strategic,2,0.3327600717186871,1.2254012583684368
142610,HORSES,strategic,2,0.332741776135241,1.225371385951969
232709,HORSES,strategic,2,0.3327234805517948,1.2251932022750132
155322,HORSES,strategic,2,0.3327051849683486,1.2251589159944456
79070,HORSES,strategic,2,0.3326868893849025,1.22509948531655
89789,HORSES,strategic,2,0.3326685938014563,1.225090770461791
208456,HORSES,strategic,2,0.3326502982180102,1.2249007941011247
79578,HORSES,strategic,2,0.332632002634564,1.224890437397381
156492,HORSES,strategic,2,0.3326137070511178,1.2248866265828051
177311,HORSES,strategic,2,0.3325771158842255,1.224667388778654
87444,HORSES,strategic,2,0.3325588203007794,1.2245073877860055
154478,HORSES,strategic,2,0.3325405247173332,1.2245021746720126
127069,HORSES,strategic,2,0.3324856379669947,1.2237707344759254
86937,HORSES,strategic,2,0.3324673423835486,1.2236923106777455
75226,HORSES,strategic,2,0.3324490468001024,1.2235299589405857
64007,HORSES,strategic,2,0.3324307512166563,1.2234728877071053
135142,HORSES,strategic,2,0.3324124556332101,1.2234114569128165
236060,HORSES,strategic,2,0.3323941600497639,1.2234040249023823
54986,HORSES,strategic,2,0.3323758644663178,1.2233546355788985
86719,HORSES,strategic,2,0.3323575688828716,1.2231788620152673
134085,HORSES,strategic,2,0.3323392732994255,1.2231507296433797
205859,HORSES,strategic,2,0.3323209777159793,1.2230799528481064
186713,HORSES,strategic,2,0.3323026821325332,1.222863764109695
134698,HORSES,strategic,2,0.332284386549087,1.2227148042574276
83423,HORSES,strategic,2,0.3322660909656409,1.2226422921283409
209848,HORSES,strategic,2,0.3322477953821947,1.2226412496851349
138037,HORSES,strategic,2,0.3322294997987486,1.222562617168982
188711,HORSES,strategic,2,0.3322112042153024,1.22249783727964
199361,HORSES,strategic,2,0.3321929086318562,1.222374801584083
89117,HORSES,strategic,2,0.3321746130484101,1.2223739375710394
62996,HORSES,strategic,2,0.3321380218815178,1.222145395275372
129460,HORSES,strategic,2,0.3321197262980716,1.2220694407536203
192333,HORSES,strategic,2,0.3321014307146255,1.2220589714688304
93802,HORSES,strategic,2,0.3320831351311793,1.2220272948616369
157542,HORSES,strategic,2,0.3320648395477332,1.2218889919932454
223366,HORSES,strategic,2,0.332046543964287,1.221875246891483
191631,HORSES,strategic,2,0.3320282483808409,1.2218380915974645
92809,HORSES,strategic,2,0.3320099527973947,1.2215871044614248
199357,HORSES,strategic,2,0.3319916572139486,1.2215322819571446
53960,HORSES,strategic,2,0.3319733616305024,1.221381637384259
195320,HORSES,strategic,2,0.3319550660470562,1.221358438978544
79737,HORSES,strategic,2,0.3319367704636101,1.2211672129249949
191098,HORSES,strategic,2,0.3319184748801639,1.2210007456188914
65008,HORSES,strategic,2,0.3318635881298254,1.2207603490909238
160221,HORSES,strategic,2,0.3318452925463793,1.2204470053187957
164254,HORSES,strategic,2,0.3318269969629331,1.2202710975966866
161922,HORSES,strategic,2,0.331808701379487,1.220211938360344
211464,HORSES,strategic,2,0.3317904057960408,1.2200837505342783
176579,HORSES,strategic,2,0.3317355190457023,1.2195772787702974
216852,HORSES,strategic,2,0.3317172234622562,1.219566191263673
74722,HORSES,strategic,2,0.3316623367119177,1.2194014626447318
66345,HORSES,strategic,2,0.3316440411284715,1.2192689417947284
130735,HORSES,strategic,2,0.3316257455450254,1.2191930594509608
201036,HORSES,strategic,2,0.3316074499615792,1.2190765836872528
143278,HORSES,strategic,2,0.3315891543781331,1.218984995711925
77056,HORSES,strategic,2,0.3315708587946869,1.2189259332918645
128794,HORSES,strategic,2,0.3315525632112408,1.2189044574025796
205848,HORSES,strategic,2,0.3315342676277946,1.2187464159305297
42241,HORSES,strategic,2,0.3315159720443485,1.2185098332353963
176635,HORSES,strategic,2,0.3314976764609023,1.2183351245207763
212482,HORSES,strategic,2,0.33146108529401,1.218293837314134
153217,HORSES,strategic,2,0.3314427897105638,1.2182174191615456
197687,HORSES,strategic,2,0.3314244941271177,1.218155191722594
193741,HORSES,strategic,2,0.3314061985436715,1.2181196402888437
72716,HORSES,strategic,2,0.3313879029602254,1.218049383236932
216825,HORSES,strategic,2,0.3313330162098869,1.2178898150815507
187635,HORSES,strategic,2,0.3313147206264408,1.2178383382488798
158556,HORSES,strategic,2,0.3312964250429946,1.2177026628666558
157829,HORSES,strategic,2,0.3312781294595485,1.217588813565176
81963,HORSES,strategic,2,0.3312415382926562,1.2175634987828796
205714,HORSES,strategic,2,0.33122324270921,1.217271936682806
125384,HORSES,strategic,2,0.3312049471257638,1.217230453542602
125764,HORSES,strategic,2,0.3311683559588715,1.2168894171295768
120069,HORSES,strategic,2,0.3311134692085331,1.2162058011194037
154876,HORSES,strategic,2,0.3310951736250869,1.216046065412951
128390,HORSES,strategic,2,0.3310768780416407,1.216029865609345
74057,HORSES,strategic,2,0.3310402868747484,1.2157131267601655
66682,HORSES,strategic,2,0.3310219912913023,1.215659538451756
76052,HORSES,strategic,2,0.3310036957078561,1.215605998504031
161229,HORSES,strategic,2,0.3309854001244099,1.2155687162981936
85945,HORSES,strategic,2,0.3309671045409638,1.215330678179615
159877,HORSES,strategic,2,0.3309488089575176,1.215182617437998
217474,HORSES,strategic,2,0.3309305133740715,1.2151290157862706
210485,HORSES,strategic,2,0.3309122177906253,1.2151271603315337
57979,HORSES,strategic,2,0.330875626623733,1.2150024074954096
180265,HORSES,strategic,2,0.3308573310402868,1.2147371431125278
156511,HORSES,strategic,2,0.3308390354568407,1.2147368867544777
64334,HORSES,strategic,2,0.3308207398733945,1.214595504265791
177301,HORSES,strategic,2,0.3308024442899484,1.2145192079719616
80088,HORSES,strategic,2,0.3307841487065022,1.214467753869152
232735,HORSES,strategic,2,0.3307658531230561,1.2143960454001068
64340,HORSES,strategic,2,0.3307475575396099,1.2143394554255278
78064,HORSES,strategic,2,0.3307109663727176,1.2138003131526187
53646,HORSES,strategic,2,0.3306926707892714,1.2137354413157635
76215,HORSES,strategic,2,0.3306743752058253,1.2136151281909051
85041,HORSES,strategic,2,0.330637784038933,1.2131369509279013
150626,HORSES,strategic,2,0.3306194884554868,1.2131323952267747
206386,HORSES,strategic,2,0.3306011928720407,1.2128096771290644
181269,HORSES,strategic,2,0.3305828972885945,1.2127973093827489
101172,HORSES,strategic,2,0.3305646017051484,1.2126730011677718
140242,HORSES,strategic,2,0.3305463061217022,1.212555429026614
163249,HORSES,strategic,2,0.3305280105382561,1.2125498892938684
202831,HORSES,strategic,2,0.3305097149548099,1.212481193686623
70707,HORSES,strategic,2,0.3304914193713637,1.2123967369285653
48591,HORSES,strategic,2,0.3304731237879176,1.2123282974991691
161235,HORSES,strategic,2,0.3304548282044714,1.2121203433545742
153869,HORSES,strategic,2,0.3304365326210253,1.2120981881376105
95827,HORSES,strategic,2,0.3304182370375791,1.21203099904516
78749,HORSES,strategic,2,0.3303816458706868,1.2120120310720832
71030,HORSES,strategic,2,0.3303633502872407,1.2119538658868538
156488,HORSES,strategic,2,0.3303084635369022,1.2109469949471812
92465,HORSES,strategic,2,0.330290167953456,1.2109449072282736
181346,HORSES,strategic,2,0.3302718723700099,1.2106146739366483
188390,HORSES,strategic,2,0.3302352812031175,1.2104501829367975
74061,HORSES,strategic,2,0.3301803944527791,1.2101040097044566
92818,HORSES,strategic,2,0.3301620988693329,1.2097611443510756
196748,HORSES,strategic,2,0.3301438032858867,1.209544122440313
192053,HORSES,strategic,2,0.3301255077024406,1.209498756836133
82650,HORSES,strategic,2,0.3300706209521021,1.2088854419270003
52300,HORSES,strategic,2,0.3300340297852098,1.20871722069003
142259,HORSES,strategic,2,0.3300157342017637,1.2085953905777636
207831,HORSES,strategic,2,0.3299974386183175,1.20835569460237
152144,HORSES,strategic,2,0.3299608474514252,1.208287071816515
216820,HORSES,strategic,2,0.329942551867979,1.2082809045003569
57312,HORSES,strategic,2,0.3299242562845329,1.208279163792077
236054,HORSES,strategic,2,0.3299059607010867,1.2080473929235886
227333,HORSES,strategic,2,0.3298510739507483,1.2075617791731292
205844,HORSES,strategic,2,0.3298327783673021,1.207558322458569
138041,HORSES,strategic,2,0.3297961872004098,1.20739427565029
88291,HORSES,strategic,2,0.3297778916169637,1.2072872314460132
204177,HORSES,strategic,2,0.3297595960335175,1.2072773817521452
143158,HORSES,strategic,2,0.3297413004500713,1.207208803846485
229729,HORSES,strategic,2,0.3297230048666252,1.2071325146792624
192328,HORSES,strategic,2,0.3296681181162867,1.2066869314423596
213780,HORSES,strategic,2,0.3296498225328406,1.206465265832117
221513,HORSES,strategic,2,0.3296315269493944,1.20613385419227
142600,HORSES,strategic,2,0.3296132313659483,1.2058789336401607
200683,HORSES,strategic,2,0.3295949357825021,1.2058469167780697
235050,HORSES,strategic,2,0.3295766401990559,1.2057481909873746
205435,HORSES,strategic,2,0.3295583446156098,1.2057150190543977
155844,HORSES,strategic,2,0.3295400490321636,1.2057116716260592
152854,HORSES,strategic,2,0.3295217534487175,1.205625416784737
142392,HORSES,strategic,2,0.3295034578652713,1.2053380869074828
200363,HORSES,strategic,2,0.3294851622818252,1.2052468515999444
122377,HORSES,strategic,2,0.3294485711149328,1.2046959991117376
152885,HORSES,strategic,2,0.3294302755314867,1.204617040920105
62324,HORSES,strategic,2,0.3294119799480405,1.2046045412652513
210962,HORSES,strategic,2,0.3293936843645944,1.2045540857559789
193731,HORSES,strategic,2,0.3293753887811482,1.2045317774623627
96522,HORSES,strategic,2,0.329357093197702,1.2043999154360168
92796,HORSES,strategic,2,0.3293387976142559,1.204280757496069
228047,HORSES,strategic,2,0.3293205020308097,1.204152088730948
133805,HORSES,strategic,2,0.3293022064473636,1.204151754806556
140850,HORSES,strategic,2,0.3292839108639174,1.204102038992182
94806,HORSES,strategic,2,0.3292656152804712,1.2037813700500843
230402,HORSES,strategic,2,0.3292473196970251,1.203768377952009
162602,HORSES,strategic,2,0.3292290241135789,1.2035907818149754
135420,HORSES,strategic,2,0.3292107285301328,1.2034750792709918
150642,HORSES,strategic,2,0.3291741373632405,1.203211510101758
143275,HORSES,strategic,2,0.3291558417797943,1.2031259126011495
165524,HORSES,strategic,2,0.3291375461963482,1.2028925172802252
183279,HORSES,strategic,2,0.329119250612902,1.2028447740296966
170881,HORSES,strategic,2,0.3290826594460097,1.202651638542712
145073,HORSES,strategic,2,0.3290643638625636,1.2025773975646732
223512,HORSES,strategic,2,0.3290460682791174,1.202393157317619
207393,HORSES,strategic,2,0.3290277726956712,1.202373101361219
87773,HORSES,strategic,2,0.3290094771122251,1.2021685982069252
207155,HORSES,strategic,2,0.3289911815287789,1.2020238922747204
200686,HORSES,strategic,2,0.3289728859453328,1.202005975251924
225703,HORSES,strategic,2,0.3289545903618866,1.2019187467152288
224859,HORSES,strategic,2,0.3289362947784405,1.2019052626255613
187276,HORSES,strategic,2,0.3288997036115482,1.2015259022230802
86925,HORSES,strategic,2,0.3288082256943174,1.20110099812847
60681,HORSES,strategic,2,0.3287899301108712,1.2010651015552272
222127,HORSES,strategic,2,0.3287716345274251,1.201038676306078
86932,HORSES,strategic,2,0.3287533389439789,1.200975359079205
208544,HORSES,strategic,2,0.3286984521936404,1.200842155657674
76060,HORSES,strategic,2,0.3286801566101943,1.2004773490197267
120741,HORSES,strategic,2,0.3286618610267481,1.2003913393238348
206812,HORSES,strategic,2,0.328643565443302,1.200366581327394
153159,HORSES,strategic,2,0.3286252698598558,1.2002802387874467
152638,HORSES,strategic,2,0.3286069742764096,1.2001188813971395
132470,HORSES,strategic,2,0.3285703831095173,1.1997764774768982
196347,HORSES,strategic,2,0.3285520875260712,1.1997555277272396
231702,HORSES,strategic,2,0.328533791942625,1.199702414615833
168202,HORSES,strategic,2,0.3285154963591788,1.1996949679447697
94172,HORSES,strategic,2,0.3284972007757327,1.199619105031
234062,HORSES,strategic,2,0.3284423140253942,1.1991233446387488
57323,HORSES,strategic,2,0.3284240184419481,1.1990417398735704
55969,HORSES,strategic,2,0.3283874272750558,1.198885749530884
154150,HORSES,strategic,2,0.3283691316916096,1.1988704821055545
141391,HORSES,strategic,2,0.3283325405247173,1.1987084595832314
235716,HORSES,strategic,2,0.3283142449412711,1.1985893865082915
171925,HORSES,strategic,2,0.328295949357825,1.1985641855203322
78574,HORSES,strategic,2,0.3282776537743788,1.1985182114415769
54963,HORSES,strategic,2,0.3282410626074865,1.1981129670739847
73716,HORSES,strategic,2,0.3282227670240404,1.19809409228025
189675,HORSES,strategic,2,0.3281495846902558,1.1977674620894507
194647,HORSES,strategic,2,0.3281129935233635,1.1975922771363363
87583,HORSES,strategic,2,0.328058106773025,1.1974671596014057
175957,HORSES,strategic,2,0.3280215156061327,1.197287643214991
80786,HORSES,strategic,2,0.3279849244392404,1.1970765359302806
156629,HORSES,strategic,2,0.3279117421054557,1.1965364634611726
74873,HORSES,strategic,2,0.3278934465220096,1.1965244638352168
153977,HORSES,strategic,2,0.3278568553551172,1.1963102429130896
156496,HORSES,strategic,2,0.3278385597716711,1.196186987218432
141586,HORSES,strategic,2,0.3277653774378865,1.1959859721447998
175304,HORSES,strategic,2,0.3277287862709941,1.19594910221019
160497,HORSES,strategic,2,0.327710490687548,1.1959484703433785
155208,HORSES,strategic,2,0.3276738995206557,1.1954855896429424
160841,HORSES,strategic,2,0.3276556039372095,1.1953222593084554
90278,HORSES,strategic,2,0.3276373083537634,1.195060786345234
205482,HORSES,strategic,2,0.3275824216034249,1.19492474788343
128788,HORSES,strategic,2,0.3275458304365326,1.1948417572243475
203702,HORSES,strategic,2,0.3275275348530864,1.1947908279276378
235406,HORSES,strategic,2,0.3274909436861941,1.194654518406946
208206,HORSES,strategic,2,0.3274360569358557,1.1944174225459911
64001,HORSES,strategic,2,0.3274177613524095,1.1943994194847036
157952,HORSES,strategic,2,0.3273811701855172,1.1938947834995848
161548,HORSES,strategic,2,0.3273628746020711,1.193800951949119
141133,HORSES,strategic,2,0.3273079878517326,1.1929150584112271
153303,HORSES,strategic,2,0.3272713966848403,1.1928074700158555
93483,HORSES,strategic,2,0.3272531011013941,1.192796606843894
72704,HORSES,strategic,2,0.327234805517948,1.192524529108242
227385,HORSES,strategic,2,0.3271982143510556,1.1924366820587773
83911,HORSES,strategic,2,0.3271433276007172,1.192071214201298
188374,HORSES,strategic,2,0.3271067364338249,1.191711453239798
150169,HORSES,strategic,2,0.3270884408503787,1.191664805206186
159214,HORSES,strategic,2,0.3270701452669325,1.1915080846008084
171611,HORSES,strategic,2,0.3270335541000402,1.1908470821682435
225723,HORSES,strategic,2,0.3269786673497017,1.190670699837628
155861,HORSES,strategic,2,0.3269603717662556,1.190638807331939
151846,HORSES,strategic,2,0.3269420761828094,1.1906337333850332
71064,HORSES,strategic,2,0.3269237805993633,1.1903213033299336
86479,HORSES,strategic,2,0.3269054850159171,1.1894768627121688
126081,HORSES,strategic,2,0.326887189432471,1.1893773228014448
56972,HORSES,strategic,2,0.3268688938490248,1.1889042185586778
194004,HORSES,strategic,2,0.3268505982655786,1.188782020955073
211637,HORSES,strategic,2,0.3268323026821325,1.1887733655191894
161246,HORSES,strategic,2,0.3268140070986863,1.1886115461156137
206716,HORSES,strategic,2,0.3267957115152402,1.1885959783314992
170268,HORSES,strategic,2,0.326777415931794,1.1885862214492842
235059,HORSES,strategic,2,0.3267225291814556,1.1881486004283697
58647,HORSES,strategic,2,0.3266859380145633,1.1878820935861416
154645,HORSES,strategic,2,0.326649346847671,1.187868237485565
130801,HORSES,strategic,2,0.3266310512642248,1.1877437831729185
198337,HORSES,strategic,2,0.3266127556807786,1.1874825352786753
203489,HORSES,strategic,2,0.3265761645138863,1.1869545831704384
83991,HORSES,strategic,2,0.326539573346994,1.1866906358908211
122387,HORSES,strategic,2,0.3265212777635479,1.1865061984860974
205506,HORSES,strategic,2,0.3265029821801017,1.186471586001679
181941,HORSES,strategic,2,0.3264663910132094,1.186044017425048
202364,HORSES,strategic,2,0.3264297998463171,1.1859649271304025
130111,HORSES,strategic,2,0.3263932086794248,1.1858102275970832
85431,HORSES,strategic,2,0.3263749130959786,1.1857742307220862
198352,HORSES,strategic,2,0.3263566175125325,1.1857146858202057
79233,HORSES,strategic,2,0.326301730762194,1.185121415318636
61656,HORSES,strategic,2,0.3262651395953017,1.184977346433735
175294,HORSES,strategic,2,0.3262468440118555,1.184797073112724
168592,HORSES,strategic,2,0.3262102528449632,1.1846035214382529
202371,HORSES,strategic,2,0.3261736616780709,1.1844948129070567
179916,HORSES,strategic,2,0.3260821837608401,1.183477501837708
215130,HORSES,strategic,2,0.3260638881773939,1.18342268449739
187718,HORSES,strategic,2,0.3259907058436093,1.1830592495065877
76922,HORSES,strategic,2,0.325954114676717,1.1826625452318047
160225,HORSES,strategic,2,0.3259358190932709,1.1825769308228216
81427,HORSES,strategic,2,0.3258992279263786,1.1821911487582364
84922,HORSES,strategic,2,0.3258809323429324,1.1819218537344534
174286,HORSES,strategic,2,0.3258626367594862,1.1819161042872348
173603,HORSES,strategic,2,0.3258260455925939,1.181699462498207
54308,HORSES,strategic,2,0.3257711588422555,1.18116060539948
75063,HORSES,strategic,2,0.3257345676753632,1.180837214124559
186294,HORSES,strategic,2,0.3256979765084709,1.1806089593672529
160542,HORSES,strategic,2,0.3256247941746862,1.1804500617859763
203426,HORSES,strategic,2,0.3255699074243477,1.1798565873855025
149969,HORSES,strategic,2,0.3255516118409016,1.1798361068165646
144167,HORSES,strategic,2,0.3255333162574554,1.1797897848771204
75525,HORSES,strategic,2,0.3255150206740093,1.1795146626852049
146158,HORSES,strategic,2,0.3254601339236708,1.179321185572181
152301,HORSES,strategic,2,0.3253869515898862,1.1787793509702345
188716,HORSES,strategic,2,0.32536865600644,1.178364704812601
215124,HORSES,strategic,2,0.3253320648395477,1.178112520041375
83234,HORSES,strategic,2,0.3252954736726554,1.1779957549012825
233723,HORSES,strategic,2,0.3252771780892092,1.177989919658086
131072,HORSES,strategic,2,0.3252588825057631,1.1779072710575538
87107,HORSES,strategic,2,0.3252039957554246,1.1777372595626698
154642,HORSES,strategic,2,0.3251674045885323,1.1774767635730583
154169,HORSES,strategic,2,0.32513081342164,1.1773194269814509
141605,HORSES,strategic,2,0.3250942222547477,1.1771723653405763
203715,HORSES,strategic,2,0.3250576310878554,1.1769976697889617
185365,HORSES,strategic,2,0.3249478575871785,1.1767440253146622
45587,HORSES,strategic,2,0.3249295620037323,1.1767404085683908
152876,HORSES,strategic,2,0.3249112664202861,1.1766801244031129
171252,HORSES,strategic,2,0.3248746752533938,1.176419820028757
187064,HORSES,strategic,2,0.3248563796699477,1.1760370142807457
189286,HORSES,strategic,2,0.3248380840865015,1.1759354051112467
141593,HORSES,strategic,2,0.3248197885030554,1.175666775032718
182353,HORSES,strategic,2,0.324783197336163,1.17533336409978
69030,HORSES,strategic,2,0.3247466061692707,1.174909852562031
155157,HORSES,strategic,2,0.3246917194189322,1.1747035714786287
224195,HORSES,strategic,2,0.3246551282520399,1.1745200218015337
148106,HORSES,strategic,2,0.3246185370851476,1.174368185568236
78397,HORSES,strategic,2,0.3245636503348091,1.1740567928829997
174233,HORSES,strategic,2,0.3244904680010245,1.1737401955951583
121385,HORSES,strategic,2,0.3244172856672399,1.1734676246152616
120378,HORSES,strategic,2,0.3243441033334553,1.173045364810133
175574,HORSES,strategic,2,0.324307512166563,1.1727555661952511
185696,HORSES,strategic,2,0.3242892165831168,1.1725880107243154
195338,HORSES,strategic,2,0.3242160342493322,1.1721076896045652
233712,HORSES,strategic,2,0.3241977386658861,1.172010408191161
142800,HORSES,strategic,2,0.3241794430824399,1.171897158836802
94481,HORSES,strategic,2,0.3241428519155476,1.1714895546918784
193664,HORSES,strategic,2,0.3241245563321014,1.171390418659651
210130,HORSES,strategic,2,0.3240879651652091,1.1711515855951569
76724,HORSES,strategic,2,0.3240330784148706,1.1707404065488407
145163,HORSES,strategic,2,0.3240147828314245,1.170691100439564
87923,HORSES,strategic,2,0.3239964872479783,1.170526233107299
67038,HORSES,strategic,2,0.3239781916645322,1.1704770200207035
205153,HORSES,strategic,2,0.3238867137473014,1.1698636625630068
160169,HORSES,strategic,2,0.3238684181638552,1.169803751277286
188628,HORSES,strategic,2,0.3238135314135167,1.1694709291241985
160551,HORSES,strategic,2,0.323722053496286,1.1689122676696355
52615,HORSES,strategic,2,0.3236671667459475,1.16875276068445
225035,HORSES,strategic,2,0.3236488711625013,1.1686343422282814
190988,HORSES,strategic,2,0.323612279995609,1.1684023321590908
188640,HORSES,strategic,2,0.3235573932452706,1.1679137714894472
152461,HORSES,strategic,2,0.3235208020783783,1.1676086716588685
202414,HORSES,strategic,2,0.3235025064949321,1.1674169657557978
208728,HORSES,strategic,2,0.3234476197445936,1.166840796311445
204094,HORSES,strategic,2,0.3234293241611475,1.1666091587548202
66354,HORSES,strategic,2,0.3234110285777013,1.1665985700379946
126769,HORSES,strategic,2,0.3233927329942552,1.1665232768409295
122380,HORSES,strategic,2,0.323374437410809,1.1664193607889966
162581,HORSES,strategic,2,0.3233378462439167,1.1660394882221254
81240,HORSES,strategic,2,0.3233012550770244,1.1658902700213776
192697,HORSES,strategic,2,0.3232463683266859,1.165777482454138
156558,HORSES,strategic,2,0.3232280727432398,1.165619536992407
143931,HORSES,strategic,2,0.3231731859929013,1.1648218340536394
79531,HORSES,strategic,2,0.323136594826009,1.1646094114006784
251136,HORSES,strategic,2,0.3231000036591167,1.1639476123357888
178255,HORSES,strategic,2,0.3230817080756705,1.1639207660904265
90824,HORSES,strategic,2,0.3230085257418859,1.1630283714669312
130769,HORSES,strategic,2,0.3228804566577628,1.1626374677665232
92180,HORSES,strategic,2,0.3228255699074243,1.1622730549132707
152832,HORSES,strategic,2,0.3228072743239782,1.1622547930677574
65345,HORSES,strategic,2,0.3227706831570859,1.162154890460888
174280,HORSES,strategic,2,0.3227523875736397,1.1621050217125672
74760,IRON,strategic,6,1.0,7.431299675155903
73082,IRON,strategic,6,0.9993134225883968,6.8966943316227125
81137,IRON,strategic,6,0.9989701338825951,6.752270376141742
71442,IRON,strategic,6,0.998283556470992,6.492239835020471
82141,IRON,strategic,6,0.9979402677651904,6.411818267709897
69753,IRON,strategic,6,0.9975969790593888,6.282266746896006
70090,IRON,strategic,6,0.9969104016477858,6.2422232654551655
75429,IRON,strategic,6,0.9962238242361826,6.113682179832232
71101,IRON,strategic,6,0.995193958118778,5.942799375126701
73112,IRON,strategic,6,0.9948506694129764,5.937536205082426
72413,IRON,strategic,6,0.9945073807071748,5.8522024797744745
71744,IRON,strategic,6,0.9941640920013732,5.786897381366708
69763,IRON,strategic,6,0.99347751458977,5.697093486505405
76456,IRON,strategic,6,0.9929625815310676,5.676753802268282
77458,IRON,strategic,6,0.9924476484723652,5.666426688112432
55348,IRON,strategic,6,0.9921043597665636,5.648974238161206
83809,IRON,strategic,6,0.991761071060762,5.634789603169249
71438,IRON,strategic,6,0.9903879162375556,5.60947179518496
80134,IRON,strategic,6,0.9893580501201512,5.575949103146316
69086,IRON,strategic,6,0.9893580501201512,5.575949103146316
70095,IRON,strategic,6,0.988671472708548,5.556828061699537
74089,IRON,strategic,6,0.98695502917954,5.4510384535657
72107,IRON,strategic,6,0.9862684517679368,5.365976015021851
58040,IRON,strategic,6,0.9859251630621352,5.356586274672012
73435,IRON,strategic,6,0.984380363886028,5.3230099791384085
71415,IRON,strategic,6,0.9818056985925164,5.198497031265826
78129,IRON,strategic,6,0.9807758324751116,5.170483995038151
74114,IRON,strategic,6,0.98043254376931,5.1647859739235145
83143,IRON,strategic,6,0.9799176107106076,5.135798437050262
58707,IRON,strategic,6,0.9792310332990044,5.10594547390058
78795,IRON,strategic,6,0.9792310332990044,5.10594547390058
75454,IRON,strategic,6,0.9775145897699966,5.075173815233827
57018,IRON,strategic,6,0.9766563680054926,5.049856007249537
71768,IRON,strategic,6,0.976313079299691,5.0238805208462765
66079,IRON,strategic,6,0.9728801922416752,4.955827057601261
75117,IRON,strategic,6,0.9728801922416752,4.955827057601261
56699,IRON,strategic,6,0.972193614830072,4.948759890378168
79797,IRON,strategic,6,0.9715070374184688,4.912654885736052
52998,IRON,strategic,6,0.9677308616546516,4.762173934797756
55356,IRON,strategic,6,0.96738757294885,4.74493212836325
63043,IRON,strategic,6,0.9670442842430484,4.736198448394496
82810,IRON,strategic,6,0.9653278407140404,4.663439094112067
57334,IRON,strategic,6,0.9637830415379334,4.605170185988092
50651,IRON,strategic,6,0.962409886714727,4.584967478670572
82803,IRON,strategic,6,0.9618949536560248,4.564348191467836
55327,IRON,strategic,6,0.957603844833505,4.465908118654584
64379,IRON,strategic,6,0.956917267421902,4.418840607796598
50655,IRON,strategic,6,0.9562306900102988,4.406719247264253
60035,IRON,strategic,6,0.9562306900102988,4.406719247264253
78797,IRON,strategic,6,0.95434260212839,4.356708826689592
59686,IRON,strategic,6,0.9539993134225884,4.330733340286331
78126,IRON,strategic,6,0.9493649158942672,4.248495242049359
52331,IRON,strategic,6,0.9483350497768624,4.23410650459726
52004,IRON,strategic,6,0.9467902506007552,4.204692619390966
191731,IRON,strategic,6,0.9455887401304496,4.189654742026425
54343,IRON,strategic,6,0.9449021627188464,4.174387269895637
72113,IRON,strategic,6,0.943700652248541,4.158883083359672
68079,IRON,strategic,6,0.943700652248541,4.158883083359672
52344,IRON,strategic,6,0.943700652248541,4.158883083359672
42565,IRON,strategic,6,0.9426707861311364,4.143134726391533
85472,IRON,strategic,5,0.7838997596979059,2.5649493574615367
59362,IRON,strategic,5,0.7838997596979059,2.5649493574615367
61022,IRON,strategic,5,0.7838997596979059,2.5649493574615367
72202,IRON,strategic,5,0.7838997596979059,2.5649493574615367
69822,IRON,strategic,5,0.7838997596979059,2.5649493574615367
144116,IRON,strategic,5,0.7838997596979059,2.5649493574615367
54357,IRON,strategic,5,0.7838997596979059,2.5649493574615367
55334,IRON,strategic,5,0.7838997596979059,2.5649493574615367
71167,IRON,strategic,5,0.7838997596979059,2.5649493574615367
81302,IRON,strategic,5,0.7838997596979059,2.5649493574615367
56346,IRON,strategic,5,0.7838997596979059,2.5649493574615367
76795,IRON,strategic,5,0.7838997596979059,2.5649493574615367
148310,IRON,strategic,5,0.7838997596979059,2.5649493574615367
41237,IRON,strategic,5,0.7838997596979059,2.5649493574615367
215966,IRON,strategic,5,0.7838997596979059,2.5649493574615367
90826,IRON,strategic,5,0.7838997596979059,2.5649493574615367
58008,IRON,strategic,5,0.7838997596979059,2.5649493574615367
163639,IRON,strategic,5,0.7838997596979059,2.5649493574615367
79792,IRON,strategic,5,0.7838997596979059,2.5649493574615367
98367,IRON,strategic,5,0.7838997596979059,2.5649493574615367
51666,IRON,strategic,5,0.7838997596979059,2.5649493574615367
80806,IRON,strategic,5,0.7838997596979059,2.5649493574615367
139053,IRON,strategic,5,0.7838997596979059,2.5649493574615367
83986,IRON,strategic,5,0.7838997596979059,2.5649493574615367
53694,IRON,strategic,5,0.7838997596979059,2.5649493574615367
84566,IRON,strategic,5,0.7838997596979059,2.5649493574615367
152475,IRON,strategic,5,0.7838997596979059,2.5649493574615367
77463,IRON,strategic,5,0.7838997596979059,2.5649493574615367
81647,IRON,strategic,5,0.7838997596979059,2.5649493574615367
121714,IRON,strategic,5,0.7838997596979059,2.5649493574615367
52618,IRON,strategic,5,0.7838997596979059,2.5649493574615367
59688,IRON,strategic,5,0.7838997596979059,2.5649493574615367
53630,IRON,strategic,5,0.7838997596979059,2.5649493574615367
138417,IRON,strategic,5,0.7838997596979059,2.5649493574615367
50674,IRON,strategic,5,0.7838997596979059,2.5649493574615367
52334,IRON,strategic,5,0.7838997596979059,2.5649493574615367
58682,IRON,strategic,5,0.7838997596979059,2.5649493574615367
214626,IRON,strategic,5,0.7838997596979059,2.5649493574615367
75457,IRON,strategic,5,0.7838997596979059,2.5649493574615367
59735,IRON,strategic,5,0.7838997596979059,2.5649493574615367
49316,IRON,strategic,5,0.7838997596979059,2.5649493574615367
84010,IRON,strategic,5,0.7838997596979059,2.5649493574615367
65077,IRON,strategic,5,0.7838997596979059,2.5649493574615367
78458,IRON,strategic,5,0.7838997596979059,2.5649493574615367
168546,IRON,strategic,5,0.7838997596979059,2.5649493574615367
49320,IRON,strategic,5,0.7838997596979059,2.5649493574615367
77450,IRON,strategic,5,0.7838997596979059,2.5649493574615367
70100,IRON,strategic,5,0.7838997596979059,2.5649493574615367
57336,IRON,strategic,5,0.7838997596979059,2.5649493574615367
53010,IRON,strategic,5,0.7838997596979059,2.5649493574615367
88317,IRON,strategic,5,0.7838997596979059,2.5649493574615367
54345,IRON,strategic,5,0.7838997596979059,2.5649493574615367
203110,IRON,strategic,5,0.7838997596979059,2.5649493574615367
50669,IRON,strategic,5,0.7838997596979059,2.5649493574615367
93982,IRON,strategic,5,0.7838997596979059,2.5649493574615367
72527,IRON,strategic,5,0.7670786131136286,2.4849066497880004
53666,IRON,strategic,5,0.7670786131136286,2.4849066497880004
221829,IRON,strategic,4,0.5923446618606247,1.791759469228055
146132,IRON,strategic,4,0.5923446618606247,1.791759469228055
47931,IRON,strategic,4,0.5923446618606247,1.791759469228055
55686,IRON,strategic,4,0.5923446618606247,1.791759469228055
72529,IRON,strategic,4,0.5923446618606247,1.791759469228055
88037,IRON,strategic,4,0.5923446618606247,1.791759469228055
60018,IRON,strategic,4,0.5923446618606247,1.791759469228055
97707,IRON,strategic,4,0.5923446618606247,1.791759469228055
86817,IRON,strategic,4,0.5923446618606247,1.791759469228055
55009,IRON,strategic,4,0.5923446618606247,1.791759469228055
55659,IRON,strategic,4,0.5923446618606247,1.791759469228055
155845,IRON,strategic,4,0.5923446618606247,1.791759469228055
143764,IRON,strategic,4,0.5923446618606247,1.791759469228055
53678,IRON,strategic,4,0.5923446618606247,1.791759469228055
150620,IRON,strategic,4,0.5923446618606247,1.791759469228055
134719,IRON,strategic,4,0.5923446618606247,1.791759469228055
186723,IRON,strategic,4,0.5923446618606247,1.791759469228055
218208,IRON,strategic,4,0.5923446618606247,1.791759469228055
49323,IRON,strategic,4,0.5923446618606247,1.791759469228055
49648,IRON,strategic,4,0.5923446618606247,1.791759469228055
204471,IRON,strategic,4,0.5923446618606247,1.791759469228055
59357,IRON,strategic,4,0.5923446618606247,1.791759469228055
81973,IRON,strategic,3,0.391520768966701,1.3862943611198906
82983,IRON,strategic,3,0.391520768966701,1.3862943611198906
101015,IRON,strategic,3,0.391520768966701,1.3862943611198906
54962,IRON,strategic,3,0.391520768966701,1.3862943611198906
209820,IRON,strategic,3,0.391520768966701,1.3862943611198906
96039,IRON,strategic,3,0.391520768966701,1.3862943611198906
76781,IRON,strategic,3,0.391520768966701,1.3862943611198906
203437,IRON,strategic,3,0.391520768966701,1.3862943611198906
85797,IRON,strategic,3,0.391520768966701,1.3862943611198906
200444,IRON,strategic,3,0.391520768966701,1.3862943611198906
79270,IRON,strategic,3,0.391520768966701,1.3862943611198906
155545,IRON,strategic,3,0.391520768966701,1.3862943611198906
85149,IRON,strategic,3,0.391520768966701,1.3862943611198906
83995,IRON,strategic,3,0.391520768966701,1.3862943611198906
102027,IRON,strategic,3,0.391520768966701,1.3862943611198906
134701,IRON,strategic,3,0.391520768966701,1.3862943611198906
217828,IRON,strategic,3,0.391520768966701,1.3862943611198906
151651,IRON,strategic,3,0.391520768966701,1.3862943611198906
209822,IRON,strategic,3,0.391520768966701,1.3862943611198906
75773,IRON,strategic,3,0.391520768966701,1.3862943611198906
96041,IRON,strategic,3,0.391520768966701,1.3862943611198906
83563,IRON,strategic,3,0.391520768966701,1.3862943611198906
168926,IRON,strategic,3,0.391520768966701,1.3862943611198906
67082,IRON,strategic,3,0.391520768966701,1.3862943611198906
202754,IRON,strategic,3,0.391520768966701,1.3862943611198906
169936,IRON,strategic,3,0.391520768966701,1.3862943611198906
50601,IRON,strategic,3,0.391520768966701,1.3862943611198906
157855,IRON,strategic,3,0.391520768966701,1.3862943611198906
84285,IRON,strategic,3,0.391520768966701,1.3862943611198906
186057,IRON,strategic,3,0.391520768966701,1.3862943611198906
75197,IRON,strategic,3,0.391520768966701,1.3862943611198906
53956,IRON,strategic,3,0.391520768966701,1.3862943611198906
159587,IRON,strategic,3,0.391520768966701,1.3862943611198906
74080,IRON,strategic,3,0.391520768966701,1.3862943611198906
140798,IRON,strategic,3,0.391520768966701,1.3862943611198906
64451,IRON,strategic,3,0.391520768966701,1.3862943611198906
225620,IRON,strategic,3,0.391520768966701,1.3862943611198906
80788,IRON,strategic,3,0.391520768966701,1.3862943611198906
142421,IRON,strategic,3,0.391520768966701,1.3862943611198906
60376,IRON,strategic,3,0.391520768966701,1.3862943611198906
73792,IRON,strategic,3,0.391520768966701,1.3862943611198906
138743,IRON,strategic,3,0.391520768966701,1.3862943611198906
125724,IRON,strategic,3,0.391520768966701,1.3862943611198906
97378,IRON,strategic,3,0.391520768966701,1.3862943611198906
157857,IRON,strategic,3,0.391520768966701,1.3862943611198906
66796,IRON,strategic,3,0.391520768966701,1.3862943611198906
79202,IRON,strategic,3,0.391520768966701,1.3862943611198906
184292,IRON,strategic,3,0.391520768966701,1.3862943611198906
84684,IRON,strategic,3,0.391520768966701,1.3862943611198906
222520,IRON,strategic,3,0.391520768966701,1.3862943611198906
82232,IRON,strategic,3,0.391520768966701,1.3862943611198906
69141,IRON,strategic,3,0.391520768966701,1.3862943611198906
38559,IRON,strategic,3,0.391520768966701,1.3862943611198906
70079,IRON,strategic,3,0.391520768966701,1.3862943611198906
223855,IRON,strategic,3,0.391520768966701,1.3862943611198906
50677,IRON,strategic,3,0.391520768966701,1.3862943611198906
214623,IRON,strategic,3,0.391520768966701,1.3862943611198906
86813,IRON,strategic,3,0.391520768966701,1.3862943611198906
132037,IRON,strategic,3,0.391520768966701,1.3862943611198906
156849,IRON,strategic,3,0.391520768966701,1.3862943611198906
60703,IRON,strategic,3,0.391520768966701,1.3862943611198906
51615,IRON,strategic,3,0.391520768966701,1.3862943611198906
45917,IRON,strategic,3,0.391520768966701,1.3862943611198906
46927,IRON,strategic,3,0.391520768966701,1.3862943611198906
92692,IRON,strategic,3,0.391520768966701,1.3862943611198906
94387,IRON,strategic,3,0.391520768966701,1.3862943611198906
81296,IRON,strategic,3,0.391520768966701,1.3862943611198906
173908,IRON,strategic,3,0.391520768966701,1.3862943611198906
85011,IRON,strategic,3,0.391520768966701,1.3862943611198906
78772,IRON,strategic,3,0.391520768966701,1.3862943611198906
76464,IRON,strategic,3,0.391520768966701,1.3862943611198906
69071,IRON,strategic,3,0.391520768966701,1.3862943611198906
59370,IRON,strategic,3,0.391520768966701,1.3862943611198906
202435,IRON,strategic,3,0.391520768966701,1.3862943611198906
130019,IRON,strategic,3,0.391520768966701,1.3862943611198906
83641,IRON,strategic,3,0.391520768966701,1.3862943611198906
165867,IRON,strategic,3,0.391520768966701,1.3862943611198906
145455,IRON,strategic,3,0.391520768966701,1.3862943611198906
135754,IRON,strategic,3,0.391520768966701,1.3862943611198906
226058,IRON,strategic,3,0.391520768966701,1.3862943611198906
59732,IRON,strategic,3,0.391520768966701,1.3862943611198906
68748,IRON,strategic,3,0.391520768966701,1.3862943611198906
80613,IRON,strategic,3,0.391520768966701,1.3862943611198906
86780,IRON,strategic,3,0.391520768966701,1.3862943611198906
100340,IRON,strategic,3,0.391520768966701,1.3862943611198906
85626,IRON,strategic,3,0.391520768966701,1.3862943611198906
141561,IRON,strategic,3,0.391520768966701,1.3862943611198906
91793,IRON,strategic,3,0.391520768966701,1.3862943611198906
87249,IRON,strategic,3,0.391520768966701,1.3862943611198906
72535,IRON,strategic,3,0.391520768966701,1.3862943611198906
58362,IRON,strategic,3,0.391520768966701,1.3862943611198906
209830,IRON,strategic,3,0.391520768966701,1.3862943611198906
59372,IRON,strategic,3,0.391520768966701,1.3862943611198906
214302,IRON,strategic,3,0.391520768966701,1.3862943611198906
220938,IRON,strategic,3,0.391520768966701,1.3862943611198906
156853,IRON,strategic,3,0.391520768966701,1.3862943611198906
210480,IRON,strategic,3,0.391520768966701,1.3862943611198906
139759,IRON,strategic,3,0.391520768966701,1.3862943611198906
133376,IRON,strategic,3,0.391520768966701,1.3862943611198906
97709,IRON,strategic,3,0.391520768966701,1.3862943611198906
85700,IRON,strategic,3,0.391520768966701,1.3862943611198906
77766,IRON,strategic,3,0.391520768966701,1.3862943611198906
54709,IRON,strategic,2,0.0940611053896326,0.6931471805599453
87924,IRON,strategic,2,0.0940611053896326,0.6931471805599453
214977,IRON,strategic,2,0.0940611053896326,0.6931471805599453
139712,IRON,strategic,2,0.0940611053896326,0.6931471805599453
126693,IRON,strategic,2,0.0940611053896326,0.6931471805599453
76853,IRON,strategic,2,0.0940611053896326,0.6931471805599453
209135,IRON,strategic,2,0.0940611053896326,0.6931471805599453
18538,IRON,strategic,2,0.0940611053896326,0.6931471805599453
53989,IRON,strategic,2,0.0940611053896326,0.6931471805599453
137044,IRON,strategic,2,0.0940611053896326,0.6931471805599453
163623,IRON,strategic,2,0.0940611053896326,0.6931471805599453
237121,IRON,strategic,2,0.0940611053896326,0.6931471805599453
149306,IRON,strategic,2,0.0940611053896326,0.6931471805599453
130048,IRON,strategic,2,0.0940611053896326,0.6931471805599453
79126,IRON,strategic,2,0.0940611053896326,0.6931471805599453
158863,IRON,strategic,2,0.0940611053896326,0.6931471805599453
62032,IRON,strategic,2,0.0940611053896326,0.6931471805599453
149090,IRON,strategic,2,0.0940611053896326,0.6931471805599453
133691,IRON,strategic,2,0.0940611053896326,0.6931471805599453
82625,IRON,strategic,2,0.0940611053896326,0.6931471805599453
120709,IRON,strategic,2,0.0940611053896326,0.6931471805599453
218875,IRON,strategic,2,0.0940611053896326,0.6931471805599453
57021,IRON,strategic,2,0.0940611053896326,0.6931471805599453
143935,IRON,strategic,2,0.0940611053896326,0.6931471805599453
166908,IRON,strategic,2,0.0940611053896326,0.6931471805599453
49268,IRON,strategic,2,0.0940611053896326,0.6931471805599453
130700,IRON,strategic,2,0.0940611053896326,0.6931471805599453
205136,IRON,strategic,2,0.0940611053896326,0.6931471805599453
215306,IRON,strategic,2,0.0940611053896326,0.6931471805599453
212457,IRON,strategic,2,0.0940611053896326,0.6931471805599453
164853,IRON,strategic,2,0.0940611053896326,0.6931471805599453
183354,IRON,strategic,2,0.0940611053896326,0.6931471805599453
208166,IRON,strategic,2,0.0940611053896326,0.6931471805599453
164565,IRON,strategic,2,0.0940611053896326,0.6931471805599453
42237,IRON,strategic,2,0.0940611053896326,0.6931471805599453
74442,IRON,strategic,2,0.0940611053896326,0.6931471805599453
128682,IRON,strategic,2,0.0940611053896326,0.6931471805599453
62433,IRON,strategic,2,0.0940611053896326,0.6931471805599453
76534,IRON,strategic,2,0.0940611053896326,0.6931471805599453
51650,IRON,strategic,2,0.0940611053896326,0.6931471805599453
205426,IRON,strategic,2,0.0940611053896326,0.6931471805599453
190712,IRON,strategic,2,0.0940611053896326,0.6931471805599453
140728,IRON,strategic,2,0.0940611053896326,0.6931471805599453
192732,IRON,strategic,2,0.0940611053896326,0.6931471805599453
131027,IRON,strategic,2,0.0940611053896326,0.6931471805599453
84649,IRON,strategic,2,0.0940611053896326,0.6931471805599453
88039,IRON,strategic,2,0.0940611053896326,0.6931471805599453
55005,IRON,strategic,2,0.0940611053896326,0.6931471805599453
164567,IRON,strategic,2,0.0940611053896326,0.6931471805599453
156958,IRON,strategic,2,0.0940611053896326,0.6931471805599453
150106,IRON,strategic,2,0.0940611053896326,0.6931471805599453
95181,IRON,strategic,2,0.0940611053896326,0.6931471805599453
188406,IRON,strategic,2,0.0940611053896326,0.6931471805599453
130704,IRON,strategic,2,0.0940611053896326,0.6931471805599453
222847,IRON,strategic,2,0.0940611053896326,0.6931471805599453
222851,NITER,strategic,6,1.0,5.203847918338486
191052,NITER,strategic,6,0.9968152866242038,4.691774745666429
190716,NITER,strategic,6,0.9904458598726116,4.265490954168917
74825,NITER,strategic,6,0.9840764331210192,4.060443010546419
191051,NITER,strategic,6,0.9808917197452228,3.958665111070865
222517,NITER,strategic,6,0.9745222929936306,3.8417849214767914
191386,NITER,strategic,6,0.9713375796178344,3.793813722532151
187365,NITER,strategic,6,0.9681528662420382,3.741642860499329
182328,NITER,strategic,6,0.964968152866242,3.740473961774472
190382,NITER,strategic,6,0.961783439490446,3.725384701953924
74490,NITER,strategic,6,0.9585987261146496,3.688879454113936
190718,NITER,strategic,6,0.9522292993630572,3.6506359588231634
206129,NITER,strategic,6,0.9490445859872612,3.5875414202613483
206128,NITER,strategic,6,0.9363057324840764,3.482282597643976
190715,NITER,strategic,6,0.929936305732484,3.469024233389322
206464,NITER,strategic,6,0.926751592356688,3.414369261517986
190381,NITER,strategic,6,0.9203821656050956,3.383206970108683
191388,NITER,strategic,6,0.9171974522292994,3.345864239802203
182662,NITER,strategic,6,0.9140127388535032,3.329869392712548
191054,NITER,strategic,6,0.910828025477707,3.266132064798135
187031,NITER,strategic,6,0.9076433121019108,3.2550266410164417
187701,NITER,strategic,6,0.9044585987261148,3.237243724442625
187029,NITER,strategic,6,0.9012738853503184,3.197843287730893
191385,NITER,strategic,6,0.8980891719745223,3.1946555465803184
187699,NITER,strategic,6,0.8949044585987261,3.181301507668852
187366,NITER,strategic,6,0.89171974522293,3.1509649734861203
187032,NITER,strategic,5,0.7993630573248408,2.751692776584739
187702,NITER,strategic,5,0.7929936305732485,2.740999303281515
181657,NITER,strategic,5,0.7866242038216561,2.6995154669798875
182998,NITER,strategic,5,0.7802547770700637,2.687162745860669
186696,NITER,strategic,5,0.7738853503184714,2.680314693914668
205448,NITER,strategic,5,0.7707006369426752,2.677888922541912
188036,NITER,strategic,5,0.7643312101910829,2.660151886327647
206127,NITER,strategic,5,0.7611464968152867,2.633192493572434
186693,NITER,strategic,5,0.7547770700636943,2.6309585706552774
206799,NITER,strategic,5,0.7515923566878981,2.6143169059160964
188033,NITER,strategic,5,0.7484076433121019,2.6115122989827864
190048,NITER,strategic,5,0.7420382165605095,2.5926263658556605
191389,NITER,strategic,5,0.7388535031847133,2.587153517125463
206798,NITER,strategic,5,0.7356687898089171,2.579427275380741
181994,NITER,strategic,5,0.7292993630573248,2.536035290127638
182664,NITER,strategic,5,0.7261146496815286,2.505153603785349
190045,NITER,strategic,5,0.7229299363057324,2.486327130133797
187362,NITER,strategic,5,0.7197452229299363,2.485240988800622
186360,NITER,strategic,5,0.7165605095541401,2.4774113206105395
191724,NITER,strategic,5,0.7133757961783439,2.4767673586422143
188370,NITER,strategic,5,0.7101910828025477,2.4512224893401635
186361,NITER,strategic,5,0.6942675159235668,2.380365844518465
191055,NITER,strategic,5,0.6910828025477707,2.371888744834911
188371,NITER,strategic,5,0.6878980891719745,2.3557219552268167
186359,NITER,strategic,5,0.6847133757961783,2.3532805694212744
205449,NITER,strategic,5,0.6815286624203821,2.345527684195609
187027,NITER,strategic,4,0.5955414012738853,2.12241806936859
187697,NITER,strategic,4,0.589171974522293,2.1152916043747023
205784,NITER,strategic,4,0.5859872611464968,2.113724751457978
206797,NITER,strategic,4,0.5828025477707006,2.0978542861135336
186362,NITER,strategic,4,0.5796178343949044,2.0956627357429944
190385,NITER,strategic,4,0.5764331210191083,2.0954156717131607
182325,NITER,strategic,4,0.5732484076433121,2.0899275020048127
205796,NITER,strategic,4,0.5700636942675159,2.088213629874311
183332,NITER,strategic,4,0.5668789808917197,2.0842553048547083
192058,NITER,strategic,4,0.5636942675159236,2.0773995813649964
188372,NITER,strategic,4,0.5605095541401274,2.074659534794276
181323,NITER,strategic,4,0.5573248407643312,2.0590984239639614
190049,NITER,strategic,4,0.5445859872611465,2.0198807320631937
189711,NITER,strategic,4,0.5414012738853503,1.994387358889117
183333,NITER,strategic,4,0.5382165605095541,1.9897218706278577
192055,NITER,strategic,4,0.535031847133758,1.9892365271689691
181321,NITER,strategic,4,0.5286624203821656,1.983064710137404
187368,NITER,strategic,4,0.5254777070063694,1.96920559189406
60392,NITER,strategic,4,0.5143312101910829,1.9459101490553128
80954,NITER,strategic,4,0.5143312101910829,1.9459101490553128
55002,NITER,strategic,4,0.5143312101910829,1.9459101490553128
80957,NITER,strategic,4,0.5143312101910829,1.9459101490553128
186024,NITER,strategic,4,0.5063694267515924,1.939067580373676
190379,NITER,strategic,4,0.5,1.9205816970106837
205460,NITER,strategic,4,0.4968152866242038,1.9188690135032949
207134,NITER,strategic,4,0.4904458598726114,1.9152236924748405
182995,NITER,strategic,3,0.3980891719745223,1.6968359070755217
182348,NITER,strategic,3,0.3949044585987261,1.692514712204518
186691,NITER,strategic,3,0.3853503184713376,1.664517168143712
183334,NITER,strategic,3,0.3821656050955414,1.664284166592647
182349,NITER,strategic,3,0.3789808917197452,1.6619990348773228
188031,NITER,strategic,3,0.3726114649681528,1.653065037435146
186357,NITER,strategic,3,0.3694267515923566,1.634932686319328
182659,NITER,strategic,3,0.3662420382165605,1.634643149814642
187034,NITER,strategic,3,0.3630573248407643,1.62094903728069
188367,NITER,strategic,3,0.3598726114649681,1.6179884783734884
189407,NITER,strategic,3,0.3566878980891719,1.6171693957841855
187704,NITER,strategic,3,0.3535031847133758,1.6153207105519227
52660,NITER,strategic,3,0.3503184713375796,1.6094379124341005
205115,NITER,strategic,3,0.3471337579617834,1.5955662322022717
205124,NITER,strategic,3,0.340764331210191,1.580019508192576
182331,NITER,strategic,3,0.3375796178343949,1.576114798443329
205785,NITER,strategic,3,0.3343949044585987,1.56449058445742
183330,NITER,strategic,3,0.3248407643312102,1.5388160317242314
222850,NITER,strategic,3,0.321656050955414,1.5348675775002816
182682,NITER,strategic,3,0.3184713375796178,1.5223775568118072
180988,NITER,strategic,3,0.3152866242038216,1.5213175131276395
206801,NITER,strategic,3,0.3089171974522293,1.5038097335154643
189409,NITER,strategic,3,0.3057324840764331,1.4957833151690412
224192,NITER,strategic,3,0.2993630573248407,1.488334588439317
186022,NITER,strategic,3,0.2898089171974522,1.4640674602773849
189073,NITER,strategic,3,0.286624203821656,1.4547458321679758
185690,NITER,strategic,3,0.2834394904458598,1.4541117265429475
183668,NITER,strategic,3,0.2802547770700637,1.4486554178581068
188702,NITER,strategic,3,0.2738853503184713,1.443009353311662
189040,NITER,strategic,3,0.2707006369426751,1.4279179149061565
205123,NITER,strategic,3,0.2643312101910828,1.410535591953068
62034,NITER,strategic,3,0.2038216560509554,1.3862943611198906
81294,NITER,strategic,3,0.2038216560509554,1.3862943611198906
52335,NITER,strategic,3,0.2038216560509554,1.3862943611198906
183018,NITER,strategic,2,0.1496815286624203,1.382426810429219
183019,NITER,strategic,2,0.1401273885350318,1.3666801008259584
224527,NITER,strategic,2,0.1369426751592356,1.3365989667173768
204778,NITER,strategic,2,0.1337579617834395,1.3066667568844177
182347,NITER,strategic,2,0.1305732484076433,1.2886827705045525
224528,NITER,strategic,2,0.1273885350318471,1.2824079622290188
206118,NITER,strategic,2,0.1242038216560509,1.255327073574508
204779,NITER,strategic,2,0.10828025477707,1.2133954163907763
206119,NITER,strategic,2,0.1019108280254777,1.164662950263565
189075,NITER,strategic,2,0.0987261146496815,1.1426462653747436
183017,NITER,strategic,2,0.0923566878980891,1.1095946747446774
189410,NITER,strategic,2,0.0891719745222929,1.1037917375795028
188737,NITER,strategic,2,0.0796178343949044,1.0569599509123155
182685,NITER,strategic,2,0.0764331210191082,1.0336153859120063
183353,NITER,strategic,2,0.0732484076433121,1.017252555487529
188739,NITER,strategic,2,0.0700636942675159,1.00150126293471
181678,NITER,strategic,2,0.0668789808917197,0.9506835049026096
181679,NITER,strategic,2,0.0636942675159235,0.941339262512932
183352,NITER,strategic,2,0.0605095541401273,0.9221983883977516
163570,OIL,strategic,7,1.0,14.66381678100433
60721,OIL,strategic,7,0.99953531598513,14.5079318803533
59380,OIL,strategic,7,0.9990706319702602,14.50136592851168
136822,OIL,strategic,7,0.9986059479553904,13.551994339596584
164916,OIL,strategic,7,0.9985945186226284,12.856060643648766
136433,OIL,strategic,7,0.9978917779339423,12.685822470345004
169286,OIL,strategic,7,0.9971890372452564,12.39325594394782
100729,OIL,strategic,7,0.9967472118959108,12.75967393122282
100731,OIL,strategic,7,0.9964862965565706,12.734643353452103
164573,OIL,strategic,7,0.995817843866171,12.69192951846184
168944,OIL,strategic,7,0.9944237918215614,12.175605531253858
62404,OIL,strategic,7,0.9939591078066916,12.118977504643691
67033,OIL,strategic,7,0.9934944237918216,11.978729411592465
66031,OIL,strategic,7,0.991635687732342,11.902872364341254
209094,OIL,strategic,7,0.9902416356877324,11.749571663502564
145819,OIL,strategic,7,0.9897769516728624,11.70755386370191
66716,OIL,strategic,7,0.9893122676579924,11.56860453553004
78532,OIL,strategic,7,0.9883828996282528,11.43885327832306
84229,OIL,strategic,7,0.9879182156133828,11.363265370727992
134487,OIL,strategic,7,0.987453531598513,11.294770078368558
85351,OIL,strategic,7,0.9869888475836432,11.23453605162424
165925,OIL,strategic,7,0.9860594795539034,11.07614133304962
169536,OIL,strategic,7,0.9859451862262824,11.02057633928398
134758,OIL,strategic,7,0.9846654275092936,10.999845731099851
163568,OIL,strategic,7,0.9842007434944238,10.998257085379493
165915,OIL,strategic,7,0.983271375464684,10.931228704149246
152567,OIL,strategic,7,0.982806691449814,10.889363376233112
169282,OIL,strategic,7,0.9821096654275092,10.80290823460868
68436,OIL,strategic,7,0.9814126394052044,10.765492758144708
159870,OIL,strategic,7,0.9809479553903344,10.76059720033306
88920,OIL,strategic,7,0.9804832713754646,10.744893300357258
59383,OIL,strategic,7,0.9800185873605948,10.629701977896634
168273,OIL,strategic,7,0.979089219330855,10.491230103618054
139207,OIL,strategic,7,0.9786245353159851,10.480077764984951
154196,OIL,strategic,7,0.9781598513011152,10.478471272039538
167264,OIL,strategic,7,0.9776951672862454,10.42533022360783
165248,OIL,strategic,7,0.9758364312267658,10.344818894212867
67071,OIL,strategic,7,0.975371747211896,10.319436156294074
207772,OIL,strategic,7,0.9747013352073084,9.981772473740396
164244,OIL,strategic,7,0.9739776951672864,10.184425327424064
67432,OIL,strategic,7,0.9735130111524164,10.174912235020054
73868,OIL,strategic,7,0.9730483271375464,10.122562347012332
139125,OIL,strategic,7,0.9725836431226764,10.06920879090892
64701,OIL,strategic,6,0.83317843866171,6.061854308675349
64027,OIL,strategic,6,0.8322490706319703,6.049568653288487
139881,OIL,strategic,6,0.8317843866171004,6.042489794652313
63040,OIL,strategic,6,0.8308550185873605,6.012842290786765
135493,OIL,strategic,6,0.8299256505576208,6.004515901390201
192653,OIL,strategic,6,0.8294609665427509,5.997278093079842
60049,OIL,strategic,6,0.828996282527881,5.996212384251461
172554,OIL,strategic,6,0.8285315985130112,5.994332584447293
64074,OIL,strategic,6,0.8280669144981413,5.990877280423864
152190,OIL,strategic,6,0.8276022304832714,5.981291238090218
162845,OIL,strategic,6,0.8271375464684015,5.975930326626359
64735,OIL,strategic,6,0.8262081784386617,5.933055983746856
158200,OIL,strategic,6,0.8257434944237918,5.92986706194178
61007,OIL,strategic,6,0.8252788104089219,5.926503428425601
61065,OIL,strategic,6,0.824814126394052,5.922610406296771
167190,OIL,strategic,6,0.8243494423791822,5.919248692025999
213508,OIL,strategic,6,0.8238847583643123,5.918689949967993
137446,OIL,strategic,6,0.8234200743494424,5.908368486646508
203468,OIL,strategic,6,0.8229553903345725,5.90449529212516
173219,OIL,strategic,6,0.8217936802973977,5.898064863335739
172213,OIL,strategic,6,0.8217936802973977,5.898064863335739
134691,OIL,strategic,6,0.8210966542750929,5.8968324576996425
161503,OIL,strategic,6,0.8203996282527881,5.89362795735067
160145,OIL,strategic,6,0.8203996282527881,5.89362795735067
65076,OIL,strategic,6,0.8192379182156134,5.88458967053796
159812,OIL,strategic,6,0.8183085501858736,5.87593686793524
166545,OIL,strategic,6,0.8178438661710037,5.870253276846405
59358,OIL,strategic,6,0.8173791821561338,5.861298695425198
65025,OIL,strategic,6,0.8169144981412639,5.86091218855607
74874,OIL,strategic,6,0.8164498141263941,5.856023052173462
131685,OIL,strategic,6,0.8159851301115242,5.836088043088422
139874,OIL,strategic,6,0.8155204460966543,5.830066925370248
215891,OIL,strategic,6,0.8150557620817844,5.795737614849175
169538,OIL,strategic,6,0.8141263940520446,5.780191062299978
158166,OIL,strategic,6,0.8131970260223048,5.760206337739023
169867,OIL,strategic,6,0.8122676579925651,5.750240292202174
67718,OIL,strategic,6,0.8113382899628253,5.7388600198454895
185646,OIL,strategic,6,0.8108736059479554,5.734680398853472
170965,OIL,strategic,6,0.8104089219330854,5.734110371758542
216451,OIL,strategic,6,0.8090148698884758,5.675597859216059
63434,OIL,strategic,6,0.8080855018587361,5.659786655880483
171545,OIL,strategic,6,0.8076208178438662,5.645357821412864
171882,OIL,strategic,6,0.8066914498141264,5.617991166743916
166587,OIL,strategic,5,0.666589219330855,3.6617237163436176
146491,OIL,strategic,5,0.666589219330855,3.6617237163436176
215236,OIL,strategic,5,0.6658921933085502,3.656953059808592
62354,OIL,strategic,5,0.6654275092936803,3.653598160792453
129356,OIL,strategic,5,0.6649628252788105,3.651834774378798
210522,OIL,strategic,5,0.6644981412639405,3.6461795966482113
203421,OIL,strategic,5,0.6640334572490706,3.64184025886436
75531,OIL,strategic,5,0.6635687732342007,3.633583641218827
77873,OIL,strategic,5,0.6631040892193308,3.628025279118496
62356,OIL,strategic,5,0.662639405204461,3.6198733610943616
77541,OIL,strategic,5,0.6617100371747212,3.6092013548180057
148830,OIL,strategic,5,0.6603159851301115,3.581423361885051
103360,OIL,strategic,5,0.6593866171003717,3.573099088294061
130681,OIL,strategic,5,0.6589219330855018,3.57079542729325
206171,OIL,strategic,5,0.658457249070632,3.5692980300333543
68098,OIL,strategic,5,0.6579925650557621,3.5494138378098623
73535,OIL,strategic,5,0.6575278810408922,3.540259407384448
144815,OIL,strategic,5,0.6561338289962825,3.498230381244574
102392,OIL,strategic,5,0.6556691449814126,3.496640459173952
57297,OIL,strategic,5,0.6547397769516728,3.4761721968373025
58731,OIL,strategic,5,0.6538104089219331,3.455809802823598
63407,OIL,strategic,5,0.6514869888475836,3.4293808528195338
65068,OIL,strategic,5,0.6510223048327137,3.421151384594613
133366,OIL,strategic,5,0.6505576208178439,3.4078561271786194
64085,OIL,strategic,5,0.650092936802974,3.401653301819965
158196,OIL,strategic,5,0.6496282527881041,3.3979314177726816
76528,OIL,strategic,5,0.6491635687732342,3.3950702630001857
65045,OIL,strategic,5,0.6486988847583643,3.3906916253070785
62348,OIL,strategic,5,0.6482342007434945,3.379705803883434
77870,OIL,strategic,5,0.6477695167286245,3.379666450646137
103709,OIL,strategic,5,0.6473048327137546,3.379539396202905
142855,OIL,strategic,5,0.6468401486988847,3.378001880588912
203731,OIL,strategic,5,0.6449814126394052,3.3630764381857325
139203,OIL,strategic,5,0.6445167286245354,3.360577999384869
62765,OIL,strategic,5,0.6440520446096655,3.3533013182313542
77120,OIL,strategic,5,0.6435873605947955,3.3515218007936785
61682,OIL,strategic,5,0.641728624535316,3.329843045122625
195409,OIL,strategic,5,0.6412639405204461,3.3273027170788225
136499,OIL,strategic,5,0.6403345724907064,3.310478578999786
64356,OIL,strategic,5,0.6394052044609665,3.305151315155891
72531,OIL,strategic,5,0.6389405204460966,3.3012394512834984
197414,OIL,strategic,5,0.6370817843866171,3.2841355737444733
148799,OIL,strategic,5,0.6361524163568774,3.2816785933665136
162878,OIL,strategic,4,0.4993029739776952,1.5773817608173015
63687,OIL,strategic,4,0.4993029739776952,1.5773817608173015
61016,OIL,strategic,4,0.4986059479553903,1.574981493874137
63022,OIL,strategic,4,0.4981412639405204,1.572595482405727
63684,OIL,strategic,4,0.4972118959107807,1.57005127002071
67425,OIL,strategic,4,0.4962825278810409,1.5637819413999543
84006,OIL,strategic,4,0.495817843866171,1.561809387198991
205497,OIL,strategic,4,0.4953531598513011,1.5590049087084892
60700,OIL,strategic,4,0.4948884758364312,1.5532092239944078
102709,OIL,strategic,4,0.4944237918215613,1.5346175551037131
85313,OIL,strategic,4,0.4939591078066914,1.526673563257059
184641,OIL,strategic,4,0.4934944237918215,1.5266605016242645
90742,OIL,strategic,4,0.4930297397769517,1.525494971833253
73866,OIL,strategic,4,0.4925650557620817,1.5225760464660572
69773,OIL,strategic,4,0.4921003717472119,1.5217367496187033
63020,OIL,strategic,4,0.491635687732342,1.5155186370370628
60334,OIL,strategic,4,0.4911710037174721,1.5076418948301955
66378,OIL,strategic,4,0.4902416356877323,1.4997329497770284
61680,OIL,strategic,4,0.4897769516728624,1.49679003254359
63391,OIL,strategic,4,0.4893122676579926,1.493859230430409
88720,OIL,strategic,4,0.4888475836431227,1.4841146595204775
218556,OIL,strategic,4,0.4883828996282527,1.483760925129321
65363,OIL,strategic,4,0.4879182156133829,1.475417042945941
70863,OIL,strategic,4,0.4869888475836431,1.469653781035999
207536,OIL,strategic,4,0.4860594795539033,1.4606244203269458
66421,OIL,strategic,4,0.4855947955390334,1.4599265720264916
134819,OIL,strategic,4,0.4828066914498141,1.430666191673997
64070,OIL,strategic,4,0.4823420074349442,1.4306528061398904
65368,OIL,strategic,4,0.4804832713754647,1.4042457282003835
67086,OIL,strategic,4,0.479089219330855,1.3960810838355662
158193,OIL,strategic,4,0.4763011152416357,1.3639488646793774
83664,OIL,strategic,4,0.4758364312267658,1.362591552106074
191022,OIL,strategic,4,0.4744423791821561,1.3557911375297351
135047,OIL,strategic,4,0.4739776951672863,1.355423978847066
210787,OIL,strategic,4,0.4735130111524163,1.3413027981957464
130025,OIL,strategic,4,0.4725836431226766,1.3375624312694503
141071,OIL,strategic,4,0.4721189591078067,1.3325052948023897
67084,OIL,strategic,4,0.4714219330855018,1.329391994790296
65748,OIL,strategic,4,0.470724907063197,1.3280931116918937
66758,OIL,strategic,4,0.4693308550185873,1.3157881055903948
64103,OIL,strategic,4,0.4688661710037174,1.3088285334308667
64359,OIL,strategic,4,0.4684014869888476,1.3074990362284984
78456,OIL,strategic,4,0.4674721189591078,1.304546954793182
139402,OIL,strategic,3,0.3327137546468401,0.4626551172090944
214282,OIL,strategic,3,0.3322490706319702,0.4572900925419306
60413,OIL,strategic,3,0.3310873605947955,0.453840448967583
132018,OIL,strategic,3,0.3310873605947955,0.453840448967583
132363,OIL,strategic,3,0.3310873605947955,0.453840448967583
134710,OIL,strategic,3,0.3310873605947955,0.453840448967583
162518,OIL,strategic,3,0.3299256505576208,0.4501350503598969
89258,OIL,strategic,3,0.329228624535316,0.4461329149762201
101891,OIL,strategic,3,0.3273698884758364,0.4317488113536311
143912,OIL,strategic,3,0.3262081784386617,0.408493200003753
151507,OIL,strategic,3,0.3220260223048327,0.4055063400970549
133703,OIL,strategic,3,0.3220260223048327,0.4055063400970549
156857,OIL,strategic,3,0.3220260223048327,0.4055063400970549
161329,OIL,strategic,3,0.3220260223048327,0.4055063400970549
246153,OIL,strategic,3,0.3220260223048327,0.4055063400970549
58699,OIL,strategic,3,0.3220260223048327,0.4055063400970549
63393,OIL,strategic,3,0.3220260223048327,0.4055063400970549
159872,OIL,strategic,3,0.3220260223048327,0.4055063400970549
60336,OIL,strategic,3,0.3220260223048327,0.4055063400970549
128679,OIL,strategic,3,0.3220260223048327,0.4055063400970549
213548,OIL,strategic,3,0.3220260223048327,0.4055063400970549
143082,OIL,strategic,3,0.3220260223048327,0.4055063400970549
61761,OIL,strategic,3,0.3220260223048327,0.4055063400970549
214889,OIL,strategic,3,0.3220260223048327,0.4055063400970549
137059,OIL,strategic,3,0.3178438661710037,0.4026021795442394
132694,OIL,strategic,3,0.316682156133829,0.4015042047133781
144097,OIL,strategic,3,0.3155204460966542,0.4006346437239739
127789,OIL,strategic,3,0.3145910780669145,0.3971536358638966
133707,OIL,strategic,3,0.3145910780669145,0.3971536358638966
207176,OIL,strategic,3,0.3120353159851301,0.3923881268736804
153849,OIL,strategic,3,0.3120353159851301,0.3923881268736804
139399,OIL,strategic,3,0.3104089219330855,0.3887886071177298
89401,OIL,strategic,3,0.3099442379182156,0.3868074281543372
178646,OIL,strategic,3,0.3092472118959107,0.3788630284334717
90981,OIL,strategic,3,0.308085501858736,0.3748789633709906
140606,OIL,strategic,3,0.3071561338289962,0.3745543796767437
100218,OIL,strategic,3,0.3071561338289962,0.3745543796767437
215955,OIL,strategic,3,0.3071561338289962,0.3745543796767437
150172,OIL,strategic,3,0.2897304832713754,0.3295836866004329
210112,OIL,strategic,3,0.2897304832713754,0.3295836866004329
214512,OIL,strategic,3,0.2897304832713754,0.3295836866004329
66074,OIL,strategic,3,0.2897304832713754,0.3295836866004329
162224,OIL,strategic,3,0.2897304832713754,0.3295836866004329
62005,OIL,strategic,3,0.2897304832713754,0.3295836866004329
132366,OIL,strategic,3,0.2897304832713754,0.3295836866004329
217585,OIL,strategic,3,0.2897304832713754,0.3295836866004329
45923,OIL,strategic,3,0.2897304832713754,0.3295836866004329
167932,OIL,strategic,3,0.2897304832713754,0.3295836866004329
160543,OIL,strategic,3,0.2897304832713754,0.3295836866004329
61406,OIL,strategic,3,0.2897304832713754,0.3295836866004329
61085,OIL,strategic,3,0.2897304832713754,0.3295836866004329
211837,OIL,strategic,3,0.2897304832713754,0.3295836866004329
209782,OIL,strategic,3,0.2897304832713754,0.3295836866004329
207513,OIL,strategic,3,0.2897304832713754,0.3295836866004329
86236,OIL,strategic,3,0.2897304832713754,0.3295836866004329
118046,OIL,strategic,3,0.2897304832713754,0.3295836866004329
214951,OIL,strategic,3,0.2897304832713754,0.3295836866004329
136442,OIL,strategic,3,0.2897304832713754,0.3295836866004329
212505,OIL,strategic,3,0.2897304832713754,0.3295836866004329
47261,OIL,strategic,3,0.2897304832713754,0.3295836866004329
130353,OIL,strategic,3,0.2897304832713754,0.3295836866004329
78530,OIL,strategic,3,0.2897304832713754,0.3295836866004329
82253,OIL,strategic,3,0.2897304832713754,0.3295836866004329
98336,OIL,strategic,3,0.2716078066914498,0.3236945348176137
210860,OIL,strategic,3,0.2716078066914498,0.3236945348176137
170867,OIL,strategic,3,0.2716078066914498,0.3236945348176137
134155,OIL,strategic,3,0.2716078066914498,0.3236945348176137
210520,OIL,strategic,3,0.2716078066914498,0.3236945348176137
139443,OIL,strategic,3,0.2716078066914498,0.3236945348176137
157275,OIL,strategic,2,0.0715613382899628,0.2079441541679835
172207,OIL,strategic,2,0.0715613382899628,0.2079441541679835
214584,OIL,strategic,2,0.0715613382899628,0.2079441541679835
66761,OIL,strategic,2,0.0715613382899628,0.2079441541679835
54283,OIL,strategic,2,0.0715613382899628,0.2079441541679835
161216,OIL,strategic,2,0.0715613382899628,0.2079441541679835
208859,OIL,strategic,2,0.0715613382899628,0.2079441541679835
146650,OIL,strategic,2,0.0715613382899628,0.2079441541679835
63416,OIL,strategic,2,0.0715613382899628,0.2079441541679835
154261,OIL,strategic,2,0.0715613382899628,0.2079441541679835
214886,OIL,strategic,2,0.0715613382899628,0.2079441541679835
138831,OIL,strategic,2,0.0715613382899628,0.2079441541679835
64436,OIL,strategic,2,0.0715613382899628,0.2079441541679835
163359,OIL,strategic,2,0.0715613382899628,0.2079441541679835
62093,OIL,strategic,2,0.0715613382899628,0.2079441541679835
215256,OIL,strategic,2,0.0715613382899628,0.2079441541679835
128667,OIL,strategic,2,0.0715613382899628,0.2079441541679835
169530,OIL,strategic,2,0.0715613382899628,0.2079441541679835
153594,OIL,strategic,2,0.0715613382899628,0.2079441541679835
145481,OIL,strategic,2,0.0715613382899628,0.2079441541679835
168275,OIL,strategic,2,0.0715613382899628,0.2079441541679835
225698,URANIUM,strategic,4,1.0,21.661048185708754
138418,URANIUM,strategic,4,0.996652719665272,21.539408653276304
125041,URANIUM,strategic,4,0.996652719665272,21.539408653276304
127386,URANIUM,strategic,4,0.996652719665272,21.539408653276304
79136,URANIUM,strategic,4,0.996652719665272,21.539408653276304
74127,URANIUM,strategic,4,0.996652719665272,21.539408653276304
146090,URANIUM,strategic,4,0.996652719665272,21.539408653276304
57016,URANIUM,strategic,4,0.996652719665272,21.539408653276304
73110,URANIUM,strategic,4,0.996652719665272,21.539408653276304
138386,URANIUM,strategic,4,0.996652719665272,21.539408653276304
138713,URANIUM,strategic,4,0.996652719665272,21.539408653276304
121370,URANIUM,strategic,4,0.996652719665272,21.539408653276304
73455,URANIUM,strategic,4,0.996652719665272,21.539408653276304
58346,URANIUM,strategic,4,0.996652719665272,21.539408653276304
141594,URANIUM,strategic,4,0.993305439330544,21.32263437409691
149647,URANIUM,strategic,4,0.992887029288703,20.88563487277311
78779,URANIUM,strategic,4,0.992468619246862,20.881931364139668
173921,URANIUM,strategic,4,0.99163179916318,20.69286506695317
136129,URANIUM,strategic,4,0.990794979079498,20.232120655067863
228334,URANIUM,strategic,4,0.9903765690376568,19.914963966536607
70717,URANIUM,strategic,4,0.989958158995816,19.819073801724414
150647,URANIUM,strategic,4,0.9895397489539748,19.789383613081306
105217,URANIUM,strategic,4,0.989121338912134,19.77499836021314
157867,URANIUM,strategic,4,0.988284518828452,19.73271805683663
173923,URANIUM,strategic,4,0.9878661087866109,19.717045321859214
203057,URANIUM,strategic,4,0.9870292887029288,19.673674543548607
154203,URANIUM,strategic,4,0.986610878661088,19.62861891359992
174598,URANIUM,strategic,4,0.985774058577406,19.501292520684583
157537,URANIUM,strategic,4,0.9847280334728034,19.484890041148837
188065,URANIUM,strategic,4,0.9847280334728034,19.484890041148837
146759,URANIUM,strategic,4,0.9836820083682009,19.41222006894583
101349,URANIUM,strategic,4,0.9822175732217572,19.333396735877844
68372,URANIUM,strategic,4,0.9822175732217572,19.333396735877844
171561,URANIUM,strategic,4,0.981589958158996,19.328511267814758
138065,URANIUM,strategic,4,0.9811715481171548,19.280949789310863
71721,URANIUM,strategic,4,0.9807531380753138,19.244608949770527
205436,URANIUM,strategic,4,0.9782426778242678,19.20427591477785
119371,URANIUM,strategic,4,0.9782426778242678,19.20427591477785
139390,URANIUM,strategic,4,0.9782426778242678,19.20427591477785
158543,URANIUM,strategic,4,0.9782426778242678,19.20427591477785
140408,URANIUM,strategic,4,0.9782426778242678,19.20427591477785
149975,URANIUM,strategic,4,0.9782426778242678,19.20427591477785
93320,URANIUM,strategic,4,0.9782426778242678,19.20427591477785
53615,URANIUM,strategic,4,0.9782426778242678,19.20427591477785
73128,URANIUM,strategic,4,0.9782426778242678,19.20427591477785
58033,URANIUM,strategic,4,0.9757322175732216,19.170999338173385
150800,URANIUM,strategic,4,0.9753138075313807,19.05225572300406
202035,URANIUM,strategic,4,0.9748953974895398,18.94933496373366
139740,URANIUM,strategic,4,0.9740585774058578,18.39372222007119
81628,URANIUM,strategic,4,0.9728033472803348,17.9265428932809
192399,URANIUM,strategic,4,0.9719665271966528,17.86797470950992
62706,URANIUM,strategic,4,0.9711297071129708,17.790009150354376
61367,URANIUM,strategic,4,0.9707112970711296,17.757271560502115
149644,URANIUM,strategic,4,0.9698744769874476,17.57172721819888
201059,URANIUM,strategic,4,0.9688284518828452,17.38183316837149
78411,URANIUM,strategic,4,0.9677824267782428,17.37375206331508
227707,URANIUM,strategic,4,0.9669456066945606,17.339086707227686
71202,URANIUM,strategic,4,0.9665271966527196,17.308400674684265
139408,URANIUM,strategic,4,0.9661087866108786,17.301525847860002
58027,URANIUM,strategic,4,0.9656903765690376,17.290281949109627
136466,URANIUM,strategic,4,0.965062761506276,17.222096052948732
151471,URANIUM,strategic,4,0.9644351464435148,17.21927327467496
60706,URANIUM,strategic,4,0.9635983263598328,17.18489388255802
148429,URANIUM,strategic,4,0.9631799163179916,17.165437333424787
100032,URANIUM,strategic,4,0.9623430962343096,17.117046639983005
203375,URANIUM,strategic,4,0.9619246861924686,17.079132711689255
212152,URANIUM,strategic,4,0.9615062761506276,17.02881987402357
70048,URANIUM,strategic,4,0.9610878661087866,17.012237695769684
182635,URANIUM,strategic,4,0.9606694560669456,17.010029566691006
154860,URANIUM,strategic,4,0.9569037656903766,16.957493179256804
96693,URANIUM,strategic,4,0.9569037656903766,16.957493179256804
178277,URANIUM,strategic,4,0.9569037656903766,16.957493179256804
93646,URANIUM,strategic,4,0.9569037656903766,16.957493179256804
149481,URANIUM,strategic,3,0.7351464435146443,12.457019229802016
213967,URANIUM,strategic,3,0.7326359832635984,12.418629691484009
200378,URANIUM,strategic,3,0.7326359832635984,12.418629691484009
212440,URANIUM,strategic,3,0.7326359832635984,12.418629691484009
214974,URANIUM,strategic,3,0.7326359832635984,12.418629691484009
181940,URANIUM,strategic,3,0.7326359832635984,12.418629691484009
62041,URANIUM,strategic,3,0.7326359832635984,12.418629691484009
153834,URANIUM,strategic,3,0.7326359832635984,12.418629691484009
172590,URANIUM,strategic,3,0.7326359832635984,12.418629691484009
198056,URANIUM,strategic,3,0.7326359832635984,12.418629691484009
149769,URANIUM,strategic,3,0.7326359832635984,12.418629691484009
172565,URANIUM,strategic,3,0.7326359832635984,12.418629691484009
140412,URANIUM,strategic,3,0.7301255230125523,12.369986202388976
135391,URANIUM,strategic,3,0.7294979079497907,12.369583851775507
177280,URANIUM,strategic,3,0.7294979079497907,12.369583851775507
57024,URANIUM,strategic,3,0.7288702928870293,12.367167694367112
57356,URANIUM,strategic,3,0.7284518828451882,12.36694269668887
132047,URANIUM,strategic,3,0.7280334728033473,12.345844893349131
147798,URANIUM,strategic,3,0.7276150627615062,12.33063655849894
64377,URANIUM,strategic,3,0.7265690376569037,12.254893539145783
178285,URANIUM,strategic,3,0.7265690376569037,12.254893539145783
57361,URANIUM,strategic,3,0.7259414225941423,12.217635388437577
140048,URANIUM,strategic,3,0.7255230125523012,12.205893058660768
227666,URANIUM,strategic,3,0.7251046025104603,12.168806907547385
57044,URANIUM,strategic,3,0.7242677824267783,12.154986499136456
138067,URANIUM,strategic,3,0.7238493723849372,12.095826515289572
200371,URANIUM,strategic,3,0.7234309623430962,12.02161072763323
128691,URANIUM,strategic,3,0.7219665271966528,11.936373766777615
126701,URANIUM,strategic,3,0.7182008368200837,11.82530195710562
199376,URANIUM,strategic,3,0.7182008368200837,11.82530195710562
83468,URANIUM,strategic,3,0.7182008368200837,11.82530195710562
55352,URANIUM,strategic,3,0.7182008368200837,11.82530195710562
145785,URANIUM,strategic,3,0.7182008368200837,11.82530195710562
190052,URANIUM,strategic,3,0.7182008368200837,11.82530195710562
188719,URANIUM,strategic,3,0.7182008368200837,11.82530195710562
53302,URANIUM,strategic,3,0.7182008368200837,11.82530195710562
145637,URANIUM,strategic,3,0.7150627615062761,11.795248633271497
55357,URANIUM,strategic,3,0.7146443514644352,11.789711292116667
212492,URANIUM,strategic,3,0.7140167364016736,11.760698591820493
61072,URANIUM,strategic,3,0.7140167364016736,11.760698591820493
148981,URANIUM,strategic,3,0.7133891213389121,11.699105304095434
141754,URANIUM,strategic,3,0.7125523012552302,11.621518424279072
207113,URANIUM,strategic,3,0.7125523012552302,11.621518424279072
226661,URANIUM,strategic,3,0.7117154811715481,11.556819874125935
147088,URANIUM,strategic,3,0.7112970711297071,11.52520235290966
139069,URANIUM,strategic,3,0.7102510460251046,11.523372649830932
61069,URANIUM,strategic,3,0.7092050209205021,11.489204437609049
143289,URANIUM,strategic,3,0.7060669456066946,11.459321112915696
147763,URANIUM,strategic,3,0.7060669456066946,11.459321112915696
213296,URANIUM,strategic,3,0.7060669456066946,11.459321112915696
231367,URANIUM,strategic,3,0.7060669456066946,11.459321112915696
144782,URANIUM,strategic,3,0.7060669456066946,11.459321112915696
143430,URANIUM,strategic,3,0.7060669456066946,11.459321112915696
139077,URANIUM,strategic,3,0.7060669456066946,11.459321112915696
133384,URANIUM,strategic,3,0.702928870292887,11.4267826172388
146782,URANIUM,strategic,3,0.7020920502092051,11.391187512739103
126027,URANIUM,strategic,3,0.701255230125523,11.389045150231926
84324,URANIUM,strategic,3,0.7002092050209205,11.356249092850405
150319,URANIUM,strategic,3,0.7002092050209205,11.356249092850405
171917,URANIUM,strategic,3,0.6694560669456067,11.257743504971286
178950,URANIUM,strategic,3,0.6694560669456067,11.257743504971286
93984,URANIUM,strategic,3,0.6694560669456067,11.257743504971286
167914,URANIUM,strategic,2,0.4769874476987448,6.917159150081663
67693,URANIUM,strategic,2,0.4769874476987448,6.917159150081663
62069,URANIUM,strategic,2,0.4769874476987448,6.917159150081663
200049,URANIUM,strategic,2,0.4769874476987448,6.917159150081663
144439,URANIUM,strategic,2,0.4769874476987448,6.917159150081663
166871,URANIUM,strategic,2,0.4769874476987448,6.917159150081663
135063,URANIUM,strategic,2,0.4769874476987448,6.917159150081663
197706,URANIUM,strategic,2,0.4769874476987448,6.917159150081663
146640,URANIUM,strategic,2,0.4769874476987448,6.917159150081663
209067,URANIUM,strategic,2,0.4769874476987448,6.917159150081663
136400,URANIUM,strategic,2,0.4769874476987448,6.917159150081663
146967,URANIUM,strategic,2,0.4769874476987448,6.917159150081663
151620,URANIUM,strategic,2,0.4769874476987448,6.917159150081663
84326,URANIUM,strategic,2,0.4769874476987448,6.917159150081663
179318,URANIUM,strategic,2,0.4769874476987448,6.917159150081663
139504,URANIUM,strategic,2,0.4769874476987448,6.917159150081663
68711,URANIUM,strategic,2,0.4769874476987448,6.917159150081663
179645,URANIUM,strategic,2,0.4769874476987448,6.917159150081663
132041,URANIUM,strategic,2,0.4769874476987448,6.917159150081663
202402,URANIUM,strategic,2,0.4769874476987448,6.917159150081663
129698,URANIUM,strategic,2,0.4769874476987448,6.917159150081663
81625,URANIUM,strategic,2,0.4769874476987448,6.917159150081663
144089,URANIUM,strategic,2,0.4769874476987448,6.917159150081663
207129,URANIUM,strategic,2,0.4769874476987448,6.917159150081663
214162,URANIUM,strategic,2,0.4769874476987448,6.917159150081663
155884,URANIUM,strategic,2,0.4769874476987448,6.917159150081663
54365,URANIUM,strategic,2,0.4769874476987448,6.917159150081663
80621,URANIUM,strategic,2,0.4769874476987448,6.917159150081663
71389,URANIUM,strategic,2,0.4769874476987448,6.917159150081663
176948,URANIUM,strategic,2,0.4769874476987448,6.917159150081663
127758,URANIUM,strategic,2,0.4769874476987448,6.917159150081663
144961,URANIUM,strategic,2,0.4769874476987448,6.917159150081663
155312,URANIUM,strategic,2,0.4769874476987448,6.917159150081663
144747,URANIUM,strategic,2,0.4769874476987448,6.917159150081663
136056,URANIUM,strategic,2,0.4769874476987448,6.917159150081663
148139,URANIUM,strategic,2,0.4769874476987448,6.917159150081663
82972,URANIUM,strategic,2,0.4769874476987448,6.917159150081663
147779,URANIUM,strategic,2,0.4769874476987448,6.917159150081663
143776,URANIUM,strategic,2,0.4769874476987448,6.917159150081663
154487,URANIUM,strategic,2,0.4769874476987448,6.917159150081663
144786,URANIUM,strategic,2,0.4769874476987448,6.917159150081663
208729,URANIUM,strategic,2,0.4769874476987448,6.917159150081663
53692,URANIUM,strategic,2,0.4769874476987448,6.917159150081663
81643,URANIUM,strategic,2,0.4769874476987448,6.917159150081663
202060,URANIUM,strategic,2,0.4769874476987448,6.917159150081663
69706,URANIUM,strategic,2,0.4769874476987448,6.917159150081663
190664,URANIUM,strategic,2,0.4769874476987448,6.917159150081663
150274,URANIUM,strategic,2,0.4769874476987448,6.917159150081663
139709,URANIUM,strategic,2,0.4769874476987448,6.917159150081663
220853,URANIUM,strategic,2,0.4769874476987448,6.917159150081663
164702,URANIUM,strategic,2,0.4769874476987448,6.917159150081663
144290,URANIUM,strategic,2,0.4769874476987448,6.917159150081663
175594,URANIUM,strategic,2,0.4769874476987448,6.917159150081663
96182,URANIUM,strategic,2,0.4769874476987448,6.917159150081663
132715,URANIUM,strategic,2,0.4769874476987448,6.917159150081663
150315,URANIUM,strategic,2,0.4769874476987448,6.917159150081663
186307,URANIUM,strategic,2,0.4769874476987448,6.917159150081663
148801,URANIUM,strategic,2,0.4769874476987448,6.917159150081663
137405,URANIUM,strategic,2,0.4769874476987448,6.917159150081663
61095,URANIUM,strategic,2,0.4769874476987448,6.917159150081663
146458,URANIUM,strategic,2,0.4769874476987448,6.917159150081663
82986,URANIUM,strategic,2,0.4769874476987448,6.917159150081663
214836,URANIUM,strategic,2,0.4769874476987448,6.917159150081663
132719,URANIUM,strategic,2,0.4769874476987448,6.917159150081663
143286,URANIUM,strategic,2,0.4769874476987448,6.917159150081663
146460,URANIUM,strategic,2,0.4769874476987448,6.917159150081663
198717,URANIUM,strategic,2,0.4769874476987448,6.917159150081663
139501,URANIUM,strategic,2,0.4769874476987448,6.917159150081663
211810,URANIUM,strategic,2,0.4769874476987448,6.917159150081663
208060,URANIUM,strategic,2,0.4769874476987448,6.917159150081663
209070,URANIUM,strategic,2,0.4769874476987448,6.917159150081663
52329,URANIUM,strategic,1,0.2430962343096234,2.19722457733622
54680,URANIUM,strategic,1,0.2430962343096234,2.19722457733622
86636,URANIUM,strategic,1,0.2430962343096234,2.19722457733622
53680,URANIUM,strategic,1,0.2430962343096234,2.19722457733622
53330,URANIUM,strategic,1,0.2430962343096234,2.19722457733622
53013,URANIUM,strategic,1,0.2430962343096234,2.19722457733622
59690,URANIUM,strategic,1,0.2430962343096234,2.19722457733622
63732,URANIUM,strategic,1,0.2430962343096234,2.19722457733622
60021,URANIUM,strategic,1,0.2430962343096234,2.19722457733622
48265,URANIUM,strategic,1,0.2430962343096234,2.19722457733622
101030,URANIUM,strategic,1,0.2430962343096234,2.19722457733622
56024,URANIUM,strategic,1,0.2430962343096234,2.19722457733622
56678,URANIUM,strategic,1,0.2430962343096234,2.19722457733622
55964,URANIUM,strategic,1,0.2430962343096234,2.19722457733622
59010,URANIUM,strategic,1,0.2338912133891213,2.079441541679836
75787,URANIUM,strategic,1,0.2338912133891213,2.079441541679836
45244,URANIUM,strategic,1,0.2338912133891213,2.079441541679836
61375,URANIUM,strategic,1,0.2338912133891213,2.079441541679836
51999,URANIUM,strategic,1,0.2338912133891213,2.079441541679836
50991,URANIUM,strategic,1,0.2338912133891213,2.079441541679836
95032,URANIUM,strategic,1,0.2338912133891213,2.079441541679836
53965,URANIUM,strategic,1,0.2338912133891213,2.079441541679836
56674,URANIUM,strategic,1,0.2338912133891213,2.079441541679836
53971,URANIUM,strategic,1,0.2338912133891213,2.079441541679836
72437,URANIUM,strategic,1,0.2338912133891213,2.079441541679836
46255,URANIUM,strategic,1,0.2338912133891213,2.079441541679836
54658,URANIUM,strategic,1,0.2338912133891213,2.079441541679836
59023,URANIUM,strategic,1,0.2338912133891213,2.079441541679836
55672,URANIUM,strategic,1,0.2338912133891213,2.079441541679836
52006,URANIUM,strategic,1,0.209205020920502,1.9459101490553128
54639,URANIUM,strategic,1,0.209205020920502,1.9459101490553128
55361,URANIUM,strategic,1,0.209205020920502,1.9459101490553128
60374,URANIUM,strategic,1,0.209205020920502,1.9459101490553128
65712,URANIUM,strategic,1,0.209205020920502,1.9459101490553128
58356,URANIUM,strategic,1,0.209205020920502,1.9459101490553128
53993,URANIUM,strategic,1,0.209205020920502,1.9459101490553128
56013,URANIUM,strategic,1,0.209205020920502,1.9459101490553128
137807,URANIUM,strategic,1,0.209205020920502,1.9459101490553128
62398,URANIUM,strategic,1,0.209205020920502,1.9459101490553128
56628,URANIUM,strategic,1,0.209205020920502,1.9459101490553128
56665,URANIUM,strategic,1,0.209205020920502,1.9459101490553128
63373,URANIUM,strategic,1,0.209205020920502,1.9459101490553128
60380,URANIUM,strategic,1,0.209205020920502,1.9459101490553128
52987,URANIUM,strategic,1,0.209205020920502,1.9459101490553128
53674,URANIUM,strategic,1,0.209205020920502,1.9459101490553128
59697,URANIUM,strategic,1,0.209205020920502,1.9459101490553128
49996,URANIUM,strategic,1,0.209205020920502,1.9459101490553128
81806,URANIUM,strategic,1,0.209205020920502,1.9459101490553128
64714,URANIUM,strategic,1,0.209205020920502,1.9459101490553128
60711,URANIUM,strategic,1,0.209205020920502,1.9459101490553128
43582,URANIUM,strategic,1,0.209205020920502,1.9459101490553128
67746,URANIUM,strategic,1,0.209205020920502,1.9459101490553128
61363,URANIUM,strategic,1,0.209205020920502,1.9459101490553128
85819,URANIUM,strategic,1,0.209205020920502,1.9459101490553128
59709,URANIUM,strategic,1,0.209205020920502,1.9459101490553128
52318,URANIUM,strategic,1,0.209205020920502,1.9459101490553128
57368,URANIUM,strategic,1,0.209205020920502,1.9459101490553128
62383,URANIUM,strategic,1,0.209205020920502,1.9459101490553128
60365,URANIUM,strategic,1,0.209205020920502,1.9459101490553128
58384,URANIUM,strategic,1,0.209205020920502,1.9459101490553128
46918,URANIUM,strategic,1,0.209205020920502,1.9459101490553128
47932,URANIUM,strategic,1,0.209205020920502,1.9459101490553128
84681,URANIUM,strategic,1,0.209205020920502,1.9459101490553128
65715,URANIUM,strategic,1,0.209205020920502,1.9459101490553128
60017,URANIUM,strategic,1,0.209205020920502,1.9459101490553128
53634,URANIUM,strategic,1,0.209205020920502,1.9459101490553128
55331,URANIUM,strategic,1,0.209205020920502,1.9459101490553128
71068,BISON,bonus,1,0.9917182448489972,1.8685079077795426
70401,BISON,bonus,1,0.9875723688097314,1.8606969885522915
71066,BISON,bonus,1,0.9865674920814774,1.8588037792803793
67047,BISON,bonus,1,0.9838839648207418,1.853747956462907
69395,BISON,bonus,1,0.9832180585470555,1.8524933747852539
68390,BISON,bonus,1,0.97927333016208,1.8450614220455515
68719,BISON,bonus,1,0.9734484910414698,1.8340873004239904
70068,BISON,bonus,1,0.9697817655157659,1.8271791110236038
67713,BISON,bonus,1,0.9626040498558038,1.8136561410348369
69391,BISON,bonus,1,0.9620208345432806,1.8125573508985495
62691,BISON,bonus,1,0.9582462755681483,1.805446000970568
69063,BISON,bonus,1,0.957933179984533,1.804856122187202
64366,BISON,bonus,1,0.9537484965659928,1.796972089026475
66038,BISON,bonus,1,0.9534220201143841,1.7963570004013056
67049,BISON,bonus,1,0.9533721291337666,1.7962630047255832
68730,BISON,bonus,1,0.9496781477876564,1.789303464775964
70072,BISON,bonus,1,0.9421445102941494,1.775109930431991
63693,BISON,bonus,1,0.9388616586980277,1.76892496773424
66040,BISON,bonus,1,0.937211717000032,1.7658164422475493
63691,BISON,bonus,1,0.9365551850236773,1.7645795219467866
68063,BISON,bonus,1,0.9269222996221168,1.7464309595960703
65033,BISON,bonus,1,0.9242344180894314,1.7413669332370132
63029,BISON,bonus,1,0.922028813561465,1.7372115270811033
68057,BISON,bonus,1,0.9179163952239823,1.7294636428803898
63354,BISON,bonus,1,0.9068381466208649,1.7085919853105986
62019,BISON,bonus,1,0.9066177292296524,1.7081767142260955
70075,BISON,bonus,1,0.905821559299656,1.7066767130308187
61352,BISON,bonus,1,0.899709957294042,1.6951623239938973
67392,BISON,bonus,1,0.896404302424784,1.688934399441306
61690,BISON,bonus,1,0.8952662798235778,1.6867903404939038
66048,BISON,bonus,1,0.8950027716332183,1.6862938854211704
63701,BISON,bonus,1,0.8929821162383165,1.6824869273919858
65708,BISON,bonus,1,0.8926844196283078,1.6819260606046094
65365,BISON,bonus,1,0.8899437455521587,1.6767625719633008
68734,BISON,bonus,1,0.8859890027428545,1.6693117518337397
66719,BISON,bonus,1,0.8753421006544585,1.649252760333444
56667,BISON,bonus,1,0.8728526995857214,1.6445626754182225
69743,BISON,bonus,1,0.8719899185975153,1.6429371775630384
65042,BISON,bonus,1,0.86781007578761,1.6350622642126242
64368,BISON,bonus,1,0.8663478566050006,1.632307411964335
73761,BISON,bonus,1,0.8646662256200744,1.6291391831825535
69401,BISON,bonus,1,0.864213164194294,1.6282856057556747
65048,BISON,bonus,1,0.8623279060205812,1.624733738990263
66728,BISON,bonus,1,0.8594860633993091,1.6193796466437762
63704,BISON,bonus,1,0.8593722241638861,1.6191651710867747
71417,BISON,bonus,1,0.8557526254302763,1.612345769571747
65723,BISON,bonus,1,0.8541097293625252,1.6092505182032941
67051,BISON,bonus,1,0.8539998273270165,1.6090434604152324
74100,BISON,bonus,1,0.8496659015464836,1.6008782514490139
66387,BISON,bonus,1,0.8457402159519285,1.5934821757341975
65052,BISON,bonus,1,0.8448097795616893,1.591729213652982
73096,BISON,bonus,1,0.8416030119766209,1.585687594861125
64709,BISON,bonus,1,0.8409408888282698,1.5844401406726059
73428,BISON,bonus,1,0.8406123576888805,1.583821180971664
68402,BISON,bonus,1,0.831483626227166,1.5666224554382913
71085,BISON,bonus,1,0.8305572548121393,1.5648771518574132
67066,BISON,bonus,1,0.8303611775803718,1.5645077381544625
72090,BISON,bonus,1,0.8268579186885866,1.5579075233924387
62698,BISON,bonus,1,0.8237958488795442,1.5521385183088061
64049,BISON,bonus,1,0.8198552132540149,1.5447142764155324
66054,BISON,bonus,1,0.8190694702755588,1.5432339198202136
72763,BISON,bonus,1,0.8088803774459342,1.5240374507658097
63709,BISON,bonus,1,0.8078996967727611,1.522189827379743
69746,BISON,bonus,1,0.8049574742214386,1.51664661709576
66725,BISON,bonus,1,0.8047004544817882,1.5161623864030898
64720,BISON,bonus,1,0.8043522814923563,1.5155064210361067
71759,BISON,bonus,1,0.8027188406398321,1.5124289834955917
65391,BISON,bonus,1,0.7968241975689899,1.5013233497371887
63377,BISON,bonus,1,0.7916372590314086,1.4915510464724393
70083,BISON,bonus,1,0.7898343689741524,1.4881543630020535
68405,BISON,bonus,1,0.7891827225841146,1.4869266472505194
62366,BISON,bonus,1,0.7874746300367318,1.4837085643184886
62710,BISON,bonus,1,0.7820468410133363,1.4734824935815038
62036,BISON,bonus,1,0.7818039756842257,1.4730249301013572
63718,BISON,bonus,1,0.7759026747896277,1.4619067528604448
57338,BISON,bonus,1,0.7715286654845724,1.4536660256757792
54996,BISON,bonus,1,0.7713944730892308,1.4534132043297
80470,BISON,bonus,1,0.770622283022079,1.4519583817094663
68742,BISON,bonus,1,0.7704978851676582,1.4517240134881972
62027,BISON,bonus,1,0.7662110162647241,1.4436474606869316
66399,BISON,bonus,1,0.7646518718919572,1.4407099993050754
67403,BISON,bonus,1,0.7632162618058775,1.4380052791643883
62378,BISON,bonus,1,0.7632030585767701,1.4379804039980493
72431,BISON,bonus,1,0.7629955832838685,1.437589516103873
63038,BISON,bonus,1,0.7595932914510188,1.4311795254427362
64724,BISON,bonus,1,0.7506586972966904,1.4143465587532429
80473,BISON,bonus,1,0.7501019225796586,1.4132975832649932
68745,BISON,bonus,1,0.7466922603783243,1.4068737066718209
63386,BISON,bonus,1,0.7466229959752202,1.4067432110533207
65062,BISON,bonus,1,0.7415808964611581,1.397243787610097
71427,BISON,bonus,1,0.7384594780277867,1.3913629684474875
65733,BISON,bonus,1,0.7342013731573237,1.3833406076992776
67741,BISON,bonus,1,0.731217615613897,1.3777191446008452
62715,BISON,bonus,1,0.7268815017244604,1.3695498131906017
66736,BISON,bonus,1,0.7205395688688019,1.3576014759004758
70421,BISON,bonus,1,0.7200086092082458,1.3566011365313646
79467,BISON,bonus,1,0.7185616482304462,1.3538750310676377
64057,BISON,bonus,1,0.7184409826262861,1.3536476944857727
60687,BISON,bonus,1,0.7181061895204865,1.353016937106036
67408,BISON,bonus,1,0.7124437571675091,1.3423487933120617
79135,BISON,bonus,1,0.7058141218731194,1.329858418467236
62719,BISON,bonus,1,0.6982461690588517,1.3156002333242087
65400,BISON,bonus,1,0.6929362995702434,1.3055963255155927
71095,BISON,bonus,1,0.6928433997818796,1.3054213003251949
61712,BISON,bonus,1,0.69241768545357,1.3046192454154926
61360,BISON,bonus,1,0.686988293064818,1.2943901539038458
72099,BISON,bonus,1,0.6802144512868349,1.2816280909562583
73104,BISON,bonus,1,0.6728055038150672,1.267669475283038
66404,BISON,bonus,1,0.672155359703048,1.2664445898554568
69758,BISON,bonus,1,0.6639005454453317,1.2508923430462635
61717,BISON,bonus,1,0.6618421815630993,1.247014341419554
63725,BISON,bonus,1,0.6576597138085701,1.2391344826172646
64729,BISON,bonus,1,0.6555537734342707,1.2351668458608185
70762,BISON,bonus,1,0.6541876037928532,1.2325929530046964
66071,BISON,bonus,1,0.6345678234408313,1.195628866733272
64733,BISON,bonus,1,0.628770141047859,1.184705908968046
62722,BISON,bonus,1,0.6171094524642803,1.1627369220041734
61384,BISON,bonus,1,0.6152097947062125,1.1591579261135205
64062,BISON,bonus,1,0.6124232298085522,1.1539079781818955
65739,BISON,bonus,1,0.6090654232531713,1.1475817987360044
61379,BISON,bonus,1,0.6086725740295708,1.1468416623872641
70430,BISON,bonus,1,0.6019744134345523,1.134222184408827
61722,BISON,bonus,1,0.6004884163321307,1.1314225340504915
63731,BISON,bonus,1,0.5996878272264854,1.1299142070336714
55328,BISON,bonus,1,0.598813864095039,1.1282676417811965
63060,BISON,bonus,1,0.5892508131132841,1.1102506489726511
58015,BISON,bonus,1,0.5816708471358397,1.0959698307729795
60381,BISON,bonus,1,0.581543530308521,1.0957299631442714
76126,BISON,bonus,1,0.5814711766577813,1.0955936473170802
59353,BISON,bonus,1,0.5742742238017744,1.0820344340390684
60718,BISON,bonus,1,0.5725747851082635,1.078832655153024
70433,BISON,bonus,1,0.5700364515206652,1.0740503803245511
60712,BISON,bonus,1,0.5670999065423538,1.0685178667096862
59040,BISON,bonus,1,0.5667393024619898,1.0678384809012194
65408,BISON,bonus,1,0.5631853832353055,1.0611428209835336
64737,BISON,bonus,1,0.5562423174910499,1.048061936460156
69428,BISON,bonus,1,0.5539589257134259,1.043759977460352
75124,BISON,bonus,1,0.5502810422611362,1.0368307662873701
62393,BISON,bonus,1,0.5457561062568062,1.0283056899697094
63064,BISON,bonus,1,0.5430990044737545,1.0232996533180017
72075,BISON,bonus,1,0.5424531339198094,1.0220828193653353
72073,BISON,bonus,1,0.5396825769241183,1.0168630306637725
49986,BISON,bonus,1,0.5372254488626758,1.0122337487853066
74119,BISON,bonus,1,0.5367770802622401,1.0113890127418579
70770,BISON,bonus,1,0.533163443464942,1.004580843642495
59377,BISON,bonus,1,0.5239776798868705,0.9872746683807646
71074,BISON,bonus,1,0.5222572379900607,0.9840333190099959
68426,BISON,bonus,1,0.5222037602853058,0.9839325658692015
74792,BISON,bonus,1,0.5208048730743183,0.9812970324114786
61390,BISON,bonus,1,0.5182428766254711,0.9764701762457563
72414,BISON,bonus,1,0.517796250128899,0.9756287223632873
71776,BISON,bonus,1,0.5170352085029947,0.9741949036450686
64406,BISON,bonus,1,0.5164034473654955,0.9730046521350894
71411,BISON,bonus,1,0.5155089563758899,0.9713194119583111
59715,BISON,bonus,1,0.513996479485746,0.9684698731129361
69766,BISON,bonus,1,0.5110301423417103,0.9628812304199525
60020,BISON,bonus,1,0.510907976190173,0.9626510667747004
72782,BISON,bonus,1,0.5101756997791776,0.9612714423372751
73089,BISON,bonus,1,0.5054692318324868,0.952404355953342
73788,BISON,bonus,1,0.5051335461883232,0.9517719170122169
60052,BISON,bonus,1,0.49408326256057605,0.9309529460547943
62062,BISON,bonus,1,0.4895572303925044,0.9224258045411738
63401,BISON,bonus,1,0.4886889942012565,0.9207900289666551
71779,BISON,bonus,1,0.48387340618602587,0.9117173580371726
72751,BISON,bonus,1,0.4806606106019122,0.9056643823660463
78787,BISON,bonus,1,0.48031177153626753,0.9050071620972168
71414,BISON,bonus,1,0.480077912857409,0.9045665673389907
70773,BISON,bonus,1,0.475973538407379,0.8968338379944696
60723,BISON,bonus,1,0.4757147632916745,0.8963463001357284
76444,BISON,bonus,1,0.4750477252938003,0.8950895862654734
81801,BISON,bonus,1,0.4749379833444543,0.8948828300831698
67760,BISON,bonus,1,0.4748186058872513,0.8946579203977533
68763,BISON,bonus,1,0.47358148578931863,0.8923271596446961
74125,BISON,bonus,1,0.46953874781288085,0.8847105547361498
69435,BISON,bonus,1,0.46885188424882895,0.8834164890747218
75439,BISON,bonus,1,0.46562738544294596,0.877341464283199
158504,BISON,bonus,1,0.9797014272556165,1.8458679661359596
152478,BISON,bonus,1,0.9660023246358205,1.8200585634824253
154826,BISON,bonus,1,0.964803814956481,1.8178005455847033
151139,BISON,bonus,1,0.9599831374117538,1.808718285872675
149467,BISON,bonus,1,0.954791502996182,1.7989371354732457
156825,BISON,bonus,1,0.9425222114470513,1.7758215274911928
156163,BISON,bonus,1,0.9386829425535731,1.7685882626915133
148462,BISON,bonus,1,0.9369149237291379,1.7652572773704065
155158,BISON,bonus,1,0.9368532880460403,1.7651411544237403
157165,BISON,bonus,1,0.9345974824859699,1.760891168448469
157162,BISON,bonus,1,0.9330554481918122,1.7579859428210645
155831,BISON,bonus,1,0.9293943784334681,1.7510884090074819
157169,BISON,bonus,1,0.9262779936755736,1.7452170733972496
152474,BISON,bonus,1,0.9259474321358744,1.7445942883786498
151806,BISON,bonus,1,0.9225075702942545,1.738113515016561
157837,BISON,bonus,1,0.9210822423871236,1.7354281667211695
152146,BISON,bonus,1,0.9193354829143877,1.7321372344738581
158510,BISON,bonus,1,0.9116286241920217,1.7176173476257948
153816,BISON,bonus,1,0.9038562945530336,1.7029741121689872
159184,BISON,bonus,1,0.8995825031530057,1.6949221976632052
150466,BISON,bonus,1,0.8907023515593923,1.6781918019237938
153477,BISON,bonus,1,0.8876872891400125,1.6725113597687828
151134,BISON,bonus,1,0.8792520096549411,1.6566191126072278
158167,BISON,bonus,1,0.8763931339069418,1.6512329294852828
150134,BISON,bonus,1,0.8704751312540834,1.6400832857741985
156837,BISON,bonus,1,0.8699744295616363,1.639139953064872
154818,BISON,bonus,1,0.8669056035081559,1.6333582190720575
156159,BISON,bonus,1,0.8653702081479656,1.6304655013383968
153487,BISON,bonus,1,0.8653687627841236,1.630462778241971
155820,BISON,bonus,1,0.8619763208604215,1.6240713450205693
154480,BISON,bonus,1,0.8432306786261297,1.588754153679525
155491,BISON,bonus,1,0.8320418548960046,1.567674170202876
148455,BISON,bonus,1,0.8163068269709886,1.5380290406821666
149127,BISON,bonus,1,0.8082616622062464,1.522871778006639
148795,BISON,bonus,1,0.7702721230814494,1.4512986728838833
158178,BISON,bonus,1,0.7512788476915851,1.4155149353755523
133039,BISON,bonus,1,0.5458903491018068,1.0285586063640264
145433,BISON,bonus,1,0.5418670368044731,1.0209785998508445
147108,BISON,bonus,1,0.5418122658509884,1.020875410201753
150125,BISON,bonus,1,0.5417172179041544,1.0206963378348022
144103,BISON,bonus,1,0.5410514909446632,1.0194420939889322
134042,BISON,bonus,1,0.5402489953208593,1.0179301750510796
141422,BISON,bonus,1,0.536566314382366,1.010991925311369
144771,BISON,bonus,1,0.5354488777931823,1.0088866508513938
148447,BISON,bonus,1,0.5340846374151162,1.0063163927687342
135045,BISON,bonus,1,0.5336317617289299,1.0054631652792276
147780,BISON,bonus,1,0.5330093272914616,1.0042904854718049
143770,BISON,bonus,1,0.5323545954867865,1.003056956733031
143098,BISON,bonus,1,0.5306071661900883,0.9997647625230325
144428,BISON,bonus,1,0.5300955047928549,0.9988007814952253
134379,BISON,bonus,1,0.5295097377013394,0.9976971837526791
157174,BISON,bonus,1,0.5270523739179593,0.9930674577690357
131706,BISON,bonus,1,0.5269412660038412,0.992858128079854
138062,BISON,bonus,1,0.5262801871689874,0.991612641400324
141077,BISON,bonus,1,0.525758363013129,0.9906295135176678
143087,BISON,bonus,1,0.5251757979075,0.9895319483850912
136722,BISON,bonus,1,0.5249756208817796,0.9891548105825508
147441,BISON,bonus,1,0.5246781645490431,0.9885943964827
154813,BISON,bonus,1,0.5246272456080928,0.9884984641077005
146436,BISON,bonus,1,0.5244983482022911,0.988255618635288
144096,BISON,bonus,1,0.5243031776826024,0.9878879131973078
148785,BISON,bonus,1,0.5234725346134964,0.9863229638698282
141750,BISON,bonus,1,0.5223621851415254,0.9842310416904274
149452,BISON,bonus,1,0.5213516960154914,0.9823272585409281
130035,BISON,bonus,1,0.5209249924071909,0.9815233398065413
155817,BISON,bonus,1,0.5200040801581015,0.9797883214111774
145770,BISON,bonus,1,0.5189702837150616,0.9778406267773954
151127,BISON,bonus,1,0.5185800230397438,0.9771053673090444
138078,BISON,bonus,1,0.5185451805808454,0.9770397233704518
138734,BISON,bonus,1,0.5183726649765558,0.9767147002781584
161181,BISON,bonus,1,0.9987075965085548,1.8816759959583984
160177,BISON,bonus,1,0.9953640323788645,1.87537664954746
172906,BISON,bonus,1,0.9853595565296471,1.856528002837063
158842,BISON,bonus,1,0.9816650890723984,1.8495675470436503
177927,BISON,bonus,1,0.9791106674731404,1.844754962056743
170222,BISON,bonus,1,0.9723842116749751,1.8320821753097354
159509,BISON,bonus,1,0.9718547480782704,1.8310846545569532
175917,BISON,bonus,1,0.9704809719667638,1.8284964309483172
179270,BISON,bonus,1,0.9637829158173455,1.8158771497476272
175915,BISON,bonus,1,0.9636592016016708,1.8156440695163936
167875,BISON,bonus,1,0.9632488057209327,1.8148708748899065
176920,BISON,bonus,1,0.9612929095044582,1.8111859245394677
172568,BISON,bonus,1,0.9602939063139113,1.8093037811383568
167878,BISON,bonus,1,0.9596055325801268,1.8080068702848175
179268,BISON,bonus,1,0.9582037357875444,1.8053658551130711
169884,BISON,bonus,1,0.957831960028287,1.804665421622367
173909,BISON,bonus,1,0.9577949687790045,1.8045957293166819
172229,BISON,bonus,1,0.9532409546852215,1.7960158692558874
173903,BISON,bonus,1,0.952627609430966,1.7948603136642503
162185,BISON,bonus,1,0.9519110738134258,1.7935103452187282
158835,BISON,bonus,1,0.9516300648197777,1.7929809182578813
159852,BISON,bonus,1,0.9507532767996387,1.7913290308546246
174241,BISON,bonus,1,0.9469086039982678,1.7840855849767696
174908,BISON,bonus,1,0.9445328896468413,1.7796096882711605
179266,BISON,bonus,1,0.943617572897427,1.7778852119169926
176582,BISON,bonus,1,0.943330511814817,1.7773443826909574
167203,BISON,bonus,1,0.9421153065195805,1.7750549098954078
177923,BISON,bonus,1,0.9402702880198172,1.7715788555373069
169212,BISON,bonus,1,0.9398457961636982,1.770779103791387
177929,BISON,bonus,1,0.9397737923242031,1.7706434470160706
170888,BISON,bonus,1,0.9383227544867686,1.7679096606615
171564,BISON,bonus,1,0.9369499581166355,1.7653232829065895
180942,BISON,bonus,1,0.9363374340481511,1.764169274446528
171891,BISON,bonus,1,0.9340775812896488,1.7599116634627543
168208,BISON,bonus,1,0.9321736463735271,1.7563246093147478
160508,BISON,bonus,1,0.9304928888775826,1.7531580262049102
177921,BISON,bonus,1,0.9286938931365202,1.7497686797096166
182290,BISON,bonus,1,0.9252251857215787,1.743233560669764
173231,BISON,bonus,1,0.924530747157268,1.7419252235456564
181288,BISON,bonus,1,0.924429659628375,1.74173477247679
174582,BISON,bonus,1,0.9238873540063042,1.7407130570732514
179934,BISON,bonus,1,0.923856012007723,1.7406540080768464
173236,BISON,bonus,1,0.9232509782092967,1.739514111445952
159836,BISON,bonus,1,0.9225236401079744,1.7381437908896875
174906,BISON,bonus,1,0.9223854883291894,1.7378835099804248
175910,BISON,bonus,1,0.9212375964374104,1.7357208570782676
169880,BISON,bonus,1,0.9199365609995054,1.7332696784561814
166541,BISON,bonus,1,0.9195917926472975,1.7326201274986268
178926,BISON,bonus,1,0.9128011115467292,1.719826338906734
175919,BISON,bonus,1,0.9081068125979788,1.7109821791754767
166874,BISON,bonus,1,0.9076500595228296,1.7101216466021438
163524,BISON,bonus,1,0.9054528022883948,1.705981966925975
178604,BISON,bonus,1,0.9026476743701414,1.700697045866091
176592,BISON,bonus,1,0.9002410690967926,1.6961629500021604
168882,BISON,bonus,1,0.8998426854658738,1.6954123867115327
168540,BISON,bonus,1,0.8985525069933443,1.6929816628446777
164531,BISON,bonus,1,0.8979418575047178,1.691831186133206
166536,BISON,bonus,1,0.8956313994425319,1.6874782336737588
171226,BISON,bonus,1,0.8831043095690378,1.6638769281287658
176261,BISON,bonus,1,0.8811056662140677,1.6601114412541225
166531,BISON,bonus,1,0.8810009971321294,1.6599142424626325
161176,BISON,bonus,1,0.8791085295290391,1.6563487929779088
164528,BISON,bonus,1,0.8509493336117406,1.6032962649401172
177931,BISON,bonus,1,0.8493473120041176,1.600278021929728
180612,BISON,bonus,1,0.8455970480725767,1.5932124443840647
180951,BISON,bonus,1,0.842780079050491,1.5879052144310253
163855,BISON,bonus,1,0.8376069709983054,1.5781589680968924
179930,BISON,bonus,1,0.8336950323317431,1.5707887918887562
162852,BISON,bonus,1,0.8336345605719283,1.5706748617984763
182275,BISON,bonus,1,0.833112007261091,1.5696903601722276
180935,BISON,bonus,1,0.8295712016535709,1.5630194065938288
166199,BISON,bonus,1,0.8228205294417492,1.5503009956049838
180602,BISON,bonus,1,0.8221447437321906,1.549027800858614
185295,BISON,bonus,1,0.8160554400086105,1.5375554222624837
163183,BISON,bonus,1,0.8159562731443114,1.5373685897668363
184305,BISON,bonus,1,0.8083846667673248,1.5231035212334183
185959,BISON,bonus,1,0.8010805399563877,1.5093423899295668
165535,BISON,bonus,1,0.7928664897155117,1.4938669434009177
181943,BISON,bonus,1,0.7822246641983531,1.4738175162695302
165532,BISON,bonus,1,0.7670116843550289,1.4451559365125415
185626,BISON,bonus,1,0.7654761103695692,1.4422628822450487
160849,BISON,bonus,1,0.7651675447392908,1.4416815379907626
177600,BISON,bonus,1,0.759158554333188,1.430360471404385
180610,BISON,bonus,1,0.7584722293464924,1.4290674204342277
183951,BISON,bonus,1,0.7483869528590328,1.4100665435913224
182283,BISON,bonus,1,0.7069114682454933,1.3319258425285805
182628,BISON,bonus,1,0.6917956105305731,1.303447242941032
191333,BISON,bonus,1,0.6874624062193646,1.2952833932384682
160191,BISON,bonus,1,0.6798629873261954,1.2809659253290557
184637,BISON,bonus,1,0.6691207557054595,1.2607273309486866
190329,BISON,bonus,1,0.6650671245460864,1.2530902030502513
185635,BISON,bonus,1,0.6348290610804399,1.196121044039775
185293,BISON,bonus,1,0.6246845488716256,1.1770085658295137
191673,BISON,bonus,1,0.5696569265014902,1.0733353470622395
181952,BISON,bonus,1,0.5493880536573719,1.0351483566376851
192341,BISON,bonus,1,0.5217227661768906,0.9830263626701595
167536,BISON,bonus,1,0.5012631445161829,0.9444799973909396
172559,BISON,bonus,1,0.5005749449874582,0.9431834147434631
171219,BISON,bonus,1,0.4939976144824638,0.9307915832417801
178254,BISON,bonus,1,0.48943493270918037,0.922195393087219
198708,BISON,bonus,1,0.8703594729989047,1.6398653831450294
199713,BISON,bonus,1,0.8594667324567888,1.6193432267341643
197035,BISON,bonus,1,0.8494516634133259,1.6004746222189927
197704,BISON,bonus,1,0.8412383501458106,1.5850005641639349
190989,BISON,bonus,1,0.8238412251403407,1.552224008155719
189648,BISON,bonus,1,0.8201950118222916,1.5453544641937504
200381,BISON,bonus,1,0.7974897619494968,1.5025772872807714
192331,BISON,bonus,1,0.7963709099051037,1.5004693460728749
194352,BISON,bonus,1,0.7663573979649683,1.443923246944438
195356,BISON,bonus,1,0.7410422210079514,1.3962289115224256
195689,BISON,bonus,1,0.7240062422595188,1.3641327627951378
196021,BISON,bonus,1,0.7190860599439097,1.3548630339642254
195694,BISON,bonus,1,0.6948352678731397,1.3091740224579402
197023,BISON,bonus,1,0.6900015513253143,1.3000671969848907
199708,BISON,bonus,1,0.6886941640319221,1.2976040513310643
199040,BISON,bonus,1,0.6849257853716013,1.290504345248517
196696,BISON,bonus,1,0.6710703849072669,1.2644004741093067
194014,BISON,bonus,1,0.6676188605073587,1.2578977282376904
198371,BISON,bonus,1,0.6160325468150453,1.1607080087028885
195348,BISON,bonus,1,0.5501875622813657,1.0366546480039394
192672,BISON,bonus,1,0.5445635794382896,1.0260589439098795
194012,BISON,bonus,1,0.4853902741455287,0.9145751697512392
193010,BISON,bonus,1,0.4829191788995576,0.9099195733980634
194689,BISON,bonus,1,0.46182193156351614,0.8701719076940156
190655,BISON,bonus,1,0.29684858898469946,0.5593585979547877
197692,BISON,bonus,1,0.27682780068021867,0.5216390041147637
194344,BISON,bonus,1,0.27460788019869975,0.5174566263958353
201054,BISON,bonus,1,0.26442984777039424,0.49828099537433584
190316,BISON,bonus,1,0.2589451212053971,0.48794765308985744
191999,BISON,bonus,1,0.2530262920802725,0.4767964522873277
194681,BISON,bonus,1,0.25233993854412956,0.4755033475294005
197354,BISON,bonus,1,0.25211535160200105,0.4750802209216953
188973,BISON,bonus,1,0.25142563755275893,0.47378078488513575
190312,BISON,bonus,1,0.25022527278033124,0.47151927195231524
192668,BISON,bonus,1,0.24618921476730446,0.4639152522378631
193671,BISON,bonus,1,0.2395379716314554,0.4513841677570725
187294,BISON,bonus,1,0.23937424822941628,0.4510757093620731
188299,BISON,bonus,1,0.23900834575067564,0.4503863412576181
193330,BISON,bonus,1,0.23744290613590274,0.44743701950503245
188639,BISON,bonus,1,0.2361400596899585,0.4449824289050241
188971,BISON,bonus,1,0.22960076395918647,0.4326622557323564
193332,BISON,bonus,1,0.2264599323013612,0.4267448616392105
190649,BISON,bonus,1,0.2258773648757656,0.42564729213576713
198699,BISON,bonus,1,0.22490656107306412,0.4238182769851471
141506,IVORY,luxury,1,1.0,1.4273676425599968
142510,IVORY,luxury,1,0.9989250143888845,1.4258332492323273
143182,IVORY,luxury,1,0.9981198429311559,1.4246839783029364
140499,IVORY,luxury,1,0.9979811761807639,1.4244860506894215
138155,IVORY,luxury,1,0.9971371547093071,1.4232813267370057
154569,IVORY,luxury,1,0.9969330076386967,1.4229899350199737
154573,IVORY,luxury,1,0.9963397795137943,1.4221431838939826
143514,IVORY,luxury,1,0.9958595669323528,1.4214577468302603
150888,IVORY,luxury,1,0.9951265447668731,1.420411459039879
149548,IVORY,luxury,1,0.9943227685069629,1.4192641795624676
139159,IVORY,luxury,1,0.9940096586565269,1.4188172585429035
145528,IVORY,luxury,1,0.9939849862855749,1.418782042144679
146533,IVORY,luxury,1,0.9932839474717562,1.417781406166636
142179,IVORY,luxury,1,0.9931110198900488,1.4175345759534703
156244,IVORY,luxury,1,0.9930152356729717,1.4173978572271362
126762,IVORY,luxury,1,0.9929449511523221,1.4172975357917532
153897,IVORY,luxury,1,0.9926714481231316,1.416907148033305
150220,IVORY,luxury,1,0.9924600139510512,1.416605354986471
144518,IVORY,luxury,1,0.9923226235407256,1.4164092491719285
140502,IVORY,luxury,1,0.9915833202222955,1.4153539959041699
151560,IVORY,luxury,1,0.9914672366771912,1.4151883026937506
152958,IVORY,luxury,1,0.9905170569292983,1.4138320524796286
143185,IVORY,luxury,1,0.9902491502837046,1.4134496527849847
151220,IVORY,luxury,1,0.9900359373001155,1.4131453207306681
142507,IVORY,luxury,1,0.989949487961663,1.4130219262528896
148544,IVORY,luxury,1,0.9892532823961846,1.4120281890685864
143846,IVORY,luxury,1,0.9892180415292189,1.4119778876035487
154241,IVORY,luxury,1,0.9891066503600325,1.411818892110964
128103,IVORY,luxury,1,0.9877599508123208,1.4098966647071571
150216,IVORY,luxury,1,0.9876752474181003,1.409775762323368
145531,IVORY,luxury,1,0.9870771670860463,1.4089220853425555
144851,IVORY,luxury,1,0.9867617855341896,1.4084719217833086
152566,IVORY,luxury,1,0.9864824474473033,1.4080732052867804
138487,IVORY,luxury,1,0.9862825914069799,1.4077879384221863
155245,IVORY,luxury,1,0.9860347223235512,1.407434139577052
146536,IVORY,luxury,1,0.9854632814469352,1.40661848673559
139491,IVORY,luxury,1,0.9852117742983946,1.4062594950555234
150892,IVORY,luxury,1,0.9846678001006796,1.4054830471005297
155571,IVORY,luxury,1,0.9827626788164945,1.4027637498777314
146257,IVORY,luxury,1,0.9826014090420251,1.4025335595725386
118721,IVORY,luxury,1,0.9823780393108233,1.4022147301653212
141501,IVORY,luxury,1,0.9823771710185866,1.402213490798207
144526,IVORY,luxury,1,0.9823687809923586,1.402201515195808
127094,IVORY,luxury,1,0.982320568989743,1.402132699228076
154564,IVORY,luxury,1,0.9798500809646193,1.3986064191526588
118724,IVORY,luxury,1,0.9786283782900891,1.3968626075027057
143174,IVORY,luxury,1,0.9785946543819503,1.3968144712866521
147598,IVORY,luxury,1,0.9784505079160809,1.3966087221369425
155248,IVORY,luxury,1,0.9781943466582652,1.3962430873593832
152892,IVORY,luxury,1,0.9776073526528295,1.3954052345769743
120395,IVORY,luxury,1,0.9762689822582188,1.3934948958875941
145523,IVORY,luxury,1,0.9757229215660638,1.3927154697502753
145198,IVORY,luxury,1,0.9754857680123107,1.3923769658421772
150548,IVORY,luxury,1,0.9751867615705387,1.3919501754884822
128771,IVORY,luxury,1,0.975162061310976,1.391914919283122
151564,IVORY,luxury,1,0.9748288747043774,1.3914393414700355
149543,IVORY,luxury,1,0.9739905405511778,1.3902427353780786
140159,IVORY,luxury,1,0.9733493300041509,1.3893274959787638
144179,IVORY,luxury,1,0.9730806443950547,1.3889439844214229
151288,IVORY,luxury,1,0.9728258134650283,1.3885802485028458
146595,IVORY,luxury,1,0.972570783616615,1.3882162286557747
119731,IVORY,luxury,1,0.9724676663616422,1.3880690430317422
151887,IVORY,luxury,1,0.9719186919598336,1.387285457976755
145183,IVORY,luxury,1,0.9718422008318692,1.3871762774675829
142182,IVORY,luxury,1,0.9705703211005535,1.3853608450067671
147938,IVORY,luxury,1,0.9700478794911085,1.3846151318443394
125757,IVORY,luxury,1,0.9696701882357923,1.3840760297986154
138819,IVORY,luxury,1,0.9692193225887736,1.3834324814261465
133462,IVORY,luxury,1,0.9689156343363403,1.38299900843506
119723,IVORY,luxury,1,0.9682393641732181,1.3820337262812645
155576,IVORY,luxury,1,0.9667958245857634,1.3799732731102508
152895,IVORY,luxury,1,0.9655588388127853,1.3782076469503712
152570,IVORY,luxury,1,0.9654903818265729,1.3781099340677145
142502,IVORY,luxury,1,0.9653945943148264,1.3779732106386955
129445,IVORY,luxury,1,0.9644115654287925,1.3765700728217423
130449,IVORY,luxury,1,0.9643739286771433,1.3765163515625845
131454,IVORY,luxury,1,0.9643118077585718,1.3764276825404327
155903,IVORY,luxury,1,0.9642352177167253,1.37631836084537
138827,IVORY,luxury,1,0.9636498562070871,1.3754828382249962
137147,IVORY,luxury,1,0.9632131653607454,1.374859522420624
154299,IVORY,luxury,1,0.9629261141786035,1.3744497965470646
143507,IVORY,luxury,1,0.9628550581013331,1.374348373821284
129439,IVORY,luxury,1,0.9623812334004889,1.373672054573898
123083,IVORY,luxury,1,0.9622800969986868,1.3735276963438856
148876,IVORY,luxury,1,0.9621937646279235,1.373404468821311
135472,IVORY,luxury,1,0.9619990471055597,1.3731265364806304
118718,IVORY,luxury,1,0.9606916116309707,1.3712603531123844
137487,IVORY,luxury,1,0.9600336425952233,1.3703211932875228
137814,IVORY,luxury,1,0.9600113673648191,1.3702893984759912
130445,IVORY,luxury,1,0.9599324557440381,1.370176763047991
120398,IVORY,luxury,1,0.9587525064262855,1.368492548541837
150621,IVORY,luxury,1,0.958211588774055,1.3677204633829112
130121,IVORY,luxury,1,0.9580307539265585,1.3674623466411244
134134,IVORY,luxury,1,0.9578923327983867,1.367264769619368
125090,IVORY,luxury,1,0.9575619729509993,1.3667932266142155
125419,IVORY,luxury,1,0.9573830725635907,1.3665378710467373
149216,IVORY,luxury,1,0.9573560916260381,1.366499359488883
166302,IVORY,luxury,1,0.9571169458289223,1.366158011928841
133459,IVORY,luxury,1,0.9570535097697854,1.3660674657253693
136140,IVORY,luxury,1,0.9567606790851051,1.3656494904110354
138147,IVORY,luxury,1,0.9563688328348073,1.3650901840671066
144194,IVORY,luxury,1,0.956106579650744,1.364715853907125
121400,IVORY,luxury,1,0.9558497196931318,1.3643492218322113
153559,IVORY,luxury,1,0.9557942246581285,1.3642700103427294
156907,IVORY,luxury,1,0.9552130146958393,1.3634404134821854
131457,IVORY,luxury,1,0.9552015347473842,1.3634240274430336
156910,IVORY,luxury,1,0.9547648817963477,1.3628007657289698
126099,IVORY,luxury,1,0.9542781512446005,1.362106025163839
151946,IVORY,luxury,1,0.9541845235742984,1.3619723846098528
149948,IVORY,luxury,1,0.9534301601185143,1.360895635078302
124759,IVORY,luxury,1,0.9528501080462374,1.3600676909456553
132794,IVORY,luxury,1,0.9527501042257644,1.3599249493188945
135139,IVORY,luxury,1,0.9524694606372522,1.3595243693992995
128777,IVORY,luxury,1,0.9523342946517592,1.3593314386436468
158317,IVORY,luxury,1,0.9519927316151452,1.358843904634875
146600,IVORY,luxury,1,0.9518989193269398,1.358710000564358
139487,IVORY,luxury,1,0.9517821589656315,1.3585433412923869
130117,IVORY,luxury,1,0.9512620269875226,1.3578009248093519
151547,IVORY,luxury,1,0.9511162192724197,1.357592804456053
148200,IVORY,luxury,1,0.9510189377874904,1.3574539485868786
136479,IVORY,luxury,1,0.9507179027843241,1.3570242627422708
151892,IVORY,luxury,1,0.9501021065074847,1.356145298699761
128765,IVORY,luxury,1,0.9497670403027962,1.3556670380202827
150607,IVORY,luxury,1,0.9493114250252103,1.3550167102068837
132463,IVORY,luxury,1,0.9492649422197927,1.3549503624290655
131786,IVORY,luxury,1,0.9491573195626783,1.3547967459664125
145262,IVORY,luxury,1,0.9491171388375097,1.3547393935367966
128432,IVORY,luxury,1,0.9490050288080002,1.3545793719704933
143237,IVORY,luxury,1,0.9486337893241069,1.3540494789364255
123741,IVORY,luxury,1,0.9484252611808213,1.3537518338438956
126095,IVORY,luxury,1,0.948316309173764,1.3535963199180008
126422,IVORY,luxury,1,0.9481855207296307,1.3534096374973812
124746,IVORY,luxury,1,0.9480576871162467,1.3532271726891083
156235,IVORY,luxury,1,0.9475251737997015,1.3524670835573531
145516,IVORY,luxury,1,0.9474083752951842,1.3523003698412253
120727,IVORY,luxury,1,0.9474058556439556,1.3522967733874744
119720,IVORY,luxury,1,0.9469601467473425,1.3516605855632147
141498,IVORY,luxury,1,0.9469168860638535,1.351598836918945
150948,IVORY,luxury,1,0.9468006855094168,1.3514329766938817
131449,IVORY,luxury,1,0.9464599926782591,1.3509466847830807
126436,IVORY,luxury,1,0.9459168730569948,1.350171456617813
165969,IVORY,luxury,1,0.9456150199976708,1.349740603111148
147540,IVORY,luxury,1,0.9455963971689941,1.3497140215980856
127089,IVORY,luxury,1,0.9455047190156883,1.3495831637100628
150881,IVORY,luxury,1,0.9453759647987268,1.3493993848674697
152898,IVORY,luxury,1,0.9451968635603307,1.3491437426129775
154897,IVORY,luxury,1,0.9450541975517343,1.3489401066113305
141830,IVORY,luxury,1,0.9449592460667218,1.3488045764948815
144511,IVORY,luxury,1,0.9448646969219784,1.3486696206635373
149280,IVORY,luxury,1,0.9447949979532785,1.3485701350226016
155588,IVORY,luxury,1,0.9447729419341068,1.3485386531047954
122404,IVORY,luxury,1,0.9447701687279266,1.3485346947364087
140826,IVORY,luxury,1,0.9438645170331967,1.3472420021615341
146603,IVORY,luxury,1,0.9437642908347792,1.3470989431210043
144522,IVORY,luxury,1,0.9437175986595331,1.3470322964967043
134127,IVORY,luxury,1,0.9435839700687843,1.3468415601594819
145584,IVORY,luxury,1,0.9433251612711653,1.3464721463849136
135468,IVORY,luxury,1,0.9432590174787394,1.346377735266555
142919,IVORY,luxury,1,0.9432385383460299,1.3463485041361463
135478,IVORY,luxury,1,0.9430798514959637,1.3461220005984127
153289,IVORY,luxury,1,0.9430689911663749,1.346106498979521
121070,IVORY,luxury,1,0.9425287372050033,1.3453353611475316
146923,IVORY,luxury,1,0.9423959495572332,1.345145825140139
124080,IVORY,luxury,1,0.9415735050392391,1.3439718993054677
134464,IVORY,luxury,1,0.9410781350890414,1.3432648271935697
144866,IVORY,luxury,1,0.9410188231999599,1.3431801676726263
129114,IVORY,luxury,1,0.9408391553488468,1.3429237166568229
132452,IVORY,luxury,1,0.9408280303966665,1.34290783732577
152238,IVORY,luxury,1,0.9405524558171668,1.3425144927156771
134795,IVORY,luxury,1,0.9403274780795319,1.3421933681016063
134138,IVORY,luxury,1,0.9403128596713471,1.3421725023451274
150951,IVORY,luxury,1,0.939707261471374,1.3413080946473135
136483,IVORY,luxury,1,0.9395074172937026,1.341022844715015
129777,IVORY,luxury,1,0.9393741967899482,1.3408326908655532
148941,IVORY,luxury,1,0.9393536435447725,1.3408033539498463
133789,IVORY,luxury,1,0.9390988382260218,1.340439654587824
141913,IVORY,luxury,1,0.9387714504473978,1.3399723537999002
142834,IVORY,luxury,1,0.9386161210382314,1.3397506425448367
147532,IVORY,luxury,1,0.9385018796801299,1.339587578801655
144241,IVORY,luxury,1,0.9384783338448607,1.339553970377358
147528,IVORY,luxury,1,0.9384428662428429,1.339503345279383
138499,IVORY,luxury,1,0.9384074603560331,1.3394528082713342
127774,IVORY,luxury,1,0.9378490439554648,1.3386557460686095
137142,IVORY,luxury,1,0.9373231137950365,1.3379050534819954
121737,IVORY,luxury,1,0.9370676275309832,1.337540382164704
145855,IVORY,luxury,1,0.936841493052839,1.3372176064634924
146195,IVORY,luxury,1,0.9367810570220289,1.33713134238566
146188,IVORY,luxury,1,0.9362631216758279,1.3363920612909574
154966,IVORY,luxury,1,0.9361773016949564,1.336269565134108
158993,IVORY,luxury,1,0.9358740259580096,1.3358366809518425
124091,IVORY,luxury,1,0.9356929007715913,1.3355781497913883
163958,IVORY,luxury,1,0.9356364702006592,1.3354976029537196
158983,IVORY,luxury,1,0.9355832541371667,1.335421644380969
138159,IVORY,luxury,1,0.9352585732275912,1.3349582072743482
130777,IVORY,luxury,1,0.9351084023710132,1.3347438591398606
148276,IVORY,luxury,1,0.9350996804309925,1.3347314097764145
126084,IVORY,luxury,1,0.934771333350855,1.3342627397182174
138479,IVORY,luxury,1,0.9344304278802593,1.3337761442940188
207499,IVORY,luxury,1,0.8408824737884382,1.2002493741759848
208844,IVORY,luxury,1,0.8401644765103446,1.1992245323349406
206493,IVORY,luxury,1,0.8396584509248323,1.1985022507769256
204482,IVORY,luxury,1,0.838874216637913,1.1973828647640004
208177,IVORY,luxury,1,0.8294824805524377,1.1839774600443675
203809,IVORY,luxury,1,0.8202969580960836,1.1708663967683095
203806,IVORY,luxury,1,0.8075711679175748,1.152702090811728
200119,IVORY,luxury,1,0.8004798353667643,1.1425801940740057
204832,IVORY,luxury,1,0.7812907637707512,1.1151904475354082
189758,IVORY,luxury,1,0.7770457943451754,1.1091313406083814
200787,IVORY,luxury,1,0.7698273048507428,1.0988279449149119
206833,IVORY,luxury,1,0.7596649842493446,1.0843226373431742
190068,IVORY,luxury,1,0.7593551311074758,1.083880364824803
185382,IVORY,luxury,1,0.7383295605418211,1.0538692699293974
189063,IVORY,luxury,1,0.7363710957047447,1.051073832160359
203823,IVORY,luxury,1,0.7327747067458891,1.0459404841740119
205825,IVORY,luxury,1,0.7309618551614976,1.0433528891900579
217902,IVORY,luxury,1,0.7282092587112445,1.0394239383433093
203146,IVORY,luxury,1,0.7272854420088336,1.0381053177315431
203819,IVORY,luxury,1,0.7238086528837003,1.0331426819714402
207825,IVORY,luxury,1,0.7178357516408934,1.0246171912867035
205174,IVORY,luxury,1,0.7131130762177444,1.017876225097855
204835,IVORY,luxury,1,0.706177180421934,1.0079761928365318
202130,IVORY,luxury,1,0.7046850521828584,1.005846386083408
203500,IVORY,luxury,1,0.7030553046834355,1.0035201468639774
208882,IVORY,luxury,1,0.7018637003291011,1.001819296404579
205475,IVORY,luxury,1,0.6953999679606979,0.9925932121525053
204172,IVORY,luxury,1,0.6936058094570713,0.9900322989567563
217907,IVORY,luxury,1,0.692321413135836,0.9881990007944287
208545,IVORY,luxury,1,0.6867935299304195,0.9803087118279327
215560,IVORY,luxury,1,0.6841210695977695,0.9764941442090933
209846,IVORY,luxury,1,0.6794666186610732,0.9698505590416411
218908,IVORY,luxury,1,0.6779090649669229,0.967627366497407
207540,IVORY,luxury,1,0.6749337638282662,0.9633805355000835
188051,IVORY,luxury,1,0.6733932806268772,0.9611817087240253
189081,IVORY,luxury,1,0.673132579428211,0.9608095938086139
203826,IVORY,luxury,1,0.6710466039429834,0.9578321522195177
208504,IVORY,luxury,1,0.6685320777205964,0.9542430137064201
206823,IVORY,luxury,1,0.6684187388864682,0.9540812381914234
203170,IVORY,luxury,1,0.6655000630436516,0.9499152319746514
214892,IVORY,luxury,1,0.6652291855977773,0.9495285918733628
205819,IVORY,luxury,1,0.6637038555025779,0.9473513940612557
189726,IVORY,luxury,1,0.6632308876328324,0.946676297821794
189053,IVORY,luxury,1,0.6625200075329507,0.9456616147685951
191071,IVORY,luxury,1,0.6616488827969682,0.9444182046534846
205181,IVORY,luxury,1,0.6585304120296603,0.9399670188065188
200449,IVORY,luxury,1,0.6581431756211346,0.9394142923743425
189395,IVORY,luxury,1,0.6580275703711868,0.939249281864128
209487,IVORY,luxury,1,0.6575859031838573,0.9386188630210465
189754,IVORY,luxury,1,0.6572178318467167,0.9380934920784262
224857,WHALES,luxury,1,0.9773917118256972,1.3194696215816997
225196,WHALES,luxury,1,0.9562132555462471,1.2908791994707505
224530,WHALES,luxury,1,0.9248902042323252,1.2485938106278953
225870,WHALES,luxury,1,0.9248902042323252,1.2485938106278953
223525,WHALES,luxury,1,0.9204997175379602,1.2426667559734823
221851,WHALES,luxury,1,0.9073772761855357,1.2249517661535663
220848,WHALES,luxury,1,0.8922112336728352,1.2044779624225812
223528,WHALES,luxury,1,0.8922112336728352,1.2044779624225812
82143,WHALES,luxury,1,0.8902402038237839,1.2018171180893549
222189,WHALES,luxury,1,0.8821042124332664,1.1908337194376009
81142,WHALES,luxury,1,0.8780920256403258,1.18541736082843
80140,WHALES,luxury,1,0.8599213167246093,1.1608873275200242
221522,WHALES,luxury,1,0.8500503998454411,1.1475618199158013
79139,WHALES,luxury,1,0.8364016589696847,1.1291363380123123
226538,WHALES,luxury,1,0.8311194470405718,1.122005475085378
220854,WHALES,luxury,1,0.8274514361831458,1.1170537459632175
78136,WHALES,luxury,1,0.8167414975180247,1.1025955785133406
226208,WHALES,luxury,1,0.7995191137777293,1.079345762077495
217833,WHALES,luxury,1,0.7970016466871132,1.075947240210678
219173,WHALES,luxury,1,0.7970016465935104,1.0759472400843164
77134,WHALES,luxury,1,0.7950257626405418,1.073279842823996
223174,WHALES,luxury,1,0.7922248023766794,1.0694986117841525
224177,WHALES,luxury,1,0.7916768483995296,1.0687588866928914
83481,WHALES,luxury,1,0.7905800226451604,1.0672781975016776
223847,WHALES,luxury,1,0.7898755323748081,1.0663271520649065
224174,WHALES,luxury,1,0.7870428240513622,1.0625030618849671
216828,WHALES,luxury,1,0.7834121569496167,1.057601745962146
224842,WHALES,luxury,1,0.7813004248522769,1.054750956874805
227542,WHALES,luxury,1,0.7765905532152392,1.04839273999561
225190,WHALES,luxury,1,0.7755993839207126,1.0470546845613513
225846,WHALES,luxury,1,0.7755967501039954,1.0470511289702018
80479,WHALES,luxury,1,0.7744452341395042,1.0454966092706595
219505,WHALES,luxury,1,0.7698040610350142,1.0392311338084035
226514,WHALES,luxury,1,0.7661409129134055,1.034285969266201
223531,WHALES,luxury,1,0.7604531504281968,1.0266076225456835
113639,WHALES,luxury,1,0.7602561080741236,1.0263416199625701
227881,WHALES,luxury,1,0.7600431581626118,1.0260541425478673
228885,WHALES,luxury,1,0.7586163064719413,1.0241279260386134
226198,WHALES,luxury,1,0.7574117396699411,1.0225017889455412
75128,WHALES,luxury,1,0.7567498262322998,1.0216082212400688
217827,WHALES,luxury,1,0.751856863525137,1.0150028356857563
48652,WHALES,luxury,1,0.7488825478379659,1.0109875788669695
225841,WHALES,luxury,1,0.7480622213754327,1.0098801572719704
227213,WHALES,luxury,1,0.7443879157238448,1.0049199303244816
224868,WHALES,luxury,1,0.740294729332138,0.9993942241458287
222196,WHALES,luxury,1,0.7370965214840495,0.9950767181308069
229224,WHALES,luxury,1,0.7361342190199275,0.9937776322444407
85155,WHALES,luxury,1,0.7331241992309404,0.9897141757207962
225517,WHALES,luxury,1,0.7330333725004716,0.9895915617526773
48990,WHALES,luxury,1,0.7327159830249412,0.9891630933620046
79477,WHALES,luxury,1,0.7315677700402353,0.9876130326081494
230228,WHALES,luxury,1,0.730844950276721,0.98663724278304
221848,WHALES,luxury,1,0.7298721443747338,0.9853239775004884
84488,WHALES,luxury,1,0.7297210762027545,0.9851200389911171
226173,WHALES,luxury,1,0.7295495210952719,0.9848884435965569
86163,WHALES,luxury,1,0.7287311809212074,0.9837837034446716
87503,WHALES,luxury,1,0.7287311809212074,0.9837837034446716
88843,WHALES,luxury,1,0.7287311809212074,0.9837837034446716
90183,WHALES,luxury,1,0.7287311809212074,0.9837837034446716
91523,WHALES,luxury,1,0.7287311809212074,0.9837837034446716
226529,WHALES,luxury,1,0.7276310469617446,0.9822985482537265
82815,WHALES,luxury,1,0.7236816863938061,0.9769670035832463
84825,WHALES,luxury,1,0.7236816863938061,0.9769670035832463
92195,WHALES,luxury,1,0.7236816863938061,0.9769670035832463
93535,WHALES,luxury,1,0.7236816863938061,0.9769670035832463
94875,WHALES,luxury,1,0.7236816863938061,0.9769670035832463
226185,WHALES,luxury,1,0.7230152216826885,0.9760672917647134
86166,WHALES,luxury,1,0.7205212256997118,0.9727004553458803
87506,WHALES,luxury,1,0.7205212256997118,0.9727004553458803
88846,WHALES,luxury,1,0.7205212256997118,0.9727004553458803
90186,WHALES,luxury,1,0.7205212256997118,0.9727004553458803
220173,WHALES,luxury,1,0.7196691682872096,0.971550197708366
96215,WHALES,luxury,1,0.7189762991771181,0.9706148405669499
228556,WHALES,luxury,1,0.7188634367386363,0.9704624789068699
83487,WHALES,luxury,1,0.7169518608993577,0.9678818961004121
97557,WHALES,luxury,1,0.7169518608993577,0.9678818961004121
227537,WHALES,luxury,1,0.7169518608993577,0.9678818961004121
91193,WHALES,luxury,1,0.7150175540586311,0.9652706269720701
49997,WHALES,luxury,1,0.7145768783959461,0.9646757251036836
125707,WHALES,luxury,1,0.7145768783959461,0.9646757251036836
224871,WHALES,luxury,1,0.7143996931920618,0.9644365292102708
226211,WHALES,luxury,1,0.7143996931920618,0.9644365292102708
227551,WHALES,luxury,1,0.7143996931920618,0.9644365292102708
82148,WHALES,luxury,1,0.712985551656599,0.9625274711141556
84828,WHALES,luxury,1,0.712985551656599,0.9625274711141556
92868,WHALES,luxury,1,0.712985551656599,0.9625274711141556
94208,WHALES,luxury,1,0.712985551656599,0.9625274711141556
95548,WHALES,luxury,1,0.712985551656599,0.9625274711141556
230567,WHALES,luxury,1,0.7098819824888014,0.9583377251106209
86169,WHALES,luxury,1,0.7086348272743734,0.956654094653902
87509,WHALES,luxury,1,0.7086348272743734,0.956654094653902
88849,WHALES,luxury,1,0.7086348272743734,0.956654094653902
219511,WHALES,luxury,1,0.7085792872191483,0.9565791168745021
119008,WHALES,luxury,1,0.7068269938826233,0.9542135617324088
110625,WHALES,luxury,1,0.7063193691121972,0.9535282801297766
111965,WHALES,luxury,1,0.7063193691121972,0.9535282801297766
224169,WHALES,luxury,1,0.7063154923588345,0.9535230466031401
114979,WHALES,luxury,1,0.7039400944213919,0.9503163147801574
82820,WHALES,luxury,1,0.7039127400904043,0.9502793870712073
90190,WHALES,luxury,1,0.7039127400904043,0.9502793870712073
225500,WHALES,luxury,1,0.7034408036225881,0.9496422838448731
124704,WHALES,luxury,1,0.7028545721217991,0.9488508849893033
91866,WHALES,luxury,1,0.7014166457758281,0.9469097179536465
81481,WHALES,luxury,1,0.6988328185496052,0.9434216114512309
84161,WHALES,luxury,1,0.6988328185496052,0.9434216114512309
226162,WHALES,luxury,1,0.6968561390201208,0.9407531401811663
115987,WHALES,luxury,1,0.6961630161352932,0.9398174404497742
117327,WHALES,luxury,1,0.6961630161352932,0.9398174404497742
118667,WHALES,luxury,1,0.6961630161352932,0.9398174404497742
120007,WHALES,luxury,1,0.6961630161352932,0.9398174404497742
228547,WHALES,luxury,1,0.6961630161352932,0.9398174404497742
222863,WHALES,luxury,1,0.6960272269775383,0.9396341282533102
224850,WHALES,luxury,1,0.6955272825613151,0.9389592149497518
86515,WHALES,luxury,1,0.6947253804580894,0.9378766658101749
85502,WHALES,luxury,1,0.6934090201286534,0.9360996100620087
86842,WHALES,luxury,1,0.6934090201286534,0.9360996100620087
88182,WHALES,luxury,1,0.6934090201286534,0.9360996100620087
112972,WHALES,luxury,1,0.6934090201286534,0.9360996100620087
114312,WHALES,luxury,1,0.6934090201286534,0.9360996100620087
92872,WHALES,luxury,1,0.6925505733066233,0.9349407268706281
229899,WHALES,luxury,1,0.691315795922479,0.9332738061961505
214150,WHALES,luxury,1,0.6905728632174413,0.9322708643690036
124683,WHALES,luxury,1,0.688129239231525,0.9289720289715637
241804,WHALES,luxury,1,1.0,1.3499902834080528
244484,WHALES,luxury,1,1.0,1.3499902834080528
246158,WHALES,luxury,1,0.9991307817362427,1.3488168590215228
240132,WHALES,luxury,1,0.9981973216087957,1.3475567096170855
242812,WHALES,luxury,1,0.9981973216087957,1.3475567096170855
243477,WHALES,luxury,1,0.9977562299622952,1.3469612461802485
245151,WHALES,luxury,1,0.9968342563223591,1.3457166032660943
17693,WHALES,luxury,1,0.9963189730694778,1.345020982890738
238458,WHALES,luxury,1,0.9951294209114075,1.3434151152168405
247495,WHALES,luxury,1,0.9931467638669754,1.3407385744409879
241139,WHALES,luxury,1,0.9922476584008256,1.339524803028176
245483,WHALES,luxury,1,0.9861395697654644,1.3312790258066547
249167,WHALES,luxury,1,0.9840260793593619,1.3284258630434866
81665,WHALES,luxury,1,0.9741828371923494,1.3151377156553197
230405,WHALES,luxury,1,0.9741828371923494,1.3151377156553197
247155,WHALES,luxury,1,0.9741828371923494,1.3151377156553197
249164,WHALES,luxury,1,0.9684564937591964,1.3074072855547572
232077,WHALES,luxury,1,0.9519346188908905,1.2851031397607364
81661,WHALES,luxury,1,0.9482706428193622,1.2801568575054496
247821,WHALES,luxury,1,0.9482706428193622,1.2801568575054496
233414,WHALES,luxury,1,0.9282865480271362,1.2531787955506053
14674,WHALES,luxury,1,0.9259251795379442,1.2499910031556043
16014,WHALES,luxury,1,0.9259251795379442,1.2499910031556043
17354,WHALES,luxury,1,0.9259251795379442,1.2499910031556043
18694,WHALES,luxury,1,0.9259251795379442,1.2499910031556043
20034,WHALES,luxury,1,0.9259251795379442,1.2499910031556043
21374,WHALES,luxury,1,0.9259251795379442,1.2499910031556043
22714,WHALES,luxury,1,0.9259251795379442,1.2499910031556043
24054,WHALES,luxury,1,0.9259251795379442,1.2499910031556043
25394,WHALES,luxury,1,0.9259251795379442,1.2499910031556043
26734,WHALES,luxury,1,0.9259251795379442,1.2499910031556043
28074,WHALES,luxury,1,0.9259251795379442,1.2499910031556043
29414,WHALES,luxury,1,0.9259251795379442,1.2499910031556043
30754,WHALES,luxury,1,0.9259251795379442,1.2499910031556043
32094,WHALES,luxury,1,0.9259251795379442,1.2499910031556043
33434,WHALES,luxury,1,0.9259251795379442,1.2499910031556043
235104,WHALES,luxury,1,0.9259251795379442,1.2499910031556043
236444,WHALES,luxury,1,0.9259251795379442,1.2499910031556043
237784,WHALES,luxury,1,0.9259251795379442,1.2499910031556043
239124,WHALES,luxury,1,0.9259251795379442,1.2499910031556043
247164,WHALES,luxury,1,0.9259251795379442,1.2499910031556043
233429,WHALES,luxury,1,0.9258055976940995,1.2498295704549762
240799,WHALES,luxury,1,0.9258055976940995,1.2498295704549762
35445,WHALES,luxury,1,0.925713402802052,1.2497051095006304
36785,WHALES,luxury,1,0.925713402802052,1.2497051095006304
38125,WHALES,luxury,1,0.925713402802052,1.2497051095006304
245491,WHALES,luxury,1,0.9253803217938397,1.2492554579067523
143968,WHALES,luxury,1,0.9239745134414957,1.2473576494135237
145308,WHALES,luxury,1,0.9239745134414957,1.2473576494135237
247818,WHALES,luxury,1,0.9239745134414957,1.2473576494135237
232757,WHALES,luxury,1,0.9238476146882176,1.2471863390557856
16017,WHALES,luxury,1,0.9234635595300054,1.246667873548088
19367,WHALES,luxury,1,0.9234635595300054,1.246667873548088
20707,WHALES,luxury,1,0.9234635595300054,1.246667873548088
22047,WHALES,luxury,1,0.9234635595300054,1.246667873548088
23387,WHALES,luxury,1,0.9234635595300054,1.246667873548088
24727,WHALES,luxury,1,0.9234635595300054,1.246667873548088
26067,WHALES,luxury,1,0.9234635595300054,1.246667873548088
27407,WHALES,luxury,1,0.9234635595300054,1.246667873548088
28747,WHALES,luxury,1,0.9234635595300054,1.246667873548088
30087,WHALES,luxury,1,0.9234635595300054,1.246667873548088
31427,WHALES,luxury,1,0.9234635595300054,1.246667873548088
32767,WHALES,luxury,1,0.9234635595300054,1.246667873548088
34107,WHALES,luxury,1,0.9234635595300054,1.246667873548088
237117,WHALES,luxury,1,0.9234635595300054,1.246667873548088
243817,WHALES,luxury,1,0.9234635595300054,1.246667873548088
13331,WHALES,luxury,1,0.9229939353919805,1.2460338919130503
14671,WHALES,luxury,1,0.9229939353919805,1.2460338919130503
16011,WHALES,luxury,1,0.9229939353919805,1.2460338919130503
17351,WHALES,luxury,1,0.9229939353919805,1.2460338919130503
18691,WHALES,luxury,1,0.9229939353919805,1.2460338919130503
20031,WHALES,luxury,1,0.9229939353919805,1.2460338919130503
21371,WHALES,luxury,1,0.9229939353919805,1.2460338919130503
22711,WHALES,luxury,1,0.9229939353919805,1.2460338919130503
24051,WHALES,luxury,1,0.9229939353919805,1.2460338919130503
25391,WHALES,luxury,1,0.9229939353919805,1.2460338919130503
26731,WHALES,luxury,1,0.9229939353919805,1.2460338919130503
28071,WHALES,luxury,1,0.9229939353919805,1.2460338919130503
29411,WHALES,luxury,1,0.9229939353919805,1.2460338919130503
30751,WHALES,luxury,1,0.9229939353919805,1.2460338919130503
235101,WHALES,luxury,1,0.9229939353919805,1.2460338919130503
236441,WHALES,luxury,1,0.9229939353919805,1.2460338919130503
237781,WHALES,luxury,1,0.9229939353919805,1.2460338919130503
239121,WHALES,luxury,1,0.9229939353919805,1.2460338919130503
240461,WHALES,luxury,1,0.9229939353919805,1.2460338919130503
242471,WHALES,luxury,1,0.9229939353919805,1.2460338919130503
39803,WHALES,luxury,1,0.9225168212689423,1.2453897989729055
41143,WHALES,luxury,1,0.9225168212689423,1.2453897989729055
42483,WHALES,luxury,1,0.9225168212689423,1.2453897989729055
43823,WHALES,luxury,1,0.9225168212689423,1.2453897989729055
45163,WHALES,luxury,1,0.9225168212689423,1.2453897989729055
46503,WHALES,luxury,1,0.9225168212689423,1.2453897989729055
246163,WHALES,luxury,1,0.9225168212689423,1.2453897989729055
36118,WHALES,luxury,1,0.9214153840855439,1.2439028844600375
37458,WHALES,luxury,1,0.9214153840855439,1.2439028844600375
239467,WHALES,luxury,1,0.9190088944889356,1.2406541796222161
244489,WHALES,luxury,1,0.9187470854646347,1.2403007435446072
234429,WHALES,luxury,1,0.9181618348136726,1.239510668813431
233424,WHALES,luxury,1,0.9166068064283495,1.2374114167553838
242134,WHALES,luxury,1,0.9166068064283495,1.2374114167553838
16690,WHALES,luxury,1,0.9154568399550226,1.2358589888327804
19370,WHALES,luxury,1,0.9154568399550226,1.2358589888327804
20710,WHALES,luxury,1,0.9154568399550226,1.2358589888327804
22050,WHALES,luxury,1,0.9154568399550226,1.2358589888327804
23390,WHALES,luxury,1,0.9154568399550226,1.2358589888327804
24730,WHALES,luxury,1,0.9154568399550226,1.2358589888327804
26070,WHALES,luxury,1,0.9154568399550226,1.2358589888327804
27410,WHALES,luxury,1,0.9154568399550226,1.2358589888327804
28750,WHALES,luxury,1,0.9154568399550226,1.2358589888327804
30090,WHALES,luxury,1,0.9154568399550226,1.2358589888327804
31430,WHALES,luxury,1,0.9154568399550226,1.2358589888327804
32770,WHALES,luxury,1,0.9154568399550226,1.2358589888327804
242480,WHALES,luxury,1,0.9154568399550226,1.2358589888327804
81657,WHALES,luxury,1,0.9150557880514577,1.2353175781152086
146647,WHALES,luxury,1,0.9150557880514577,1.2353175781152086
147987,WHALES,luxury,1,0.9150557880514577,1.2353175781152086
12658,WHALES,luxury,1,0.9149161205906996,1.2351290303001294
13998,WHALES,luxury,1,0.9149161205906996,1.2351290303001294
15338,WHALES,luxury,1,0.9149161205906996,1.2351290303001294
16678,WHALES,luxury,1,0.9149161205906996,1.2351290303001294
18018,WHALES,luxury,1,0.9149161205906996,1.2351290303001294
19358,WHALES,luxury,1,0.9149161205906996,1.2351290303001294
20698,WHALES,luxury,1,0.9149161205906996,1.2351290303001294
22038,WHALES,luxury,1,0.9149161205906996,1.2351290303001294
23378,WHALES,luxury,1,0.9149161205906996,1.2351290303001294
236438,WHALES,luxury,1,0.9149161205906996,1.2351290303001294
237778,WHALES,luxury,1,0.9149161205906996,1.2351290303001294
239118,WHALES,luxury,1,0.9149161205906996,1.2351290303001294
240458,WHALES,luxury,1,0.9149161205906996,1.2351290303001294
243808,WHALES,luxury,1,0.9149161205906996,1.2351290303001294
231077,WHALES,luxury,1,0.9111345122780943,1.2300239472624876
232417,WHALES,luxury,1,0.9111345122780943,1.2300239472624876
235766,WHALES,luxury,1,0.9068310063251233,1.2242143145806281
149326,WHALES,luxury,1,0.9057616323839349,1.222770684697052
234761,WHALES,luxury,1,0.9044881359453254,1.2210514942019466
242131,WHALES,luxury,1,0.9044881359453254,1.2210514942019466
243471,WHALES,luxury,1,0.9044881359453254,1.2210514942019466
24718,WHALES,luxury,1,0.9031810908144525,1.219287013754617
26728,WHALES,luxury,1,0.9031810908144525,1.219287013754617
11985,WHALES,luxury,1,0.90202039916049,1.2177201070882588
13325,WHALES,luxury,1,0.90202039916049,1.2177201070882588
14665,WHALES,luxury,1,0.90202039916049,1.2177201070882588
16005,WHALES,luxury,1,0.90202039916049,1.2177201070882588
17345,WHALES,luxury,1,0.90202039916049,1.2177201070882588
18685,WHALES,luxury,1,0.90202039916049,1.2177201070882588
20025,WHALES,luxury,1,0.90202039916049,1.2177201070882588
79655,WHALES,luxury,1,0.90202039916049,1.2177201070882588
237775,WHALES,luxury,1,0.90202039916049,1.2177201070882588
239115,WHALES,luxury,1,0.90202039916049,1.2177201070882588
240455,WHALES,luxury,1,0.90202039916049,1.2177201070882588
245145,WHALES,luxury,1,0.90202039916049,1.2177201070882588
232414,WHALES,luxury,1,0.8967182293149779,1.2105623014395899
233754,WHALES,luxury,1,0.8967182293149779,1.2105623014395899
250504,WHALES,luxury,1,0.8967182293149779,1.2105623014395899
143295,WHALES,luxury,1,0.8961131776081637,1.2097454957447595
83684,WHALES,luxury,1,0.8961097960188456,1.2097409306780362
89044,WHALES,luxury,1,0.8961097960188456,1.2097409306780362
225054,WHALES,luxury,1,0.8961097960188456,1.2097409306780362
216179,WHALES,luxury,1,0.576902597939198,0.7788186569518848
214841,WHALES,luxury,1,0.5509932755065765,0.743841675854537
229244,WHALES,luxury,1,0.5392794027957657,0.7280282208539959
230584,WHALES,luxury,1,0.5392794027957657,0.7280282208539959
231924,WHALES,luxury,1,0.5367726646136514,0.724644182763466
51024,WHALES,luxury,1,0.5148991779489118,0.6951154858399826
218524,WHALES,luxury,1,0.5148991779489118,0.6951154858399826
219864,WHALES,luxury,1,0.5148991779489118,0.6951154858399826
52699,WHALES,luxury,1,0.5100191627480694,0.688527579117276
54039,WHALES,luxury,1,0.5100191627480694,0.688527579117276
217519,WHALES,luxury,1,0.5100191627480694,0.688527579117276
221204,WHALES,luxury,1,0.47675775171286267,0.6436254498518357
222544,WHALES,luxury,1,0.47675775171286267,0.6436254498518357
223884,WHALES,luxury,1,0.47675775171286267,0.6436254498518357
225224,WHALES,luxury,1,0.47675775171286267,0.6436254498518357
226564,WHALES,luxury,1,0.47675775171286267,0.6436254498518357
227904,WHALES,luxury,1,0.47675775171286267,0.6436254498518357
141264,WHALES,luxury,1,0.6486483056493355,0.8756736893024715
155670,WHALES,luxury,1,0.6329445370137412,0.8544739678449645
138250,WHALES,luxury,1,0.6063152838084505,0.818525096992779
139590,WHALES,luxury,1,0.6063152838084505,0.818525096992779
140926,WHALES,luxury,1,0.6060016444333425,0.8181016911502269
80630,WHALES,luxury,1,0.586791431536524,0.7921683517078159
97380,WHALES,luxury,1,0.586791431536524,0.7921683517078159
161700,WHALES,luxury,1,0.586791431536524,0.7921683517078159
164380,WHALES,luxury,1,0.586791431536524,0.7921683517078159
211280,WHALES,luxury,1,0.586791431536524,0.7921683517078159
239084,WHALES,luxury,1,0.5812597330642796,0.7847006877655001
138917,WHALES,luxury,1,0.5722854527518775,0.7725856186174941
140587,WHALES,luxury,1,0.5647251295555221,0.7623793586036923
98382,WHALES,luxury,1,0.5592986657854815,0.7550537590553544
156337,WHALES,luxury,1,0.553857370899873,0.7477081378468506
78620,WHALES,luxury,1,0.5433246531828739,0.7334892145442738
99390,WHALES,luxury,1,0.5433246531828739,0.7334892145442738
100730,WHALES,luxury,1,0.5433246531828739,0.7334892145442738
119273,WHALES,luxury,1,0.29490215759347516,0.39812463853180685
140043,WHALES,luxury,1,0.29490215759347516,0.39812463853180685
126307,WHALES,luxury,1,0.28922650020097745,0.3904626334041672
142052,WHALES,luxury,1,0.28363286193010684,0.3829113521780974
121283,WHALES,luxury,1,0.2730568069393102,0.3686339245664878
123293,WHALES,luxury,1,0.2730568069393102,0.3686339245664878
128653,WHALES,luxury,1,0.2730568069393102,0.3686339245664878
130663,WHALES,luxury,1,0.2730568069393102,0.3686339245664878
132673,WHALES,luxury,1,0.2730568069393102,0.3686339245664878
134683,WHALES,luxury,1,0.2730568069393102,0.3686339245664878
136693,WHALES,luxury,1,0.2730568069393102,0.3686339245664878
137696,WHALES,luxury,1,0.2565641624698407,0.3463692391292643
146073,WHALES,luxury,1,0.2562284075987809,0.34591597788289474
140375,WHALES,luxury,1,0.246744547632899,0.33311298808572065
144396,WHALES,luxury,1,0.24164979009481335,0.3262351842153721
131331,WHALES,luxury,1,0.24043924096706107,0.3246009711220381
125301,WHALES,luxury,1,0.24043924083885607,0.32460097094896434
134011,WHALES,luxury,1,0.2404392408147022,0.3246009709163572
128651,WHALES,luxury,1,0.24043924074224068,0.32460097081853584
118266,WHALES,luxury,1,0.24030328268478515,0.3244174306114146
122621,WHALES,luxury,1,0.22837977869769638,0.30832097827634825
140373,WHALES,luxury,1,0.2186966329007032,0.29524895725437567
148083,WHALES,luxury,1,0.2175546576040866,0.2937073172339826
155453,WHALES,luxury,1,0.2175546576040866,0.2937073172339826
136020,WHALES,luxury,1,0.21087145938315197,0.28468515548307766
142720,WHALES,luxury,1,0.21087145938315197,0.28468515548307766
145400,WHALES,luxury,1,0.21087145938315197,0.28468515548307766
123624,WHALES,luxury,1,0.20672336505810032,0.27908532487482246
126304,WHALES,luxury,1,0.20672336505810032,0.27908532487482246
129654,WHALES,luxury,1,0.20672336505810032,0.27908532487482246
132334,WHALES,luxury,1,0.20672336505810032,0.27908532487482246
138364,WHALES,luxury,1,0.20672336505810032,0.27908532487482246
150093,WHALES,luxury,1,0.20143875139358008,0.271951219661095
152103,WHALES,luxury,1,0.20143875139358008,0.271951219661095