id,RESOURCE_ID,RESOURCE_CLASS,RESOURCE_QTY,RESOURCE_STRENGTH,RESOURCE_EVIDENCE_RAW,POOL,LON,LAT,SURFACE,TERRAIN,FEATURE_GAME,WWF_BIOME
71068,BISON,bonus,1,0.9917182448489972,1.8685079077795426,North America,-97.13478989726437,49.54787461872129,LAND,PLAINS,NONE,"Temperate Grasslands, Savannas & Shrublands"
70401,BISON,bonus,1,0.9875723688097314,1.8606969885522915,North America,-97.09639396579527,48.08117295780634,LAND,PLAINS,NONE,"Temperate Grasslands, Savannas & Shrublands"
71066,BISON,bonus,1,0.9865674920814774,1.8588037792803793,North America,-97.92093934710036,50.54037863654408,LAND,PLAINS,NONE,"Temperate Grasslands, Savannas & Shrublands"
67047,BISON,bonus,1,0.9838839648207418,1.853747956462907,North America,-104.09456195678337,50.042589919470636,LAND,PLAINS,NONE,"Temperate Grasslands, Savannas & Shrublands"
69395,BISON,bonus,1,0.9832180585470555,1.8524933747852539,North America,-98.90000654377556,48.323874746264565,LAND,PLAINS,NONE,"Temperate Grasslands, Savannas & Shrublands"
68390,BISON,bonus,1,0.97927333016208,1.8450614220455515,North America,-100.71176366381796,48.56726082377137,LAND,PLAINS,NONE,"Temperate Grasslands, Savannas & Shrublands"
68719,BISON,bonus,1,0.9734484910414698,1.8340873004239904,North America,-102.40674863517923,51.29306135543657,LAND,PLAINS,NONE,"Temperate Grasslands, Savannas & Shrublands"
70068,BISON,bonus,1,0.9697817655157659,1.8271791110236038,North America,-96.74347199906114,46.877557212297,LAND,PLAINS,NONE,"Temperate Grasslands, Savannas & Shrublands"
67713,BISON,bonus,1,0.9626040498558038,1.8136561410348369,North America,-104.73622679528908,52.053291334342006,LAND,PLAINS,NONE,"Temperate Grasslands, Savannas & Shrublands"
69391,BISON,bonus,1,0.9620208345432806,1.8125573508985495,North America,-100.46461033802315,50.29109350879687,LAND,PLAINS,NONE,"Temperate Grasslands, Savannas & Shrublands"
62691,BISON,bonus,1,0.9582462755681483,1.805446000970568,North America,-111.43852971703146,50.29109350879687,LAND,PLAINS,NONE,"Temperate Grasslands, Savannas & Shrublands"
69063,BISON,bonus,1,0.957933179984533,1.804856122187202,North America,-98.52364680074784,47.11699538419542,LAND,PLAINS,NONE,"Temperate Grasslands, Savannas & Shrublands"
64366,BISON,bonus,1,0.9537484965659928,1.796972089026475,North America,-108.91729692593368,50.54037863654408,LAND,PLAINS,NONE,"Temperate Grasslands, Savannas & Shrublands"
66038,BISON,bonus,1,0.9534220201143841,1.7963570004013056,North America,-107.28855093065476,51.799017430246444,LAND,PLAINS,NONE,"Temperate Grasslands, Savannas & Shrublands"
67049,BISON,bonus,1,0.9533721291337666,1.7962630047255832,North America,-103.27369500604064,49.05613060312167,LAND,PLAINS,NONE,"Temperate Grasslands, Savannas & Shrublands"
68730,BISON,bonus,1,0.9496781477876564,1.789303464775964,North America,-98.18462997240883,45.92593952104097,LAND,PLAINS,NONE,"Temperate Grasslands, Savannas & Shrublands"
70072,BISON,bonus,1,0.9421445102941494,1.775109930431991,North America,-95.40981687303815,44.983706553084104,LAND,PLAINS,NONE,"Temperate Grasslands, Savannas & Shrublands"
63693,BISON,bonus,1,0.9388616586980277,1.76892496773424,North America,-111.41806873351838,52.053291334342006,LAND,PLAINS,NONE,"Temperate Grasslands, Savannas & Shrublands"
66040,BISON,bonus,1,0.937211717000032,1.7658164422475493,North America,-106.387270793009,50.79045892742686,LAND,PLAINS,NONE,"Temperate Grasslands, Savannas & Shrublands"
63691,BISON,bonus,1,0.9365551850236773,1.7645795219467866,North America,-112.40685989928592,53.07940665089093,LAND,PLAINS,NONE,"Temperate Grasslands, Savannas & Shrublands"
68063,BISON,bonus,1,0.9269222996221168,1.7464309595960703,North America,-98.24378291006617,44.51594006557483,LAND,PLAINS,NONE,"Temperate Grasslands, Savannas & Shrublands"
65033,BISON,bonus,1,0.9242344180894314,1.7413669332370132,North America,-109.19078808744193,52.053291334342006,LAND,PLAINS,NONE,"Temperate Grasslands, Savannas & Shrublands"
63029,BISON,bonus,1,0.922028813561465,1.7372115270811033,North America,-109.79291439850206,49.05613060312167,LAND,PLAINS,NONE,"Temperate Grasslands, Savannas & Shrublands"
68057,BISON,bonus,1,0.9179163952239823,1.7294636428803898,North America,-100.31151957705545,47.35706604786749,LAND,PLAINS,NONE,"Temperate Grasslands, Savannas & Shrublands"
63354,BISON,bonus,1,0.9068381466208649,1.7085919853105986,North America,-113.74486403744734,53.858955275976484,LAND,PLAINS,NONE,"Temperate Grasslands, Savannas & Shrublands"
62019,BISON,bonus,1,0.9066177292296524,1.7081767142260955,North America,-113.47194406462413,51.29306135543657,LAND,PLAINS,NONE,"Temperate Grasslands, Savannas & Shrublands"
70075,BISON,bonus,1,0.905821559299656,1.7066767130308187,North America,-94.47894973921692,43.58679269976114,LAND,PLAINS,NONE,"Temperate Grasslands, Savannas & Shrublands"
61352,BISON,bonus,1,0.899709957294042,1.6951623239938973,North America,-113.17627196015405,49.79485459877523,LAND,PLAINS,NONE,"Temperate Grasslands, Savannas & Shrublands"
67392,BISON,bonus,1,0.896404302424784,1.688934399441306,North America,-99.62456558066377,44.983706553084104,LAND,PLAINS,NONE,"Temperate Grasslands, Savannas & Shrublands"
61690,BISON,bonus,1,0.8952662798235778,1.6867903404939038,North America,-111.53533841123634,48.56726082377137,LAND,PLAINS,NONE,"Temperate Grasslands, Savannas & Shrublands"
66048,BISON,bonus,1,0.8950027716332183,1.6862938854211704,North America,-103.1539668036238,46.877557212297,LAND,PLAINS,NONE,"Temperate Grasslands, Savannas & Shrublands"
63701,BISON,bonus,1,0.8929821162383165,1.6824869273919858,North America,-107.87906884453793,48.08117295780634,LAND,PLAINS,NONE,"Temperate Grasslands, Savannas & Shrublands"
65708,BISON,bonus,1,0.8926844196283078,1.6819260606046094,North America,-105.86124934650611,49.54787461872129,LAND,PLAINS,NONE,"Temperate Grasslands, Savannas & Shrublands"
65365,BISON,bonus,1,0.8899437455521587,1.6767625719633008,North America,-109.84614112042442,53.33827683819212,LAND,PLAINS,NONE,"Temperate Grasslands, Savannas & Shrublands"
68734,BISON,bonus,1,0.8859890027428545,1.6693117518337397,North America,-96.8765055027536,44.050322218742025,LAND,PLAINS,NONE,"Temperate Grasslands, Savannas & Shrublands"
66719,BISON,bonus,1,0.8753421006544585,1.649252760333444,North America,-101.72269460681864,46.40053993467738,LAND,PLAINS,NONE,"Temperate Grasslands, Savannas & Shrublands"
56667,BISON,bonus,1,0.8728526995857214,1.6445626754182225,North America,-118.54051764384415,47.35706604786749,LAND,PLAINS,NONE,"Temperate Grasslands, Savannas & Shrublands"
69743,BISON,bonus,1,0.8719899185975153,1.6429371775630384,North America,-94.26267310249399,42.43673069618634,LAND,PLAINS,NONE,"Temperate Grasslands, Savannas & Shrublands"
65042,BISON,bonus,1,0.86781007578761,1.6350622642126242,North America,-105.33000209603017,47.597779083615166,LAND,PLAINS,NONE,"Temperate Grasslands, Savannas & Shrublands"
64368,BISON,bonus,1,0.8663478566050006,1.632307411964335,North America,-108.04286420881657,49.54787461872129,LAND,PLAINS,NONE,"Temperate Grasslands, Savannas & Shrublands"
73761,BISON,bonus,1,0.8646662256200744,1.6291391831825535,North America,-88.59957202119888,43.355792871593664,LAND,PLAINS,NONE,"Temperate Grasslands, Savannas & Shrublands"
69401,BISON,bonus,1,0.864213164194294,1.6282856057556747,North America,-96.790220701803,45.45368452635414,LAND,PLAINS,NONE,"Temperate Grasslands, Savannas & Shrublands"
65048,BISON,bonus,1,0.8623279060205812,1.624733738990263,North America,-103.14018198647948,44.7495508625718,LAND,PLAINS,NONE,"Temperate Grasslands, Savannas & Shrublands"
66728,BISON,bonus,1,0.8594860633993091,1.6193796466437762,North America,-98.77121163688902,42.208165963263525,LAND,PLAINS,NONE,"Temperate Grasslands, Savannas & Shrublands"
63704,BISON,bonus,1,0.8593722241638861,1.6191651710867747,North America,-106.70245548208717,46.638741875738894,LAND,PLAINS,NONE,"Temperate Grasslands, Savannas & Shrublands"
71417,BISON,bonus,1,0.8557526254302763,1.612345769571747,North America,-91.81511422497952,42.66576918707486,LAND,PLAINS,NONE,"Temperate Grasslands, Savannas & Shrublands"
65723,BISON,bonus,1,0.8541097293625252,1.6092505182032941,North America,-100.47448219181823,42.43673069618634,LAND,PLAINS,NONE,"Temperate Grasslands, Savannas & Shrublands"
67051,BISON,bonus,1,0.8539998273270165,1.6090434604152324,North America,-102.48773140516663,48.08117295780634,LAND,PLAINS,NONE,"Temperate Grasslands, Savannas & Shrublands"
74100,BISON,bonus,1,0.8496659015464836,1.6008782514490139,North America,-86.88109312055431,41.298518741804656,LAND,PLAINS,NONE,"Temperate Grasslands, Savannas & Shrublands"
66387,BISON,bonus,1,0.8457402159519285,1.5934821757341975,North America,-101.37560542298269,45.21841507302177,LAND,PLAINS,NONE,"Temperate Grasslands, Savannas & Shrublands"
65052,BISON,bonus,1,0.8448097795616893,1.591729213652982,North America,-101.82291996348854,42.89528793928871,LAND,PLAINS,NONE,"Temperate Grasslands, Savannas & Shrublands"
73096,BISON,bonus,1,0.8416030119766209,1.585687594861125,North America,-88.29361171573817,41.07222940096455,LAND,PLAINS,NONE,"Temperate Grasslands, Savannas & Shrublands"
64709,BISON,bonus,1,0.8409408888282698,1.5844401406726059,North America,-104.91654916741577,46.40053993467738,LAND,PLAINS,NONE,"Temperate Grasslands, Savannas & Shrublands"
73428,BISON,bonus,1,0.8406123576888805,1.583821180971664,North America,-88.43392862901794,42.208165963263525,LAND,PLAINS,NONE,"Temperate Grasslands, Savannas & Shrublands"
68402,BISON,bonus,1,0.831483626227166,1.5666224554382913,North America,-96.63044395580437,42.89528793928871,LAND,PLAINS,NONE,"Temperate Grasslands, Savannas & Shrublands"
71085,BISON,bonus,1,0.8305572548121393,1.5648771518574132,North America,-91.63991340991,41.525251087517354,LAND,PLAINS,NONE,"Temperate Grasslands, Savannas & Shrublands"
67066,BISON,bonus,1,0.8303611775803718,1.5645077381544625,North America,-97.52843044209285,41.07222940096455,LAND,PLAINS,NONE,"Temperate Grasslands, Savannas & Shrublands"
72090,BISON,bonus,1,0.8268579186885866,1.5579075233924387,North America,-89.96385875809577,41.298518741804656,LAND,PLAINS,NONE,"Temperate Grasslands, Savannas & Shrublands"
62698,BISON,bonus,1,0.8237958488795442,1.5521385183088061,North America,-108.49604580742601,46.877557212297,LAND,PLAINS,NONE,"Temperate Grasslands, Savannas & Shrublands"
64049,BISON,bonus,1,0.8198552132540149,1.5447142764155324,North America,-102.59751174076717,41.75243236411642,LAND,PLAINS,NONE,"Temperate Grasslands, Savannas & Shrublands"
66054,BISON,bonus,1,0.8190694702755588,1.5432339198202136,North America,-101.06356340741758,44.050322218742025,LAND,PLAINS,NONE,"Temperate Grasslands, Savannas & Shrublands"
72763,BISON,bonus,1,0.8088803774459342,1.5240374507658097,North America,-88.17724413532166,39.947227649425066,LAND,PLAINS,NONE,"Temperate Grasslands, Savannas & Shrublands"
63709,BISON,bonus,1,0.8078996967727611,1.522189827379743,North America,-104.89776207620784,44.28286638920345,LAND,PLAINS,NONE,"Temperate Grasslands, Savannas & Shrublands"
69746,BISON,bonus,1,0.8049574742214386,1.51664661709576,North America,-93.42406656371298,41.07222940096455,LAND,PLAINS,NONE,"Temperate Grasslands, Savannas & Shrublands"
66725,BISON,bonus,1,0.8047004544817882,1.5161623864030898,North America,-99.69598405971405,43.58679269976114,LAND,PLAINS,NONE,"Temperate Grasslands, Savannas & Shrublands"
64720,BISON,bonus,1,0.8043522814923563,1.5155064210361067,North America,-101.2673327624146,41.298518741804656,LAND,PLAINS,NONE,"Temperate Grasslands, Savannas & Shrublands"
71759,BISON,bonus,1,0.8027188406398321,1.5124289834955917,North America,-89.58110134585517,39.72347765607206,LAND,PLAINS,NONE,"Temperate Grasslands, Savannas & Shrublands"
65391,BISON,bonus,1,0.7968241975689899,1.5013233497371887,North America,-99.94899492759961,40.846377245330444,LAND,PLAINS,NONE,"Temperate Grasslands, Savannas & Shrublands"
63377,BISON,bonus,1,0.7916372590314086,1.4915510464724393,North America,-104.2577992256586,42.66576918707486,LAND,PLAINS,NONE,"Temperate Grasslands, Savannas & Shrublands"
70083,BISON,bonus,1,0.7898343689741524,1.4881543630020535,North America,-92.25251852502039,39.947227649425066,LAND,PLAINS,NONE,"Temperate Grasslands, Savannas & Shrublands"
68405,BISON,bonus,1,0.7891827225841146,1.4869266472505194,North America,-95.75631696186808,41.525251087517354,LAND,PLAINS,NONE,"Temperate Grasslands, Savannas & Shrublands"
62366,BISON,bonus,1,0.7874746300367318,1.4837085643184886,North America,-108.07632969332683,45.6895231903518,LAND,PLAINS,NONE,"Temperate Grasslands, Savannas & Shrublands"
62710,BISON,bonus,1,0.7820468410133363,1.4734824935815038,North America,-104.35009839995605,41.298518741804656,LAND,PLAINS,NONE,"Temperate Grasslands, Savannas & Shrublands"
62036,BISON,bonus,1,0.7818039756842257,1.4730249301013572,North America,-106.6623658711371,43.12529358156268,LAND,PLAINS,NONE,"Temperate Grasslands, Savannas & Shrublands"
63718,BISON,bonus,1,0.7759026747896277,1.4619067528604448,North America,-102.0739937538813,40.17138723004086,LAND,PLAINS,NONE,"Temperate Grasslands, Savannas & Shrublands"
57338,BISON,bonus,1,0.7715286654845724,1.4536660256757792,North America,-117.04337221350957,46.877557212297,LAND,PLAINS,NONE,"Temperate Grasslands, Savannas & Shrublands"
54996,BISON,bonus,1,0.7713944730892308,1.4534132043297,North America,-119.72607825817913,45.6895231903518,LAND,PLAINS,NONE,"Temperate Grasslands, Savannas & Shrublands"
80470,BISON,bonus,1,0.770622283022079,1.4519583817094663,North America,-76.14586022884782,39.27718557078676,LAND,PLAINS,NONE,"Temperate Grasslands, Savannas & Shrublands"
68742,BISON,bonus,1,0.7704978851676582,1.4517240134881972,North America,-94.55544739593077,40.39596172603815,LAND,PLAINS,NONE,"Temperate Grasslands, Savannas & Shrublands"
62027,BISON,bonus,1,0.7662110162647241,1.4436474606869316,North America,-109.96216561241421,47.35706604786749,LAND,PLAINS,NONE,"Temperate Grasslands, Savannas & Shrublands"
66399,BISON,bonus,1,0.7646518718919572,1.4407099993050754,North America,-97.7203499301053,39.72347765607206,LAND,PLAINS,NONE,"Temperate Grasslands, Savannas & Shrublands"
67403,BISON,bonus,1,0.7632162618058775,1.4380052791643883,North America,-96.3277929147191,39.947227649425066,LAND,PLAINS,NONE,"Temperate Grasslands, Savannas & Shrublands"
62378,BISON,bonus,1,0.7632030585767701,1.4379804039980493,North America,-104.1144835356554,40.17138723004086,LAND,PLAINS,NONE,"Temperate Grasslands, Savannas & Shrublands"
72431,BISON,bonus,1,0.7629955832838685,1.437589516103873,North America,-88.0835813185802,38.83247012611091,LAND,PLAINS,NONE,"Temperate Grasslands, Savannas & Shrublands"
63038,BISON,bonus,1,0.7595932914510188,1.4311795254427362,North America,-106.29597198298526,44.7495508625718,LAND,PLAINS,NONE,"Temperate Grasslands, Savannas & Shrublands"
64724,BISON,bonus,1,0.7506586972966904,1.4143465587532429,North America,-100.1260045149166,39.50013201274266,LAND,PLAINS,NONE,"Temperate Grasslands, Savannas & Shrublands"
80473,BISON,bonus,1,0.7501019225796586,1.4132975832649932,North America,-75.54260314472947,37.947612441613074,LAND,PLAINS,NONE,"Temperate Grasslands, Savannas & Shrublands"
68745,BISON,bonus,1,0.7466922603783243,1.4068737066718209,North America,-93.77475075335315,39.054633267926654,LAND,PLAINS,NONE,"Temperate Grasslands, Savannas & Shrublands"
63386,BISON,bonus,1,0.7466229959752202,1.4067432110533207,North America,-101.60877052002675,38.61069124943627,LAND,PLAINS,NONE,"Temperate Grasslands, Savannas & Shrublands"
65062,BISON,bonus,1,0.7415808964611581,1.397243787610097,North America,-98.95170255199876,38.38929182213461,LAND,PLAINS,NONE,"Temperate Grasslands, Savannas & Shrublands"
71427,BISON,bonus,1,0.7384594780277867,1.3913629684474875,North America,-89.24727852565367,38.16826710662284,LAND,PLAINS,NONE,"Temperate Grasslands, Savannas & Shrublands"
65733,BISON,bonus,1,0.7342013731573237,1.3833406076992776,North America,-97.68743981117538,37.947612441613074,LAND,PLAINS,NONE,"Temperate Grasslands, Savannas & Shrublands"
67741,BISON,bonus,1,0.731217615613897,1.3777191446008452,North America,-95.16681550435568,38.83247012611091,LAND,PLAINS,NONE,"Temperate Grasslands, Savannas & Shrublands"
62715,BISON,bonus,1,0.7268815017244604,1.3695498131906017,North America,-102.8939969117962,39.054633267926654,LAND,PLAINS,NONE,"Temperate Grasslands, Savannas & Shrublands"
66736,BISON,bonus,1,0.7205395688688019,1.3576014759004758,North America,-96.556047309401,38.61069124943627,LAND,PLAINS,NONE,"Temperate Grasslands, Savannas & Shrublands"
70421,BISON,bonus,1,0.7200086092082458,1.3566011365313646,North America,-91.11925311248397,38.83247012611091,LAND,PLAINS,NONE,"Temperate Grasslands, Savannas & Shrublands"
79467,BISON,bonus,1,0.7185616482304462,1.3538750310676377,North America,-77.15258384236303,38.16826710662284,LAND,PLAINS,NONE,"Temperate Grasslands, Savannas & Shrublands"
64057,BISON,bonus,1,0.7184409826262861,1.3536476944857727,North America,-100.33408198533674,38.16826710662284,LAND,PLAINS,NONE,"Temperate Grasslands, Savannas & Shrublands"
60687,BISON,bonus,1,0.7181061895204865,1.353016937106036,North America,-112.10675362027169,47.35706604786749,LAND,PLAINS,NONE,"Temperate Grasslands, Savannas & Shrublands"
67408,BISON,bonus,1,0.7124437571675091,1.3423487933120617,North America,-95.04851507230201,37.72732324028064,LAND,PLAINS,NONE,"Temperate Grasslands, Savannas & Shrublands"
79135,BISON,bonus,1,0.7058141218731194,1.329858418467236,North America,-77.16223767766833,37.06860363013132,LAND,PLAINS,NONE,"Temperate Grasslands, Savannas & Shrublands"
62719,BISON,bonus,1,0.6982461690588517,1.3156002333242087,North America,-101.82621138366046,37.28782324306437,LAND,PLAINS,NONE,"Temperate Grasslands, Savannas & Shrublands"
65400,BISON,bonus,1,0.6929362995702434,1.3055963255155927,North America,-97.57087976454618,36.84973184348603,LAND,PLAINS,NONE,"Temperate Grasslands, Savannas & Shrublands"
71095,BISON,bonus,1,0.6928433997818796,1.3054213003251949,North America,-89.1799483885457,37.06860363013132,LAND,PLAINS,NONE,"Temperate Grasslands, Savannas & Shrublands"
61712,BISON,bonus,1,0.69241768545357,1.3046192454154926,North America,-103.99776037085721,38.38929182213461,LAND,PLAINS,NONE,"Temperate Grasslands, Savannas & Shrublands"
61360,BISON,bonus,1,0.686988293064818,1.2943901539038458,North America,-109.85451839891375,45.92593952104097,LAND,PLAINS,NONE,"Temperate Grasslands, Savannas & Shrublands"
72099,BISON,bonus,1,0.6802144512868349,1.2816280909562583,North America,-87.78792774761286,37.28782324306437,LAND,PLAINS,NONE,"Temperate Grasslands, Savannas & Shrublands"
73104,BISON,bonus,1,0.6728055038150672,1.267669475283038,North America,-86.39317046167248,37.50739498848842,LAND,PLAINS,NONE,"Temperate Grasslands, Savannas & Shrublands"
66404,BISON,bonus,1,0.672155359703048,1.2664445898554568,North America,-96.43322322684884,37.50739498848842,LAND,PLAINS,NONE,"Temperate Grasslands, Savannas & Shrublands"
69758,BISON,bonus,1,0.6639005454453317,1.2508923430462635,North America,-90.51777934574366,35.760444130324906,LAND,PLAINS,NONE,"Temperate Grasslands, Savannas & Shrublands"
61717,BISON,bonus,1,0.6618421815630993,1.247014341419554,North America,-102.69399372385345,36.19516136165343,LAND,PLAINS,NONE,"Temperate Grasslands, Savannas & Shrublands"
63725,BISON,bonus,1,0.6576597138085701,1.2391344826172646,North America,-100.19618320684991,37.06860363013132,LAND,PLAINS,NONE,"Temperate Grasslands, Savannas & Shrublands"
64729,BISON,bonus,1,0.6555537734342707,1.2351668458608185,North America,-98.81800774736458,37.28782324306437,LAND,PLAINS,NONE,"Temperate Grasslands, Savannas & Shrublands"
70762,BISON,bonus,1,0.6541876037928532,1.2325929530046964,North America,-89.13297254808981,35.97763911752675,LAND,PLAINS,NONE,"Temperate Grasslands, Savannas & Shrublands"
66071,BISON,bonus,1,0.6345678234408313,1.195628866733272,North America,-96.33333150639012,36.41301485322709,LAND,PLAINS,NONE,"Temperate Grasslands, Savannas & Shrublands"
64733,BISON,bonus,1,0.628770141047859,1.184705908968046,North America,-97.85802058589832,35.54357246842508,LAND,PLAINS,NONE,"Temperate Grasslands, Savannas & Shrublands"
62722,BISON,bonus,1,0.6171094524642803,1.1627369220041734,North America,-101.07728656553805,35.97763911752675,LAND,PLAINS,NONE,"Temperate Grasslands, Savannas & Shrublands"
61384,BISON,bonus,1,0.6152097947062125,1.1591579261135205,North America,-102.58258154720149,35.11078368065999,LAND,PLAINS,NONE,"Temperate Grasslands, Savannas & Shrublands"
64062,BISON,bonus,1,0.6124232298085522,1.1539079781818955,North America,-99.08656756263002,35.97763911752675,LAND,PLAINS,NONE,"Temperate Grasslands, Savannas & Shrublands"
65739,BISON,bonus,1,0.6090654232531713,1.1475817987360044,North America,-96.2553382168708,35.327020257784774,LAND,PLAINS,NONE,"Temperate Grasslands, Savannas & Shrublands"
61379,BISON,bonus,1,0.6086725740295708,1.1468416623872641,North America,-103.83168047452443,37.28782324306437,LAND,PLAINS,NONE,"Temperate Grasslands, Savannas & Shrublands"
70430,BISON,bonus,1,0.6019744134345523,1.134222184408827,North America,-89.1054633652179,34.89485897435929,LAND,PLAINS,NONE,"Temperate Grasslands, Savannas & Shrublands"
61722,BISON,bonus,1,0.6004884163321307,1.1314225340504915,North America,-101.50864386563283,34.03420546349935,LAND,PLAINS,NONE,"Temperate Grasslands, Savannas & Shrublands"
63731,BISON,bonus,1,0.5996878272264854,1.1299142070336714,North America,-98.7749809730285,34.46393039149245,LAND,PLAINS,NONE,"Temperate Grasslands, Savannas & Shrublands"
55328,BISON,bonus,1,0.598813864095039,1.1282676417811965,North America,-120.24861961579087,46.877557212297,LAND,PLAINS,NONE,"Temperate Grasslands, Savannas & Shrublands"
63060,BISON,bonus,1,0.5892508131132841,1.1102506489726511,North America,-99.99026271109123,34.89485897435929,LAND,PLAINS,NONE,"Temperate Grasslands, Savannas & Shrublands"
58015,BISON,bonus,1,0.5816708471358397,1.0959698307729795,North America,-113.26027329300662,43.58679269976114,LAND,PLAINS,NONE,"Temperate Grasslands, Savannas & Shrublands"
60381,BISON,bonus,1,0.581543530308521,1.0957299631442714,North America,-103.71133478750663,34.46393039149245,LAND,PLAINS,NONE,"Temperate Grasslands, Savannas & Shrublands"
76126,BISON,bonus,1,0.5814711766577813,1.0955936473170802,North America,-80.41976901595513,34.248919254070096,LAND,PLAINS,NONE,"Temperate Grasslands, Savannas & Shrublands"
59353,BISON,bonus,1,0.5742742238017744,1.0820344340390684,North America,-111.89626128109359,44.51594006557483,LAND,PLAINS,NONE,"Temperate Grasslands, Savannas & Shrublands"
60718,BISON,bonus,1,0.5725747851082635,1.078832655153024,North America,-102.64716487911609,33.39181336371731,LAND,PLAINS,NONE,"Temperate Grasslands, Savannas & Shrublands"
70433,BISON,bonus,1,0.5700364515206652,1.0740503803245511,North America,-88.50728996111575,33.60565595138794,LAND,PLAINS,NONE,"Temperate Grasslands, Savannas & Shrublands"
60712,BISON,bonus,1,0.5670999065423538,1.0685178667096862,North America,-104.06336506990012,35.97763911752675,LAND,PLAINS,NONE,"Temperate Grasslands, Savannas & Shrublands"
59040,BISON,bonus,1,0.5667393024619898,1.0678384809012194,North America,-105.92742599065849,34.89485897435929,LAND,PLAINS,NONE,"Temperate Grasslands, Savannas & Shrublands"
65408,BISON,bonus,1,0.5631853832353055,1.0611428209835336,North America,-95.77446942536233,33.39181336371731,LAND,PLAINS,NONE,"Temperate Grasslands, Savannas & Shrublands"
64737,BISON,bonus,1,0.5562423174910499,1.048061936460156,North America,-96.96833957239281,33.81978551483306,LAND,PLAINS,NONE,"Temperate Grasslands, Savannas & Shrublands"
69428,BISON,bonus,1,0.5539589257134259,1.043759977460352,North America,-89.8835876078591,33.39181336371731,LAND,PLAINS,NONE,"Temperate Grasslands, Savannas & Shrublands"
75124,BISON,bonus,1,0.5502810422611362,1.0368307662873701,North America,-81.45008571626124,33.17825438861144,LAND,PLAINS,NONE,"Temperate Grasslands, Savannas & Shrublands"
62393,BISON,bonus,1,0.5457561062568062,1.0283056899697094,North America,-100.30190304286019,33.60565595138794,LAND,PLAINS,NONE,"Temperate Grasslands, Savannas & Shrublands"
63064,BISON,bonus,1,0.5430990044737545,1.0232996533180017,North America,-99.10363934560732,33.17825438861144,LAND,PLAINS,NONE,"Temperate Grasslands, Savannas & Shrublands"
72075,BISON,bonus,1,0.5424531339198094,1.0220828193653353,North America,-94.57880052010964,48.323874746264565,LAND,GRASSLAND,FOREST,Temperate Broadleaf & Mixed Forests
72073,BISON,bonus,1,0.5396825769241183,1.0168630306637725,North America,-95.31060540457695,49.3016373806129,LAND,GRASSLAND,FOREST,Temperate Broadleaf & Mixed Forests
49986,BISON,bonus,1,0.5372254488626758,1.0122337487853066,North America,-121.81966336252964,38.61069124943627,LAND,PLAINS,NONE,"Temperate Grasslands, Savannas & Shrublands"
74119,BISON,bonus,1,0.5367770802622401,1.0113890127418579,North America,-82.83238698305794,32.964975708123866,LAND,PLAINS,NONE,"Temperate Grasslands, Savannas & Shrublands"
70770,BISON,bonus,1,0.533163443464942,1.004580843642495,North America,-87.54540096391753,32.539246179870766,LAND,PLAINS,NONE,"Temperate Grasslands, Savannas & Shrublands"
59377,BISON,bonus,1,0.5239776798868705,0.9872746683807646,North America,-104.84006304619535,33.81978551483306,LAND,PLAINS,NONE,"Temperate Grasslands, Savannas & Shrublands"
71074,BISON,bonus,1,0.5222572379900607,0.9840333190099959,North America,-94.97087781456617,46.638741875738894,LAND,GRASSLAND,FOREST,Temperate Broadleaf & Mixed Forests
68426,BISON,bonus,1,0.5222037602853058,0.9839325658692015,North America,-90.87210316590492,32.32678891411857,LAND,PLAINS,NONE,"Temperate Grasslands, Savannas & Shrublands"
74792,BISON,bonus,1,0.5208048730743183,0.9812970324114786,North America,-81.34321967379626,31.691009476521163,LAND,PLAINS,NONE,"Temperate Grasslands, Savannas & Shrublands"
61390,BISON,bonus,1,0.5182428766254711,0.9764701762457563,North America,-101.23223332614269,32.539246179870766,LAND,PLAINS,NONE,"Temperate Grasslands, Savannas & Shrublands"
72414,BISON,bonus,1,0.517796250128899,0.9756287223632873,North America,-92.83786369319868,46.638741875738894,LAND,GRASSLAND,FOREST,Temperate Broadleaf & Mixed Forests
71776,BISON,bonus,1,0.5170352085029947,0.9741949036450686,North America,-85.9890539306911,32.32678891411857,LAND,PLAINS,NONE,"Temperate Grasslands, Savannas & Shrublands"
64406,BISON,bonus,1,0.5164034473654955,0.9730046521350894,North America,-96.73176224816153,32.32678891411857,LAND,PLAINS,NONE,"Temperate Grasslands, Savannas & Shrublands"
71411,BISON,bonus,1,0.5155089563758899,0.9713194119583111,North America,-93.61845282727216,45.45368452635414,LAND,GRASSLAND,FOREST,Temperate Broadleaf & Mixed Forests
59715,BISON,bonus,1,0.513996479485746,0.9684698731129361,North America,-103.78562631341262,32.751974048623445,LAND,PLAINS,NONE,"Temperate Grasslands, Savannas & Shrublands"
69766,BISON,bonus,1,0.5110301423417103,0.9628812304199525,North America,-88.91888347181941,32.32678891411857,LAND,PLAINS,NONE,"Temperate Grasslands, Savannas & Shrublands"
60020,BISON,bonus,1,0.510907976190173,0.9626510667747004,North America,-111.97631629464192,45.92593952104097,LAND,PLAINS,NONE,"Temperate Grasslands, Savannas & Shrublands"
72782,BISON,bonus,1,0.5101756997791776,0.9612714423372751,North America,-84.26403325851324,31.691009476521163,LAND,PLAINS,NONE,"Temperate Grasslands, Savannas & Shrublands"
73089,BISON,bonus,1,0.5054692318324868,0.952404355953342,North America,-90.2191977678007,44.28286638920345,LAND,GRASSLAND,FOREST,Temperate Broadleaf & Mixed Forests
73788,BISON,bonus,1,0.5051335461883232,0.9517719170122169,North America,-82.72004195799865,31.4796035649234,LAND,PLAINS,NONE,"Temperate Grasslands, Savannas & Shrublands"
60052,BISON,bonus,1,0.49408326256057605,0.9309529460547943,North America,-102.76251929505423,31.691009476521163,LAND,PLAINS,NONE,"Temperate Grasslands, Savannas & Shrublands"
62062,BISON,bonus,1,0.4895572303925044,0.9224258045411738,North America,-99.84170571033725,31.691009476521163,LAND,PLAINS,NONE,"Temperate Grasslands, Savannas & Shrublands"
63401,BISON,bonus,1,0.4886889942012565,0.9207900289666551,North America,-98.09498741935738,32.114599105235165,LAND,PLAINS,NONE,"Temperate Grasslands, Savannas & Shrublands"
71779,BISON,bonus,1,0.48387340618602587,0.9117173580371726,North America,-85.4673065557727,31.057554606474433,LAND,PLAINS,NONE,"Temperate Grasslands, Savannas & Shrublands"
72751,BISON,bonus,1,0.4806606106019122,0.9056643823660463,North America,-91.50394091091825,45.45368452635414,LAND,GRASSLAND,FOREST,Temperate Broadleaf & Mixed Forests
78787,BISON,bonus,1,0.48031177153626753,0.9050071620972168,North America,-80.40931964102364,42.66576918707486,LAND,GRASSLAND,FOREST,Temperate Broadleaf & Mixed Forests
71414,BISON,bonus,1,0.480077912857409,0.9045665673389907,North America,-92.6894475980896,44.050322218742025,LAND,GRASSLAND,FOREST,Temperate Broadleaf & Mixed Forests
70773,BISON,bonus,1,0.475973538407379,0.8968338379944696,North America,-87.00967080609998,31.268452925056728,LAND,PLAINS,NONE,"Temperate Grasslands, Savannas & Shrublands"
60723,BISON,bonus,1,0.4757147632916745,0.8963463001357284,North America,-101.58439552570557,31.268452925056728,LAND,PLAINS,NONE,"Temperate Grasslands, Savannas & Shrublands"
76444,BISON,bonus,1,0.4750477252938003,0.8950895862654734,North America,-83.65590054368401,41.980068606862226,LAND,GRASSLAND,FOREST,Temperate Broadleaf & Mixed Forests
81801,BISON,bonus,1,0.4749379833444543,0.8948828300831698,North America,-76.0985333781435,43.355792871593664,LAND,GRASSLAND,FOREST,Temperate Broadleaf & Mixed Forests
67760,BISON,bonus,1,0.4748186058872513,0.8946579203977533,North America,-91.11264740889203,30.63650331464378,LAND,PLAINS,NONE,"Temperate Grasslands, Savannas & Shrublands"
68763,BISON,bonus,1,0.47358148578931863,0.8923271596446961,North America,-89.92461575002112,31.268452925056728,LAND,PLAINS,NONE,"Temperate Grasslands, Savannas & Shrublands"
74125,BISON,bonus,1,0.46953874781288085,0.8847105547361498,North America,-81.83000266842664,30.426344621584,LAND,PLAINS,NONE,"Temperate Grasslands, Savannas & Shrublands"
69435,BISON,bonus,1,0.46885188424882895,0.8834164890747218,North America,-88.60492909947737,30.426344621584,LAND,PLAINS,NONE,"Temperate Grasslands, Savannas & Shrublands"
75439,BISON,bonus,1,0.46562738544294596,0.877341464283199,North America,-85.07683279276746,41.75243236411642,LAND,GRASSLAND,FOREST,Temperate Broadleaf & Mixed Forests
158504,BISON,bonus,1,0.9797014272556165,1.8458679661359596,Europe,44.951462934439,48.811342310909744,LAND,PLAINS,NONE,"Temperate Grasslands, Savannas & Shrublands"
152478,BISON,bonus,1,0.9660023246358205,1.8200585634824253,Europe,34.671671494473394,46.877557212297,LAND,PLAINS,NONE,"Temperate Grasslands, Savannas & Shrublands"
154826,BISON,bonus,1,0.964803814956481,1.8178005455847033,Europe,38.07506139300228,45.6895231903518,LAND,PLAINS,NONE,"Temperate Grasslands, Savannas & Shrublands"
151139,BISON,bonus,1,0.9599831374117538,1.808718285872675,Europe,32.41919693825936,46.40053993467738,LAND,PLAINS,NONE,"Temperate Grasslands, Savannas & Shrublands"
149467,BISON,bonus,1,0.954791502996182,1.7989371354732457,Europe,29.501734141944578,45.21841507302177,LAND,PLAINS,NONE,"Temperate Grasslands, Savannas & Shrublands"
156825,BISON,bonus,1,0.9425222114470513,1.7758215274911928,Europe,43.010189077720696,51.04134837486153,LAND,PLAINS,NONE,"Temperate Grasslands, Savannas & Shrublands"
156163,BISON,bonus,1,0.9386829425535731,1.7685882626915133,Europe,40.621162470330646,47.11699538419542,LAND,PLAINS,NONE,"Temperate Grasslands, Savannas & Shrublands"
148462,BISON,bonus,1,0.9369149237291379,1.7652572773704065,Europe,27.87158282501092,44.983706553084104,LAND,PLAINS,NONE,"Temperate Grasslands, Savannas & Shrublands"
155158,BISON,bonus,1,0.9368532880460403,1.7651411544237403,Europe,38.945334697515165,46.877557212297,LAND,PLAINS,NONE,"Temperate Grasslands, Savannas & Shrublands"
157165,BISON,bonus,1,0.9345974824859699,1.760891168448469,Europe,42.61949073128334,48.323874746264565,LAND,PLAINS,NONE,"Temperate Grasslands, Savannas & Shrublands"
157162,BISON,bonus,1,0.9330554481918122,1.7579859428210645,Europe,43.11960291308108,49.79485459877523,LAND,PLAINS,NONE,"Temperate Grasslands, Savannas & Shrublands"
155831,BISON,bonus,1,0.9293943784334681,1.7510884090074819,Europe,39.595797903023815,45.45368452635414,LAND,PLAINS,NONE,"Temperate Grasslands, Savannas & Shrublands"
157169,BISON,bonus,1,0.9262779936755736,1.7452170733972496,Europe,42.000760620050656,46.40053993467738,LAND,PLAINS,NONE,"Temperate Grasslands, Savannas & Shrublands"
152474,BISON,bonus,1,0.9259474321358744,1.7445942883786498,Europe,35.19154147428811,48.811342310909744,LAND,PLAINS,NONE,"Temperate Grasslands, Savannas & Shrublands"
151806,BISON,bonus,1,0.9225075702942545,1.738113515016561,Europe,33.84981336120961,47.8391446032062,LAND,PLAINS,NONE,"Temperate Grasslands, Savannas & Shrublands"
157837,BISON,bonus,1,0.9210822423871236,1.7354281667211695,Europe,43.375876949396954,47.35706604786749,LAND,PLAINS,NONE,"Temperate Grasslands, Savannas & Shrublands"
152146,BISON,bonus,1,0.9193354829143877,1.7321372344738581,Europe,33.838789187601435,45.6895231903518,LAND,PLAINS,NONE,"Temperate Grasslands, Savannas & Shrublands"
158510,BISON,bonus,1,0.9116286241920217,1.7176173476257948,Europe,43.975829041378866,45.92593952104097,LAND,PLAINS,NONE,"Temperate Grasslands, Savannas & Shrublands"
153816,BISON,bonus,1,0.9038562945530336,1.7029741121689872,Europe,37.07857867290006,47.8391446032062,LAND,PLAINS,NONE,"Temperate Grasslands, Savannas & Shrublands"
159184,BISON,bonus,1,0.8995825031530057,1.6949221976632052,Europe,44.43669877965598,44.050322218742025,LAND,PLAINS,NONE,"Temperate Grasslands, Savannas & Shrublands"
150466,BISON,bonus,1,0.8907023515593923,1.6781918019237938,Europe,31.69730315341598,47.8391446032062,LAND,PLAINS,NONE,"Temperate Grasslands, Savannas & Shrublands"
153477,BISON,bonus,1,0.8876872891400125,1.6725113597687828,Europe,37.18273686314412,50.042589919470636,LAND,PLAINS,NONE,"Temperate Grasslands, Savannas & Shrublands"
151134,BISON,bonus,1,0.8792520096549411,1.6566191126072278,Europe,33.02267003869902,48.811342310909744,LAND,PLAINS,NONE,"Temperate Grasslands, Savannas & Shrublands"
158167,BISON,bonus,1,0.8763931339069418,1.6512329294852828,Europe,44.84894687662854,50.042589919470636,LAND,PLAINS,NONE,"Temperate Grasslands, Savannas & Shrublands"
150134,BISON,bonus,1,0.8704751312540834,1.6400832857741985,Europe,30.8769553461141,46.638741875738894,LAND,PLAINS,NONE,"Temperate Grasslands, Savannas & Shrublands"
156837,BISON,bonus,1,0.8699744295616363,1.639139953064872,Europe,41.111820716252645,45.21841507302177,LAND,PLAINS,NONE,"Temperate Grasslands, Savannas & Shrublands"
154818,BISON,bonus,1,0.8669056035081559,1.6333582190720575,Europe,39.216138997138145,49.54787461872129,LAND,PLAINS,NONE,"Temperate Grasslands, Savannas & Shrublands"
156159,BISON,bonus,1,0.8653702081479656,1.6304655013383968,Europe,41.23566819352103,49.05613060312167,LAND,PLAINS,NONE,"Temperate Grasslands, Savannas & Shrublands"
153487,BISON,bonus,1,0.8653687627841236,1.630462778241971,Europe,35.834508637021706,45.21841507302177,LAND,PLAINS,NONE,"Temperate Grasslands, Savannas & Shrublands"
155820,BISON,bonus,1,0.8619763208604215,1.6240713450205693,Europe,41.267959358344314,50.79045892742686,LAND,PLAINS,NONE,"Temperate Grasslands, Savannas & Shrublands"
154480,BISON,bonus,1,0.8432306786261297,1.588754153679525,Europe,39.064149953100234,50.79045892742686,LAND,PLAINS,NONE,"Temperate Grasslands, Savannas & Shrublands"
155491,BISON,bonus,1,0.8320418548960046,1.567674170202876,Europe,39.84357699423671,48.08117295780634,LAND,PLAINS,NONE,"Temperate Grasslands, Savannas & Shrublands"
148455,BISON,bonus,1,0.8163068269709886,1.5380290406821666,Europe,28.5755711543691,48.323874746264565,LAND,PLAINS,NONE,"Temperate Grasslands, Savannas & Shrublands"
149127,BISON,bonus,1,0.8082616622062464,1.522871778006639,Europe,29.436054898323206,47.35706604786749,LAND,PLAINS,NONE,"Temperate Grasslands, Savannas & Shrublands"
148795,BISON,bonus,1,0.7702721230814494,1.4512986728838833,Europe,28.642653386123424,46.162942158881144,LAND,PLAINS,NONE,"Temperate Grasslands, Savannas & Shrublands"
158178,BISON,bonus,1,0.7512788476915851,1.4155149353755523,Europe,43.078087851621156,44.7495508625718,LAND,PLAINS,NONE,"Temperate Grasslands, Savannas & Shrublands"
133039,BISON,bonus,1,0.5458903491018068,1.0285586063640264,Europe,3.819127487491826,51.29306135543657,LAND,GRASSLAND,FOREST,Temperate Broadleaf & Mixed Forests
145433,BISON,bonus,1,0.5418670368044731,1.0209785998508445,Europe,24.446050677144147,52.053291334342006,LAND,GRASSLAND,FOREST,Temperate Broadleaf & Mixed Forests
147108,BISON,bonus,1,0.5418122658509884,1.020875410201753,Europe,27.171452687627028,51.799017430246444,LAND,GRASSLAND,FOREST,Temperate Broadleaf & Mixed Forests
150125,BISON,bonus,1,0.5417172179041544,1.0206963378348022,Europe,31.968197436609483,51.04134837486153,LAND,GRASSLAND,FOREST,Temperate Broadleaf & Mixed Forests
144103,BISON,bonus,1,0.5410514909446632,1.0194420939889322,Europe,21.354958109719778,47.11699538419542,LAND,GRASSLAND,FOREST,Temperate Broadleaf & Mixed Forests
134042,BISON,bonus,1,0.5402489953208593,1.0179301750510796,Europe,5.538350801027069,52.5645112416579,LAND,GRASSLAND,FOREST,Temperate Broadleaf & Mixed Forests
141422,BISON,bonus,1,0.536566314382366,1.010991925311369,Europe,17.13609890063074,47.597779083615166,LAND,GRASSLAND,FOREST,Temperate Broadleaf & Mixed Forests
144771,BISON,bonus,1,0.5354488777931823,1.0088866508513938,Europe,22.591297188248422,48.08117295780634,LAND,GRASSLAND,FOREST,Temperate Broadleaf & Mixed Forests
148447,BISON,bonus,1,0.5340846374151162,1.0063163927687342,Europe,29.52166250440346,52.30845042582557,LAND,GRASSLAND,FOREST,Temperate Broadleaf & Mixed Forests
135045,BISON,bonus,1,0.5336317617289299,1.0054631652792276,Europe,7.264794063198413,53.33827683819212,LAND,GRASSLAND,FOREST,Temperate Broadleaf & Mixed Forests
147780,BISON,bonus,1,0.5330093272914616,1.0042904854718049,Europe,28.045102926879835,50.79045892742686,LAND,GRASSLAND,FOREST,Temperate Broadleaf & Mixed Forests
143770,BISON,bonus,1,0.5323545954867865,1.003056956733031,Europe,20.636052188368947,45.92593952104097,LAND,GRASSLAND,FOREST,Temperate Broadleaf & Mixed Forests
143098,BISON,bonus,1,0.5306071661900883,0.9997647625230325,Europe,19.71385028382718,46.877557212297,LAND,GRASSLAND,FOREST,Temperate Broadleaf & Mixed Forests
144428,BISON,bonus,1,0.5300955047928549,0.9988007814952253,Europe,22.726493890328456,51.799017430246444,LAND,GRASSLAND,FOREST,Temperate Broadleaf & Mixed Forests
134379,BISON,bonus,1,0.5295097377013394,0.9976971837526791,Europe,6.032166573380806,51.29306135543657,LAND,GRASSLAND,FOREST,Temperate Broadleaf & Mixed Forests
157174,BISON,bonus,1,0.5270523739179593,0.9930674577690357,Europe,41.29640535115799,44.050322218742025,LAND,PLAINS,NONE,"Temperate Grasslands, Savannas & Shrublands"
131706,BISON,bonus,1,0.5269412660038412,0.992858128079854,Europe,1.562160244305111,47.8391446032062,LAND,GRASSLAND,FOREST,Temperate Broadleaf & Mixed Forests
138062,BISON,bonus,1,0.5262801871689874,0.991612641400324,Europe,12.249499888159505,52.5645112416579,LAND,GRASSLAND,FOREST,Temperate Broadleaf & Mixed Forests
141077,BISON,bonus,1,0.525758363013129,0.9906295135176678,Europe,17.24490837857461,52.30845042582557,LAND,GRASSLAND,FOREST,Temperate Broadleaf & Mixed Forests
143087,BISON,bonus,1,0.5251757979075,0.9895319483850912,Europe,20.593114049255203,52.30845042582557,LAND,GRASSLAND,FOREST,Temperate Broadleaf & Mixed Forests
136722,BISON,bonus,1,0.5249756208817796,0.9891548105825508,Europe,10.012450192448695,52.5645112416579,LAND,GRASSLAND,FOREST,Temperate Broadleaf & Mixed Forests
147441,BISON,bonus,1,0.5246781645490431,0.9885943964827,Europe,28.03356999785084,53.07940665089093,LAND,GRASSLAND,FOREST,Temperate Broadleaf & Mixed Forests
154813,BISON,bonus,1,0.5246272456080928,0.9884984641077005,Europe,40.0370151996792,52.053291334342006,LAND,GRASSLAND,FOREST,Temperate Broadleaf & Mixed Forests
146436,BISON,bonus,1,0.5244983482022911,0.988255618635288,Europe,26.28933283591994,52.8214908059916,LAND,GRASSLAND,FOREST,Temperate Broadleaf & Mixed Forests
144096,BISON,bonus,1,0.5243031776826024,0.9878879131973078,Europe,21.939358262182974,50.54037863654408,LAND,GRASSLAND,FOREST,Temperate Broadleaf & Mixed Forests
148785,BISON,bonus,1,0.5234725346134964,0.9863229638698282,Europe,29.75979910838724,51.04134837486153,LAND,GRASSLAND,FOREST,Temperate Broadleaf & Mixed Forests
141750,BISON,bonus,1,0.5223621851415254,0.9842310416904274,Europe,18.127960603281476,50.79045892742686,LAND,GRASSLAND,FOREST,Temperate Broadleaf & Mixed Forests
149452,BISON,bonus,1,0.5213516960154914,0.9823272585409281,Europe,31.264422301701405,52.5645112416579,LAND,GRASSLAND,FOREST,Temperate Broadleaf & Mixed Forests
130035,BISON,bonus,1,0.5209249924071909,0.9815233398065413,Europe,-1.1143159646245653,46.162942158881144,LAND,GRASSLAND,FOREST,Temperate Broadleaf & Mixed Forests
155817,BISON,bonus,1,0.5200040801581015,0.9797883214111774,Europe,41.7984166302323,52.30845042582557,LAND,GRASSLAND,FOREST,Temperate Broadleaf & Mixed Forests
145770,BISON,bonus,1,0.5189702837150616,0.9778406267773954,Europe,24.739388819013715,50.79045892742686,LAND,GRASSLAND,FOREST,Temperate Broadleaf & Mixed Forests
151127,BISON,bonus,1,0.5185800230397438,0.9771053673090444,Europe,33.985936731977574,52.30845042582557,LAND,GRASSLAND,FOREST,Temperate Broadleaf & Mixed Forests
138078,BISON,bonus,1,0.5185451805808454,0.9770397233704518,Europe,11.520187886563475,44.7495508625718,LAND,GRASSLAND,FOREST,Temperate Broadleaf & Mixed Forests
138734,BISON,bonus,1,0.5183726649765558,0.9767147002781584,Europe,13.252590201939727,51.545612644119586,LAND,GRASSLAND,FOREST,Temperate Broadleaf & Mixed Forests
161181,BISON,bonus,1,0.9987075965085548,1.8816759959583984,Central + South Asia,49.87808515439078,50.29109350879687,LAND,PLAINS,NONE,"Temperate Grasslands, Savannas & Shrublands"
160177,BISON,bonus,1,0.9953640323788645,1.87537664954746,Central + South Asia,48.13446545383618,50.042589919470636,LAND,PLAINS,NONE,"Temperate Grasslands, Savannas & Shrublands"
172906,BISON,bonus,1,0.9853595565296471,1.856528002837063,Central + South Asia,69.2236958511663,50.54037863654408,LAND,PLAINS,NONE,"Temperate Grasslands, Savannas & Shrublands"
158842,BISON,bonus,1,0.9816650890723984,1.8495675470436503,Central + South Asia,45.066964040220064,47.597779083615166,LAND,PLAINS,NONE,"Temperate Grasslands, Savannas & Shrublands"
177927,BISON,bonus,1,0.9791106674731404,1.844754962056743,Central + South Asia,78.62867900771883,52.30845042582557,LAND,PLAINS,NONE,"Temperate Grasslands, Savannas & Shrublands"
170222,BISON,bonus,1,0.9723842116749751,1.8320821753097354,Central + South Asia,65.93869258521902,52.5645112416579,LAND,PLAINS,NONE,"Temperate Grasslands, Savannas & Shrublands"
159509,BISON,bonus,1,0.9718547480782704,1.8310846545569532,Central + South Asia,46.66835102057222,49.05613060312167,LAND,PLAINS,NONE,"Temperate Grasslands, Savannas & Shrublands"
175917,BISON,bonus,1,0.9704809719667638,1.8284964309483172,Central + South Asia,75.28047333703822,52.30845042582557,LAND,PLAINS,NONE,"Temperate Grasslands, Savannas & Shrublands"
179270,BISON,bonus,1,0.9637829158173455,1.8158771497476272,Central + South Asia,79.83462395011571,50.79045892742686,LAND,PLAINS,NONE,"Temperate Grasslands, Savannas & Shrublands"
175915,BISON,bonus,1,0.9636592016016708,1.8156440695163936,Central + South Asia,75.95486181513103,53.33827683819212,LAND,PLAINS,NONE,"Temperate Grasslands, Savannas & Shrublands"
167875,BISON,bonus,1,0.9632488057209327,1.8148708748899065,Central + South Asia,62.44206160163609,53.33827683819212,LAND,PLAINS,NONE,"Temperate Grasslands, Savannas & Shrublands"
176920,BISON,bonus,1,0.9612929095044582,1.8111859245394677,Central + South Asia,77.82138728500408,53.59811998258185,LAND,PLAINS,NONE,"Temperate Grasslands, Savannas & Shrublands"
172568,BISON,bonus,1,0.9602939063139113,1.8093037811383568,Central + South Asia,69.39856126196345,51.799017430246444,LAND,PLAINS,NONE,"Temperate Grasslands, Savannas & Shrublands"
167878,BISON,bonus,1,0.9596055325801268,1.8080068702848175,Central + South Asia,61.619883366690964,51.799017430246444,LAND,PLAINS,NONE,"Temperate Grasslands, Savannas & Shrublands"
179268,BISON,bonus,1,0.9582037357875444,1.8053658551130711,Central + South Asia,80.51095825520991,51.799017430246444,LAND,PLAINS,NONE,"Temperate Grasslands, Savannas & Shrublands"
169884,BISON,bonus,1,0.957831960028287,1.804665421622367,Central + South Asia,66.12285516739084,53.858955275976484,LAND,PLAINS,NONE,"Temperate Grasslands, Savannas & Shrublands"
173909,BISON,bonus,1,0.9577949687790045,1.8045957293166819,Central + South Asia,71.31681960710573,51.29306135543657,LAND,PLAINS,NONE,"Temperate Grasslands, Savannas & Shrublands"
172229,BISON,bonus,1,0.9532409546852215,1.7960158692558874,Central + South Asia,70.24542469853655,54.120802513292716,LAND,PLAINS,NONE,"Temperate Grasslands, Savannas & Shrublands"
173903,BISON,bonus,1,0.952627609430966,1.7948603136642503,Central + South Asia,73.25195266278867,54.383682119706265,LAND,PLAINS,NONE,"Temperate Grasslands, Savannas & Shrublands"
162185,BISON,bonus,1,0.9519110738134258,1.7935103452187282,Central + South Asia,51.84378239060966,51.04134837486153,LAND,PLAINS,NONE,"Temperate Grasslands, Savannas & Shrublands"
158835,BISON,bonus,1,0.9516300648197777,1.7929809182578813,Central + South Asia,46.32278657005404,51.04134837486153,LAND,PLAINS,NONE,"Temperate Grasslands, Savannas & Shrublands"
159852,BISON,bonus,1,0.9507532767996387,1.7913290308546246,Central + South Asia,45.78426483241976,44.983706553084104,LAND,PLAINS,NONE,"Temperate Grasslands, Savannas & Shrublands"
174241,BISON,bonus,1,0.9469086039982678,1.7840855849767696,Central + South Asia,72.9745075649346,53.07940665089093,LAND,PLAINS,NONE,"Temperate Grasslands, Savannas & Shrublands"
174908,BISON,bonus,1,0.9445328896468413,1.7796096882711605,Central + South Asia,75.13471217747316,54.64761517950474,LAND,PLAINS,NONE,"Temperate Grasslands, Savannas & Shrublands"
179266,BISON,bonus,1,0.943617572897427,1.7778852119169926,Central + South Asia,81.2188058271103,52.8214908059916,LAND,PLAINS,NONE,"Temperate Grasslands, Savannas & Shrublands"
176582,BISON,bonus,1,0.943330511814817,1.7773443826909574,Central + South Asia,78.16973524105373,54.91262346664876,LAND,PLAINS,NONE,"Temperate Grasslands, Savannas & Shrublands"
167203,BISON,bonus,1,0.9421153065195805,1.7750549098954078,Central + South Asia,61.88651073383531,54.383682119706265,LAND,PLAINS,NONE,"Temperate Grasslands, Savannas & Shrublands"
177923,BISON,bonus,1,0.9402702880198172,1.7715788555373069,Central + South Asia,80.07121782016068,54.383682119706265,LAND,PLAINS,NONE,"Temperate Grasslands, Savannas & Shrublands"
169212,BISON,bonus,1,0.9398457961636982,1.770779103791387,Central + South Asia,65.60803289374132,54.91262346664876,LAND,PLAINS,NONE,"Temperate Grasslands, Savannas & Shrublands"
177929,BISON,bonus,1,0.9397737923242031,1.7706434470160706,Central + South Asia,77.95593686477265,51.29306135543657,LAND,PLAINS,NONE,"Temperate Grasslands, Savannas & Shrublands"
170888,BISON,bonus,1,0.9383227544867686,1.7679096606615,Central + South Asia,68.2992584616357,54.64761517950474,LAND,PLAINS,NONE,"Temperate Grasslands, Savannas & Shrublands"
171564,BISON,bonus,1,0.9369499581166355,1.7653232829065895,Central + South Asia,67.58703638003279,51.545612644119586,LAND,PLAINS,NONE,"Temperate Grasslands, Savannas & Shrublands"
180942,BISON,bonus,1,0.9363374340481511,1.764169274446528,Central + South Asia,83.83509015090551,52.5645112416579,LAND,PLAINS,NONE,"Temperate Grasslands, Savannas & Shrublands"
171891,BISON,bonus,1,0.9340775812896488,1.7599116634627543,Central + South Asia,70.51767132849913,55.445956463509454,LAND,PLAINS,NONE,"Temperate Grasslands, Savannas & Shrublands"
168208,BISON,bonus,1,0.9321736463735271,1.7563246093147478,Central + South Asia,63.74228931774407,54.64761517950474,LAND,PLAINS,NONE,"Temperate Grasslands, Savannas & Shrublands"
160508,BISON,bonus,1,0.9304928888775826,1.7531580262049102,Central + South Asia,49.3962466741199,51.799017430246444,LAND,PLAINS,NONE,"Temperate Grasslands, Savannas & Shrublands"
177921,BISON,bonus,1,0.9286938931365202,1.7497686797096166,Central + South Asia,80.84547899204142,55.445956463509454,LAND,PLAINS,NONE,"Temperate Grasslands, Savannas & Shrublands"
182290,BISON,bonus,1,0.9252251857215787,1.743233560669764,Central + South Asia,83.28900704229395,48.56726082377137,LAND,PLAINS,NONE,"Temperate Grasslands, Savannas & Shrublands"
173231,BISON,bonus,1,0.924530747157268,1.7419252235456564,Central + South Asia,72.81273969817519,55.445956463509454,LAND,PLAINS,NONE,"Temperate Grasslands, Savannas & Shrublands"
181288,BISON,bonus,1,0.924429659628375,1.74173477247679,Central + South Asia,80.61355092717245,46.877557212297,LAND,PLAINS,NONE,"Temperate Grasslands, Savannas & Shrublands"
174582,BISON,bonus,1,0.9238873540063042,1.7407130570732514,Central + South Asia,71.53703470821473,49.79485459877523,LAND,PLAINS,NONE,"Temperate Grasslands, Savannas & Shrublands"
179934,BISON,bonus,1,0.923856012007723,1.7406540080768464,Central + South Asia,83.09150792256425,53.858955275976484,LAND,PLAINS,NONE,"Temperate Grasslands, Savannas & Shrublands"
173236,BISON,bonus,1,0.9232509782092967,1.739514111445952,Central + South Asia,71.12971895117735,52.8214908059916,LAND,PLAINS,NONE,"Temperate Grasslands, Savannas & Shrublands"
159836,BISON,bonus,1,0.9225236401079744,1.7381437908896875,Central + South Asia,48.70952589354865,52.8214908059916,LAND,PLAINS,NONE,"Temperate Grasslands, Savannas & Shrublands"
174906,BISON,bonus,1,0.9223854883291894,1.7378835099804248,Central + South Asia,75.86833305992306,55.714328471037504,LAND,PLAINS,NONE,"Temperate Grasslands, Savannas & Shrublands"
175910,BISON,bonus,1,0.9212375964374104,1.7357208570782676,Central + South Asia,77.78724000675439,55.98387037675724,LAND,PLAINS,NONE,"Temperate Grasslands, Savannas & Shrublands"
169880,BISON,bonus,1,0.9199365609995054,1.7332696784561814,Central + South Asia,67.40814700087662,55.98387037675724,LAND,PLAINS,NONE,"Temperate Grasslands, Savannas & Shrublands"
166541,BISON,bonus,1,0.9195917926472975,1.7326201274986268,Central + South Asia,58.65722065759743,50.29109350879687,LAND,PLAINS,NONE,"Temperate Grasslands, Savannas & Shrublands"
178926,BISON,bonus,1,0.9128011115467292,1.719826338906734,Central + South Asia,82.77052865100872,55.714328471037504,LAND,PLAINS,NONE,"Temperate Grasslands, Savannas & Shrublands"
175919,BISON,bonus,1,0.9081068125979788,1.7109821791754767,Central + South Asia,74.63637823593918,51.29306135543657,LAND,PLAINS,NONE,"Temperate Grasslands, Savannas & Shrublands"
166874,BISON,bonus,1,0.9076500595228296,1.7101216466021438,Central + South Asia,59.82497264030522,51.545612644119586,LAND,PLAINS,NONE,"Temperate Grasslands, Savannas & Shrublands"
163524,BISON,bonus,1,0.9054528022883948,1.705981966925975,Central + South Asia,54.280641397642654,51.545612644119586,LAND,PLAINS,NONE,"Temperate Grasslands, Savannas & Shrublands"
178604,BISON,bonus,1,0.9026476743701414,1.700697045866091,Central + South Asia,77.48453446827534,48.811342310909744,LAND,PLAINS,NONE,"Temperate Grasslands, Savannas & Shrublands"
176592,BISON,bonus,1,0.9002410690967926,1.6961629500021604,Central + South Asia,74.81596914611478,49.79485459877523,LAND,PLAINS,NONE,"Temperate Grasslands, Savannas & Shrublands"
168882,BISON,bonus,1,0.8998426854658738,1.6954123867115327,Central + South Asia,63.70164288950817,52.5645112416579,LAND,PLAINS,NONE,"Temperate Grasslands, Savannas & Shrublands"
168540,BISON,bonus,1,0.8985525069933443,1.6929816628446777,Central + South Asia,65.10168188845935,55.98387037675724,LAND,PLAINS,NONE,"Temperate Grasslands, Savannas & Shrublands"
164531,BISON,bonus,1,0.8979418575047178,1.691831186133206,Central + South Asia,55.36504484389495,50.29109350879687,LAND,PLAINS,NONE,"Temperate Grasslands, Savannas & Shrublands"
166536,BISON,bonus,1,0.8956313994425319,1.6874782336737588,Central + South Asia,59.919622422363,52.8214908059916,LAND,PLAINS,NONE,"Temperate Grasslands, Savannas & Shrublands"
171226,BISON,bonus,1,0.8831043095690378,1.6638769281287658,Central + South Asia,67.76668999253305,52.8214908059916,LAND,PLAINS,NONE,"Temperate Grasslands, Savannas & Shrublands"
176261,BISON,bonus,1,0.8811056662140677,1.6601114412541225,Central + South Asia,73.26986911833899,48.08117295780634,LAND,PLAINS,NONE,"Temperate Grasslands, Savannas & Shrublands"
166531,BISON,bonus,1,0.8810009971321294,1.6599142424626325,Central + South Asia,61.337397849794876,55.445956463509454,LAND,PLAINS,NONE,"Temperate Grasslands, Savannas & Shrublands"
161176,BISON,bonus,1,0.8791085295290391,1.6563487929779088,Central + South Asia,50.951545199311525,52.8214908059916,LAND,PLAINS,NONE,"Temperate Grasslands, Savannas & Shrublands"
164528,BISON,bonus,1,0.8509493336117406,1.6032962649401172,Central + South Asia,56.06368487006776,51.799017430246444,LAND,PLAINS,NONE,"Temperate Grasslands, Savannas & Shrublands"
177931,BISON,bonus,1,0.8493473120041176,1.600278021929728,Central + South Asia,77.31288360191157,50.29109350879687,LAND,PLAINS,NONE,"Temperate Grasslands, Savannas & Shrublands"
180612,BISON,bonus,1,0.8455970480725767,1.5932124443840647,Central + South Asia,81.37383802191488,49.79485459877523,LAND,PLAINS,NONE,"Temperate Grasslands, Savannas & Shrublands"
180951,BISON,bonus,1,0.842780079050491,1.5879052144310253,Central + South Asia,80.81774153345889,48.08117295780634,LAND,PLAINS,NONE,"Temperate Grasslands, Savannas & Shrublands"
163855,BISON,bonus,1,0.8376069709983054,1.5781589680968924,Central + South Asia,55.68566149488863,53.33827683819212,LAND,PLAINS,NONE,"Temperate Grasslands, Savannas & Shrublands"
179930,BISON,bonus,1,0.8336950323317431,1.5707887918887562,Central + South Asia,84.70663534400626,55.98387037675724,LAND,PLAINS,NONE,"Temperate Grasslands, Savannas & Shrublands"
162852,BISON,bonus,1,0.8336345605719283,1.5706748617984763,Central + South Asia,53.63491925880954,52.5645112416579,LAND,PLAINS,NONE,"Temperate Grasslands, Savannas & Shrublands"
182275,BISON,bonus,1,0.833112007261091,1.5696903601722276,Central + South Asia,88.9662712960185,56.25460793052333,LAND,PLAINS,NONE,"Temperate Grasslands, Savannas & Shrublands"
180935,BISON,bonus,1,0.8295712016535709,1.5630194065938288,Central + South Asia,86.65400195444121,56.25460793052333,LAND,PLAINS,NONE,"Temperate Grasslands, Savannas & Shrublands"
166199,BISON,bonus,1,0.8228205294417492,1.5503009956049838,Central + South Asia,60.0405216659815,54.120802513292716,LAND,PLAINS,NONE,"Temperate Grasslands, Savannas & Shrublands"
180602,BISON,bonus,1,0.8221447437321906,1.549027800858614,Central + South Asia,85.02157288504236,54.91262346664876,LAND,PLAINS,NONE,"Temperate Grasslands, Savannas & Shrublands"
185295,BISON,bonus,1,0.8160554400086105,1.5375554222624837,Central + South Asia,91.71979539754182,53.33827683819212,LAND,PLAINS,NONE,"Temperate Grasslands, Savannas & Shrublands"
163183,BISON,bonus,1,0.8159562731443114,1.5373685897668363,Central + South Asia,55.067245576463286,54.383682119706265,LAND,PLAINS,NONE,"Temperate Grasslands, Savannas & Shrublands"
184305,BISON,bonus,1,0.8083846667673248,1.5231035212334183,Central + South Asia,84.96834537146785,46.162942158881144,LAND,PLAINS,NONE,"Temperate Grasslands, Savannas & Shrublands"
185959,BISON,bonus,1,0.8010805399563877,1.5093423899295668,Central + South Asia,95.5672735517249,56.52656779887155,LAND,PLAINS,NONE,"Temperate Grasslands, Savannas & Shrublands"
165535,BISON,bonus,1,0.7928664897155117,1.4938669434009177,Central + South Asia,57.36477821116525,51.04134837486153,LAND,PLAINS,NONE,"Temperate Grasslands, Savannas & Shrublands"
181943,BISON,bonus,1,0.7822246641983531,1.4738175162695302,Central + South Asia,86.89048297753276,54.383682119706265,LAND,PLAINS,NONE,"Temperate Grasslands, Savannas & Shrublands"
165532,BISON,bonus,1,0.7670116843550289,1.4451559365125415,Central + South Asia,58.10901865023116,52.5645112416579,LAND,PLAINS,NONE,"Temperate Grasslands, Savannas & Shrublands"
185626,BISON,bonus,1,0.7654761103695692,1.4422628822450487,Central + South Asia,94.2741879694848,55.714328471037504,LAND,PLAINS,NONE,"Temperate Grasslands, Savannas & Shrublands"
160849,BISON,bonus,1,0.7651675447392908,1.4416815379907626,Central + South Asia,48.84142415139271,49.05613060312167,LAND,PLAINS,NONE,"Temperate Grasslands, Savannas & Shrublands"
177600,BISON,bonus,1,0.759158554333188,1.430360471404385,Central + South Asia,75.7125047191011,48.56726082377137,LAND,PLAINS,NONE,"Temperate Grasslands, Savannas & Shrublands"
180610,BISON,bonus,1,0.7584722293464924,1.4290674204342277,Central + South Asia,82.03843335535979,50.79045892742686,LAND,PLAINS,NONE,"Temperate Grasslands, Savannas & Shrublands"
183951,BISON,bonus,1,0.7483869528590328,1.4100665435913224,Central + South Asia,91.17328665558372,55.445956463509454,LAND,PLAINS,NONE,"Temperate Grasslands, Savannas & Shrublands"
182283,BISON,bonus,1,0.7069114682454933,1.3319258425285805,Central + South Asia,85.69626844424612,52.053291334342006,LAND,PLAINS,NONE,"Temperate Grasslands, Savannas & Shrublands"
182628,BISON,bonus,1,0.6917956105305731,1.303447242941032,Central + South Asia,82.75038252869334,46.877557212297,LAND,PLAINS,NONE,"Temperate Grasslands, Savannas & Shrublands"
191333,BISON,bonus,1,0.6874624062193646,1.2952833932384682,Central + South Asia,98.47093778293721,49.3016373806129,LAND,PLAINS,NONE,"Temperate Grasslands, Savannas & Shrublands"
160191,BISON,bonus,1,0.6798629873261954,1.2809659253290557,Central + South Asia,45.786593391646065,43.355792871593664,LAND,PLAINS,NONE,"Temperate Grasslands, Savannas & Shrublands"
184637,BISON,bonus,1,0.6691207557054595,1.2607273309486866,Central + South Asia,86.2676371065469,47.35706604786749,LAND,PLAINS,NONE,"Temperate Grasslands, Savannas & Shrublands"
190329,BISON,bonus,1,0.6650671245460864,1.2530902030502513,Central + South Asia,96.64903302944319,49.05613060312167,LAND,PLAINS,NONE,"Temperate Grasslands, Savannas & Shrublands"
185635,BISON,bonus,1,0.6348290610804399,1.196121044039775,Central + South Asia,90.49075313449885,51.04134837486153,LAND,PLAINS,NONE,"Temperate Grasslands, Savannas & Shrublands"
185293,BISON,bonus,1,0.6246845488716256,1.1770085658295137,Central + South Asia,92.57320394200941,54.383682119706265,LAND,PLAINS,NONE,"Temperate Grasslands, Savannas & Shrublands"
191673,BISON,bonus,1,0.5696569265014902,1.0733353470622395,Central + South Asia,97.34943086546264,47.11699538419542,LAND,PLAINS,NONE,"Temperate Grasslands, Savannas & Shrublands"
181952,BISON,bonus,1,0.5493880536573719,1.0351483566376851,Central + South Asia,83.55979431384823,49.79485459877523,LAND,PLAINS,NONE,"Temperate Grasslands, Savannas & Shrublands"
192341,BISON,bonus,1,0.5217227661768906,0.9830263626701595,Central + South Asia,99.14828882732142,48.08117295780634,LAND,PLAINS,NONE,"Temperate Grasslands, Savannas & Shrublands"
167536,BISON,bonus,1,0.5012631445161829,0.9444799973909396,Central + South Asia,63.21430780959935,55.714328471037504,LAND,GRASSLAND,FOREST,Temperate Broadleaf & Mixed Forests
172559,BISON,bonus,1,0.5005749449874582,0.9431834147434631,Central + South Asia,72.38581549686198,56.52656779887155,LAND,GRASSLAND,FOREST,Temperate Broadleaf & Mixed Forests
171219,BISON,bonus,1,0.4939976144824638,0.9307915832417801,Central + South Asia,70.06766969137571,56.52656779887155,LAND,GRASSLAND,FOREST,Temperate Broadleaf & Mixed Forests
178254,BISON,bonus,1,0.48943493270918037,0.922195393087219,Central + South Asia,82.44901518813482,56.79977761169803,LAND,GRASSLAND,FOREST,Temperate Broadleaf & Mixed Forests
198708,BISON,bonus,1,0.8703594729989047,1.6398653831450294,East Asia,108.39236174694396,46.877557212297,LAND,PLAINS,NONE,"Temperate Grasslands, Savannas & Shrublands"
199713,BISON,bonus,1,0.8594667324567888,1.6193432267341643,East Asia,110.19356710586989,47.11699538419542,LAND,PLAINS,NONE,"Temperate Grasslands, Savannas & Shrublands"
197035,BISON,bonus,1,0.8494516634133259,1.6004746222189927,East Asia,105.16057457376112,46.162942158881144,LAND,PLAINS,NONE,"Temperate Grasslands, Savannas & Shrublands"
197704,BISON,bonus,1,0.8412383501458106,1.5850005641639349,East Asia,106.598956654659,46.638741875738894,LAND,PLAINS,NONE,"Temperate Grasslands, Savannas & Shrublands"
190989,BISON,bonus,1,0.8238412251403407,1.552224008155719,East Asia,101.99401191093013,54.120802513292716,LAND,PLAINS,NONE,"Temperate Grasslands, Savannas & Shrublands"
189648,BISON,bonus,1,0.8201950118222916,1.5453544641937504,East Asia,100.19804246887719,54.64761517950474,LAND,PLAINS,NONE,"Temperate Grasslands, Savannas & Shrublands"
200381,BISON,bonus,1,0.7974897619494968,1.5025772872807714,East Asia,112.08749868181263,48.08117295780634,LAND,PLAINS,NONE,"Temperate Grasslands, Savannas & Shrublands"
192331,BISON,bonus,1,0.7963709099051037,1.5004693460728749,East Asia,103.30964042271617,53.07940665089093,LAND,PLAINS,NONE,"Temperate Grasslands, Savannas & Shrublands"
194352,BISON,bonus,1,0.7663573979649683,1.443923246944438,East Asia,102.0029583632291,47.597779083615166,LAND,PLAINS,NONE,"Temperate Grasslands, Savannas & Shrublands"
195356,BISON,bonus,1,0.7410422210079514,1.3962289115224256,East Asia,103.80639511450269,47.8391446032062,LAND,PLAINS,NONE,"Temperate Grasslands, Savannas & Shrublands"
195689,BISON,bonus,1,0.7240062422595188,1.3641327627951378,East Asia,105.34132555272507,49.05613060312167,LAND,PLAINS,NONE,"Temperate Grasslands, Savannas & Shrublands"
196021,BISON,bonus,1,0.7190860599439097,1.3548630339642254,East Asia,106.94246592523402,50.29109350879687,LAND,PLAINS,NONE,"Temperate Grasslands, Savannas & Shrublands"
195694,BISON,bonus,1,0.6948352678731397,1.3091740224579402,East Asia,103.3994354726078,46.638741875738894,LAND,PLAINS,NONE,"Temperate Grasslands, Savannas & Shrublands"
197023,BISON,bonus,1,0.6900015513253143,1.3000671969848907,East Asia,110.1963555510869,52.053291334342006,LAND,PLAINS,NONE,"Temperate Grasslands, Savannas & Shrublands"
199708,BISON,bonus,1,0.6886941640319221,1.2976040513310643,East Asia,112.30023688453785,49.54787461872129,LAND,PLAINS,NONE,"Temperate Grasslands, Savannas & Shrublands"
199040,BISON,bonus,1,0.6849257853716013,1.290504345248517,East Asia,110.34794391083983,48.56726082377137,LAND,PLAINS,NONE,"Temperate Grasslands, Savannas & Shrublands"
196696,BISON,bonus,1,0.6710703849072669,1.2644004741093067,East Asia,105.95890532229633,47.8391446032062,LAND,PLAINS,NONE,"Temperate Grasslands, Savannas & Shrublands"
194014,BISON,bonus,1,0.6676188605073587,1.2578977282376904,East Asia,102.42655597754985,48.811342310909744,LAND,PLAINS,NONE,"Temperate Grasslands, Savannas & Shrublands"
198371,BISON,bonus,1,0.6160325468150453,1.1607080087028885,East Asia,108.85269621818982,48.08117295780634,LAND,PLAINS,NONE,"Temperate Grasslands, Savannas & Shrublands"
195348,BISON,bonus,1,0.5501875622813657,1.0366546480039394,East Asia,107.18071103900131,51.799017430246444,LAND,PLAINS,NONE,"Temperate Grasslands, Savannas & Shrublands"
192672,BISON,bonus,1,0.5445635794382896,1.0260589439098795,East Asia,101.0474446493151,49.79485459877523,LAND,PLAINS,NONE,"Temperate Grasslands, Savannas & Shrublands"
194012,BISON,bonus,1,0.4853902741455287,0.9145751697512392,East Asia,103.23340094124845,49.79485459877523,LAND,PLAINS,NONE,"Temperate Grasslands, Savannas & Shrublands"
193010,BISON,bonus,1,0.4829191788995576,0.9099195733980634,East Asia,100.6067266381633,48.56726082377137,LAND,PLAINS,NONE,"Temperate Grasslands, Savannas & Shrublands"
194689,BISON,bonus,1,0.46182193156351614,0.8701719076940156,East Asia,101.61937908452977,46.40053993467738,LAND,PLAINS,NONE,"Temperate Grasslands, Savannas & Shrublands"
190655,BISON,bonus,1,0.29684858898469946,0.5593585979547877,East Asia,100.72832887320511,53.33827683819212,LAND,GRASSLAND,NONE,Temperate Conifer Forests
197692,BISON,bonus,1,0.27682780068021867,0.5216390041147637,East Asia,111.79821134729067,52.5645112416579,LAND,TUNDRA,FOREST,Boreal Forests/Taiga
194344,BISON,bonus,1,0.27460788019869975,0.5174566263958353,East Asia,105.28848883013819,51.545612644119586,LAND,GRASSLAND,NONE,Temperate Conifer Forests
201054,BISON,bonus,1,0.26442984777039424,0.49828099537433584,East Asia,111.93149195807764,46.638741875738894,LAND,PLAINS,NONE,"Temperate Grasslands, Savannas & Shrublands"
190316,BISON,bonus,1,0.2589451212053971,0.48794765308985744,East Asia,102.32674949241809,55.714328471037504,LAND,TUNDRA,FOREST,Boreal Forests/Taiga
191999,BISON,bonus,1,0.2530262920802725,0.4767964522873277,East Asia,101.19284726660696,51.29306135543657,LAND,PLAINS,NONE,Montane Grasslands & Shrublands
194681,BISON,bonus,1,0.25233993854412956,0.4755033475294005,East Asia,104.74768204943237,50.29109350879687,LAND,GRASSLAND,FOREST,Temperate Conifer Forests
197354,BISON,bonus,1,0.25211535160200105,0.4750802209216953,East Asia,112.50383936486482,53.858955275976484,LAND,TUNDRA,FOREST,Boreal Forests/Taiga
188973,BISON,bonus,1,0.25142563755275893,0.47378078488513575,East Asia,101.56895984668874,57.35006270900051,LAND,TUNDRA,FOREST,Boreal Forests/Taiga
190312,BISON,bonus,1,0.25022527278033124,0.47151927195231524,East Asia,104.45828397019623,57.905705504580574,LAND,TUNDRA,FOREST,Boreal Forests/Taiga
192668,BISON,bonus,1,0.24618921476730446,0.4639152522378631,East Asia,102.73575224170276,51.799017430246444,LAND,GRASSLAND,FOREST,Temperate Conifer Forests
193671,BISON,bonus,1,0.2395379716314554,0.4513841677570725,East Asia,105.55668730107035,53.07940665089093,LAND,TUNDRA,FOREST,Boreal Forests/Taiga
187294,BISON,bonus,1,0.23937424822941628,0.4510757093620731,East Asia,100.5471398117294,59.32001945742503,LAND,TUNDRA,FOREST,Boreal Forests/Taiga
188299,BISON,bonus,1,0.23900834575067564,0.4503863412576181,East Asia,102.62366204043512,59.60750066218109,LAND,TUNDRA,FOREST,Boreal Forests/Taiga
193330,BISON,bonus,1,0.23744290613590274,0.44743701950503245,East Asia,107.77128646817911,55.98387037675724,LAND,TUNDRA,FOREST,Boreal Forests/Taiga
188639,BISON,bonus,1,0.2361400596899585,0.4449824289050241,East Asia,100.2035651626975,56.52656779887155,LAND,TUNDRA,FOREST,Boreal Forests/Taiga
188971,BISON,bonus,1,0.22960076395918647,0.4326622557323564,East Asia,102.66427682869057,58.466967248897035,LAND,TUNDRA,FOREST,Boreal Forests/Taiga
193332,BISON,bonus,1,0.2264599323013612,0.4267448616392105,East Asia,106.71905875767288,54.91262346664876,LAND,TUNDRA,FOREST,Boreal Forests/Taiga
190649,BISON,bonus,1,0.2258773648757656,0.42564729213576713,East Asia,103.68078387092692,56.52656779887155,LAND,TUNDRA,FOREST,Boreal Forests/Taiga
198699,BISON,bonus,1,0.22490656107306412,0.4238182769851471,East Asia,112.25804269605185,51.29306135543657,LAND,TUNDRA,FOREST,Boreal Forests/Taiga
141506,IVORY,luxury,1,1.0,1.4273676425599968,Africa,14.571881736335667,12.03098295587056,LAND,PLAINS,NONE,"Tropical & Subtropical Grasslands, Savannas & Shrublands"
142510,IVORY,luxury,1,0.9989250143888845,1.4258332492323273,Africa,15.947678825365392,12.22777349027391,LAND,PLAINS,NONE,"Tropical & Subtropical Grasslands, Savannas & Shrublands"
143182,IVORY,luxury,1,0.9981198429311559,1.4246839783029364,Africa,16.83873101756352,11.44104220190692,LAND,PLAINS,NONE,"Tropical & Subtropical Grasslands, Savannas & Shrublands"
140499,IVORY,luxury,1,0.9979811761807639,1.4244860506894215,Africa,13.215580924658255,12.621577799938805,LAND,PLAINS,NONE,"Tropical & Subtropical Grasslands, Savannas & Shrublands"
138155,IVORY,luxury,1,0.9971371547093071,1.4232813267370057,Africa,10.01131415445626,12.424638001421103,LAND,PLAINS,NONE,"Tropical & Subtropical Grasslands, Savannas & Shrublands"
154569,IVORY,luxury,1,0.9969330076386967,1.4229899350199737,Africa,32.41965166858048,12.621577799938805,LAND,PLAINS,NONE,"Tropical & Subtropical Grasslands, Savannas & Shrublands"
154573,IVORY,luxury,1,0.9963397795137943,1.4221431838939826,Africa,32.33211577627629,11.048094502998106,LAND,PLAINS,NONE,"Tropical & Subtropical Grasslands, Savannas & Shrublands"
143514,IVORY,luxury,1,0.9958595669323528,1.4214577468302603,Africa,17.337052402771796,12.818594202975977,LAND,PLAINS,NONE,"Tropical & Subtropical Grasslands, Savannas & Shrublands"
150888,IVORY,luxury,1,0.9951265447668731,1.420411459039879,Africa,27.324737216331968,11.244534594032151,LAND,PLAINS,NONE,"Tropical & Subtropical Grasslands, Savannas & Shrublands"
149548,IVORY,luxury,1,0.9943227685069629,1.4192641795624676,Africa,25.50013693966666,11.244534594032151,LAND,PLAINS,NONE,"Tropical & Subtropical Grasslands, Savannas & Shrublands"
139159,IVORY,luxury,1,0.9940096586565269,1.4188172585429035,Africa,11.386621806189469,12.621577799938805,LAND,PLAINS,NONE,"Tropical & Subtropical Grasslands, Savannas & Shrublands"
145528,IVORY,luxury,1,0.9939849862855749,1.418782042144679,Africa,20.026336109670744,11.244534594032151,LAND,PLAINS,NONE,"Tropical & Subtropical Grasslands, Savannas & Shrublands"
146533,IVORY,luxury,1,0.9932839474717562,1.417781406166636,Africa,21.38799116205926,11.048094502998106,LAND,PLAINS,NONE,"Tropical & Subtropical Grasslands, Savannas & Shrublands"
142179,IVORY,luxury,1,0.9931110198900488,1.4175345759534703,Africa,15.455102603524129,10.851720654570963,LAND,PLAINS,NONE,"Tropical & Subtropical Grasslands, Savannas & Shrublands"
156244,IVORY,luxury,1,0.9930152356729717,1.4173978572271362,Africa,34.71849365442865,12.818594202975977,LAND,PLAINS,NONE,"Tropical & Subtropical Grasslands, Savannas & Shrublands"
126762,IVORY,luxury,1,0.9929449511523221,1.4172975357917532,Africa,-5.541658838040324,13.607452439177125,LAND,PLAINS,NONE,"Tropical & Subtropical Grasslands, Savannas & Shrublands"
153897,IVORY,luxury,1,0.9926714481231316,1.416907148033305,Africa,31.55222009928387,13.410116311371835,LAND,PLAINS,NONE,"Tropical & Subtropical Grasslands, Savannas & Shrublands"
150220,IVORY,luxury,1,0.9924600139510512,1.416605354986471,Africa,26.379809535490775,10.459166616593047,LAND,PLAINS,NONE,"Tropical & Subtropical Grasslands, Savannas & Shrublands"
144518,IVORY,luxury,1,0.9923226235407256,1.4164092491719285,Africa,18.716197114218613,13.015688534338752,LAND,PLAINS,NONE,"Tropical & Subtropical Grasslands, Savannas & Shrublands"
140502,IVORY,luxury,1,0.9915833202222955,1.4153539959041699,Africa,13.188349985973955,11.44104220190692,LAND,PLAINS,NONE,"Tropical & Subtropical Grasslands, Savannas & Shrublands"
151560,IVORY,luxury,1,0.9914672366771912,1.4151883026937506,Africa,28.202155865543276,10.459166616593047,LAND,PLAINS,NONE,"Tropical & Subtropical Grasslands, Savannas & Shrublands"
152958,IVORY,luxury,1,0.9905170569292983,1.4138320524796286,Africa,30.109828216027935,-12.186357175157138,LAND,PLAINS,NONE,"Tropical & Subtropical Grasslands, Savannas & Shrublands"
143185,IVORY,luxury,1,0.9902491502837046,1.4134496527849847,Africa,16.80753815473414,10.26298390619899,LAND,PLAINS,NONE,"Tropical & Subtropical Grasslands, Savannas & Shrublands"
151220,IVORY,luxury,1,0.9900359373001155,1.4131453207306681,Africa,27.82746509440161,12.22777349027391,LAND,PLAINS,NONE,"Tropical & Subtropical Grasslands, Savannas & Shrublands"
142507,IVORY,luxury,1,0.989949487961663,1.4130219262528896,Africa,15.982851873172796,13.410116311371835,LAND,PLAINS,NONE,"Tropical & Subtropical Grasslands, Savannas & Shrublands"
148544,IVORY,luxury,1,0.9892532823961846,1.4120281890685864,Africa,24.109117656242116,10.65541178013962,LAND,PLAINS,NONE,"Tropical & Subtropical Grasslands, Savannas & Shrublands"
143846,IVORY,luxury,1,0.9892180415292189,1.4119778876035487,Africa,17.828471081942787,13.804871859859785,LAND,PLAINS,NONE,"Tropical & Subtropical Grasslands, Savannas & Shrublands"
154241,IVORY,luxury,1,0.9891066503600325,1.411818892110964,Africa,31.82826860643949,10.066862396483927,LAND,PLAINS,NONE,"Tropical & Subtropical Grasslands, Savannas & Shrublands"
128103,IVORY,luxury,1,0.9877599508123208,1.4098966647071571,Africa,-3.7064039565659024,13.212862124626843,LAND,PLAINS,NONE,"Tropical & Subtropical Grasslands, Savannas & Shrublands"
150216,IVORY,luxury,1,0.9876752474181003,1.409775762323368,Africa,26.447550345853774,12.03098295587056,LAND,PLAINS,NONE,"Tropical & Subtropical Grasslands, Savannas & Shrublands"
145531,IVORY,luxury,1,0.9870771670860463,1.4089220853425555,Africa,19.989928154604122,10.066862396483927,LAND,PLAINS,NONE,"Tropical & Subtropical Grasslands, Savannas & Shrublands"
144851,IVORY,luxury,1,0.9867617855341896,1.4084719217833086,Africa,19.210990119115515,14.002375932594205,LAND,PLAINS,NONE,"Tropical & Subtropical Grasslands, Savannas & Shrublands"
152566,IVORY,luxury,1,0.9864824474473033,1.4080732052867804,Africa,29.543296343745972,9.870800840114374,LAND,PLAINS,NONE,"Tropical & Subtropical Grasslands, Savannas & Shrublands"
138487,IVORY,luxury,1,0.9862825914069799,1.4077879384221863,Africa,10.48778073454536,13.410116311371835,LAND,PLAINS,NONE,"Tropical & Subtropical Grasslands, Savannas & Shrublands"
155245,IVORY,luxury,1,0.9860347223235512,1.407434139577052,Africa,33.20382317270497,10.26298390619899,LAND,PLAINS,NONE,"Tropical & Subtropical Grasslands, Savannas & Shrublands"
146536,IVORY,luxury,1,0.9854632814469352,1.40661848673559,Africa,21.349843033393164,9.870800840114374,LAND,PLAINS,NONE,"Tropical & Subtropical Grasslands, Savannas & Shrublands"
139491,IVORY,luxury,1,0.9852117742983946,1.4062594950555234,Africa,11.87556856002367,14.002375932594205,LAND,PLAINS,NONE,"Tropical & Subtropical Grasslands, Savannas & Shrublands"
150892,IVORY,luxury,1,0.9846678001006796,1.4054830471005297,Africa,27.259771116986823,9.674797994779407,LAND,PLAINS,NONE,"Tropical & Subtropical Grasslands, Savannas & Shrublands"
155571,IVORY,luxury,1,0.9827626788164945,1.4027637498777314,Africa,33.881833237299205,14.002375932594205,LAND,PLAINS,NONE,"Tropical & Subtropical Grasslands, Savannas & Shrublands"
146257,IVORY,luxury,1,0.9826014090420251,1.4025335595725386,Africa,20.957839758286777,-11.792879306124924,LAND,PLAINS,NONE,"Tropical & Subtropical Grasslands, Savannas & Shrublands"
118721,IVORY,luxury,1,0.9823780393108233,1.4022147301653212,Africa,-16.549189981457232,14.002375932594205,LAND,PLAINS,NONE,"Tropical & Subtropical Grasslands, Savannas & Shrublands"
141501,IVORY,luxury,1,0.9823771710185866,1.402213490798207,Africa,14.626351644683108,14.002375932594205,LAND,PLAINS,NONE,"Tropical & Subtropical Grasslands, Savannas & Shrublands"
144526,IVORY,luxury,1,0.9823687809923586,1.402201515195808,Africa,18.61869192994223,9.870800840114374,LAND,PLAINS,NONE,"Tropical & Subtropical Grasslands, Savannas & Shrublands"
127094,IVORY,luxury,1,0.982320568989743,1.402132699228076,Africa,-5.093880554762985,14.595409768283005,LAND,PLAINS,NONE,"Tropical & Subtropical Grasslands, Savannas & Shrublands"
154564,IVORY,luxury,1,0.9798500809646193,1.3986064191526588,Africa,32.54661003105829,14.595409768283005,LAND,PLAINS,NONE,"Tropical & Subtropical Grasslands, Savannas & Shrublands"
118724,IVORY,luxury,1,0.9786283782900891,1.3968626075027057,Africa,-16.51101740308629,12.818594202975977,LAND,PLAINS,NONE,"Tropical & Subtropical Grasslands, Savannas & Shrublands"
143174,IVORY,luxury,1,0.9785946543819503,1.3968144712866521,Africa,16.939577349132396,14.595409768283005,LAND,PLAINS,NONE,"Tropical & Subtropical Grasslands, Savannas & Shrublands"
147598,IVORY,luxury,1,0.9784505079160809,1.3966087221369425,Africa,22.79972734034535,-12.186357175157138,LAND,PLAINS,NONE,"Tropical & Subtropical Grasslands, Savannas & Shrublands"
155248,IVORY,luxury,1,0.9781943466582652,1.3962430873593832,Africa,33.14914603443199,9.087129374778144,LAND,PLAINS,NONE,"Tropical & Subtropical Grasslands, Savannas & Shrublands"
152892,IVORY,luxury,1,0.9776073526528295,1.3954052345769743,Africa,30.190158403496337,13.607452439177125,LAND,PLAINS,NONE,"Tropical & Subtropical Grasslands, Savannas & Shrublands"
120395,IVORY,luxury,1,0.9762689822582188,1.3934948958875941,Africa,-14.262655421480305,14.19996602405769,LAND,PLAINS,NONE,"Tropical & Subtropical Grasslands, Savannas & Shrublands"
145523,IVORY,luxury,1,0.9757229215660638,1.3927154697502753,Africa,20.096478892556647,13.212862124626843,LAND,PLAINS,NONE,"Tropical & Subtropical Grasslands, Savannas & Shrublands"
145198,IVORY,luxury,1,0.9754857680123107,1.3923769658421772,Africa,19.508075153933596,9.087129374778144,LAND,PLAINS,NONE,"Tropical & Subtropical Grasslands, Savannas & Shrublands"
150548,IVORY,luxury,1,0.9751867615705387,1.3919501754884822,Africa,26.95255914113926,13.015688534338752,LAND,PLAINS,NONE,"Tropical & Subtropical Grasslands, Savannas & Shrublands"
128771,IVORY,luxury,1,0.975162061310976,1.391914919283122,Africa,-2.7952745581600227,14.002375932594205,LAND,PLAINS,NONE,"Tropical & Subtropical Grasslands, Savannas & Shrublands"
151564,IVORY,luxury,1,0.9748288747043774,1.3914393414700355,Africa,28.14024920837782,8.891349046879348,LAND,PLAINS,NONE,"Tropical & Subtropical Grasslands, Savannas & Shrublands"
149543,IVORY,luxury,1,0.9739905405511778,1.3902427353780786,Africa,25.58945185773877,13.212862124626843,LAND,PLAINS,NONE,"Tropical & Subtropical Grasslands, Savannas & Shrublands"
140159,IVORY,luxury,1,0.9733493300041509,1.3893274959787638,Africa,12.813731291058238,14.793266193251975,LAND,PLAINS,NONE,"Tropical & Subtropical Grasslands, Savannas & Shrublands"
144179,IVORY,luxury,1,0.9730806443950547,1.3889439844214229,Africa,18.32442984190365,14.793266193251975,LAND,PLAINS,NONE,"Tropical & Subtropical Grasslands, Savannas & Shrublands"
151288,IVORY,luxury,1,0.9728258134650283,1.3885802485028458,Africa,27.942198831514034,-14.356039327704071,LAND,PLAINS,NONE,"Tropical & Subtropical Grasslands, Savannas & Shrublands"
146595,IVORY,luxury,1,0.972570783616615,1.3882162286557747,Africa,21.46801299447883,-13.171364655075545,LAND,PLAINS,NONE,"Tropical & Subtropical Grasslands, Savannas & Shrublands"
119731,IVORY,luxury,1,0.9724676663616422,1.3880690430317422,Africa,-15.112138026308786,11.834265093973558,LAND,PLAINS,NONE,"Tropical & Subtropical Grasslands, Savannas & Shrublands"
151887,IVORY,luxury,1,0.9719186919598336,1.387285457976755,Africa,28.804684529970146,13.410116311371835,LAND,PLAINS,NONE,"Tropical & Subtropical Grasslands, Savannas & Shrublands"
145183,IVORY,luxury,1,0.9718422008318692,1.3871762774675829,Africa,19.710571645792523,14.991214181669601,LAND,PLAINS,NONE,"Tropical & Subtropical Grasslands, Savannas & Shrublands"
142182,IVORY,luxury,1,0.9705703211005535,1.3853608450067671,Africa,15.428066902132349,9.674797994779407,LAND,PLAINS,NONE,"Tropical & Subtropical Grasslands, Savannas & Shrublands"
147938,IVORY,luxury,1,0.9700478794911085,1.3846151318443394,Africa,23.35421148659301,-14.356039327704071,LAND,PLAINS,NONE,"Tropical & Subtropical Grasslands, Savannas & Shrublands"
125757,IVORY,luxury,1,0.9696701882357923,1.3840760297986154,Africa,-6.913277871108188,13.410116311371835,LAND,PLAINS,NONE,"Tropical & Subtropical Grasslands, Savannas & Shrublands"
138819,IVORY,luxury,1,0.9692193225887736,1.3834324814261465,Africa,10.976831774109762,14.793266193251975,LAND,PLAINS,NONE,"Tropical & Subtropical Grasslands, Savannas & Shrublands"
133462,IVORY,luxury,1,0.9689156343363403,1.38299900843506,Africa,3.620345582866511,13.607452439177125,LAND,PLAINS,NONE,"Tropical & Subtropical Grasslands, Savannas & Shrublands"
119723,IVORY,luxury,1,0.9682393641732181,1.3820337262812645,Africa,-15.205518250874128,14.991214181669601,LAND,PLAINS,NONE,"Tropical & Subtropical Grasslands, Savannas & Shrublands"
155576,IVORY,luxury,1,0.9667958245857634,1.3799732731102508,Africa,33.75565410555723,12.03098295587056,LAND,PLAINS,NONE,"Tropical & Subtropical Grasslands, Savannas & Shrublands"
152895,IVORY,luxury,1,0.9655588388127853,1.3782076469503712,Africa,30.122656034620455,12.424638001421103,LAND,PLAINS,NONE,"Tropical & Subtropical Grasslands, Savannas & Shrublands"
152570,IVORY,luxury,1,0.9654903818265729,1.3781099340677145,Africa,29.482464861902358,8.30431863385263,LAND,PLAINS,NONE,"Tropical & Subtropical Grasslands, Savannas & Shrublands"
142502,IVORY,luxury,1,0.9653945943148264,1.3779732106386955,Africa,16.049270352982408,15.387390483053018,LAND,PLAINS,NONE,"Tropical & Subtropical Grasslands, Savannas & Shrublands"
129445,IVORY,luxury,1,0.9644115654287925,1.3765700728217423,Africa,-1.8726605929134943,12.424638001421103,LAND,PLAINS,NONE,"Tropical & Subtropical Grasslands, Savannas & Shrublands"
130449,IVORY,luxury,1,0.9643739286771433,1.3765163515625845,Africa,-0.5016124638576226,12.621577799938805,LAND,PLAINS,NONE,"Tropical & Subtropical Grasslands, Savannas & Shrublands"
131454,IVORY,luxury,1,0.9643118077585718,1.3764276825404327,Africa,0.8704238485705642,12.818594202975977,LAND,PLAINS,NONE,"Tropical & Subtropical Grasslands, Savannas & Shrublands"
155903,IVORY,luxury,1,0.9642352177167253,1.37631836084537,Africa,34.41208318123111,14.991214181669601,LAND,PLAINS,NONE,"Tropical & Subtropical Grasslands, Savannas & Shrublands"
138827,IVORY,luxury,1,0.9636498562070871,1.3754828382249962,Africa,10.910453272726086,11.63761860660307,LAND,PLAINS,NONE,"Tropical & Subtropical Grasslands, Savannas & Shrublands"
137147,IVORY,luxury,1,0.9632131653607454,1.374859522420624,Africa,8.656090355002881,13.410116311371835,LAND,PLAINS,NONE,"Tropical & Subtropical Grasslands, Savannas & Shrublands"
154299,IVORY,luxury,1,0.9629261141786035,1.3744497965470646,Africa,31.95998616082022,-12.580129857629034,LAND,PLAINS,NONE,"Tropical & Subtropical Grasslands, Savannas & Shrublands"
143507,IVORY,luxury,1,0.9628550581013331,1.374348373821284,Africa,17.436553957876654,15.585621634328115,LAND,PLAINS,NONE,"Tropical & Subtropical Grasslands, Savannas & Shrublands"
129439,IVORY,luxury,1,0.9623812334004889,1.373672054573898,Africa,-1.8814648445295425,14.793266193251975,LAND,PLAINS,NONE,"Tropical & Subtropical Grasslands, Savannas & Shrublands"
123083,IVORY,luxury,1,0.9622800969986868,1.3735276963438856,Africa,-10.53237229607371,11.048094502998106,LAND,PLAINS,NONE,"Tropical & Subtropical Grasslands, Savannas & Shrublands"
148876,IVORY,luxury,1,0.9621937646279235,1.373404468821311,Africa,24.62052440592791,12.03098295587056,LAND,PLAINS,NONE,"Tropical & Subtropical Grasslands, Savannas & Shrublands"
135472,IVORY,luxury,1,0.9619990471055597,1.3731265364806304,Africa,6.36894690913856,13.607452439177125,LAND,PLAINS,NONE,"Tropical & Subtropical Grasslands, Savannas & Shrublands"
118718,IVORY,luxury,1,0.9606916116309707,1.3712603531123844,Africa,-16.59101220719525,15.189255139981634,LAND,PLAINS,NONE,"Tropical & Subtropical Grasslands, Savannas & Shrublands"
137487,IVORY,luxury,1,0.9600336425952233,1.3703211932875228,Africa,9.08466175484662,11.63761860660307,LAND,PLAINS,NONE,"Tropical & Subtropical Grasslands, Savannas & Shrublands"
137814,IVORY,luxury,1,0.9600113673648191,1.3702893984759912,Africa,9.59509138116727,14.595409768283005,LAND,PLAINS,NONE,"Tropical & Subtropical Grasslands, Savannas & Shrublands"
130445,IVORY,luxury,1,0.9599324557440381,1.370176763047991,Africa,-0.5031593933696455,14.19996602405769,LAND,PLAINS,NONE,"Tropical & Subtropical Grasslands, Savannas & Shrublands"
120398,IVORY,luxury,1,0.9587525064262855,1.368492548541837,Africa,-14.229250993463966,13.015688534338752,LAND,PLAINS,NONE,"Tropical & Subtropical Grasslands, Savannas & Shrublands"
150621,IVORY,luxury,1,0.958211588774055,1.3677204633829112,Africa,27.094648630144157,-15.543900244990864,LAND,PLAINS,NONE,"Tropical & Subtropical Grasslands, Savannas & Shrublands"
130121,IVORY,luxury,1,0.9580307539265585,1.3674623466411244,Africa,-0.9548280294123176,10.066862396483927,LAND,PLAINS,NONE,"Tropical & Subtropical Grasslands, Savannas & Shrublands"
134134,IVORY,luxury,1,0.9578923327983867,1.367264769619368,Africa,4.529674638393059,12.818594202975977,LAND,PLAINS,NONE,"Tropical & Subtropical Grasslands, Savannas & Shrublands"
125090,IVORY,luxury,1,0.9575619729509993,1.3667932266142155,Africa,-7.81189371270705,12.22777349027391,LAND,PLAINS,NONE,"Tropical & Subtropical Grasslands, Savannas & Shrublands"
125419,IVORY,luxury,1,0.9573830725635907,1.3665378710467373,Africa,-7.392163395374958,14.793266193251975,LAND,PLAINS,NONE,"Tropical & Subtropical Grasslands, Savannas & Shrublands"
149216,IVORY,luxury,1,0.9573560916260381,1.366499359488883,Africa,24.99137783799441,9.870800840114374,LAND,PLAINS,NONE,"Tropical & Subtropical Grasslands, Savannas & Shrublands"
166302,IVORY,luxury,1,0.9571169458289223,1.366158011928841,Africa,48.19278626634475,9.674797994779407,LAND,PLAINS,NONE,"Tropical & Subtropical Grasslands, Savannas & Shrublands"
133459,IVORY,luxury,1,0.9570535097697854,1.3660674657253693,Africa,3.629233706315874,14.793266193251975,LAND,PLAINS,NONE,"Tropical & Subtropical Grasslands, Savannas & Shrublands"
136140,IVORY,luxury,1,0.9567606790851051,1.3656494904110354,Africa,7.296891444232734,14.397643508578039,LAND,PLAINS,NONE,"Tropical & Subtropical Grasslands, Savannas & Shrublands"
138147,IVORY,luxury,1,0.9563688328348073,1.3650901840671066,Africa,10.076049719919592,15.585621634328115,LAND,PLAINS,NONE,"Tropical & Subtropical Grasslands, Savannas & Shrublands"
144194,IVORY,luxury,1,0.956106579650744,1.364715853907125,Africa,18.139345708703406,8.891349046879348,LAND,PLAINS,NONE,"Tropical & Subtropical Grasslands, Savannas & Shrublands"
121400,IVORY,luxury,1,0.9558497196931318,1.3643492218322113,Africa,-12.892011619100026,14.397643508578039,LAND,PLAINS,NONE,"Tropical & Subtropical Grasslands, Savannas & Shrublands"
153559,IVORY,luxury,1,0.9557942246581285,1.3642700103427294,Africa,31.18272646054296,14.793266193251975,LAND,PLAINS,NONE,"Tropical & Subtropical Grasslands, Savannas & Shrublands"
156907,IVORY,luxury,1,0.9552130146958393,1.3634404134821854,Africa,35.83781455276931,15.585621634328115,LAND,PLAINS,NONE,"Tropical & Subtropical Grasslands, Savannas & Shrublands"
131457,IVORY,luxury,1,0.9552015347473842,1.3634240274430336,Africa,0.8685999243890185,11.63761860660307,LAND,PLAINS,NONE,"Tropical & Subtropical Grasslands, Savannas & Shrublands"
156910,IVORY,luxury,1,0.9547648817963477,1.3628007657289698,Africa,35.74489121529254,14.397643508578039,LAND,PLAINS,NONE,"Tropical & Subtropical Grasslands, Savannas & Shrublands"
126099,IVORY,luxury,1,0.9542781512446005,1.362106025163839,Africa,-6.426320941490806,10.851720654570963,LAND,PLAINS,NONE,"Tropical & Subtropical Grasslands, Savannas & Shrublands"
151946,IVORY,luxury,1,0.9541845235742984,1.3619723846098528,Africa,28.62331697875329,-9.633560894005713,LAND,PLAINS,NONE,"Tropical & Subtropical Grasslands, Savannas & Shrublands"
149948,IVORY,luxury,1,0.9534301601185143,1.360895635078302,Africa,26.107003893545624,-14.356039327704071,LAND,PLAINS,NONE,"Tropical & Subtropical Grasslands, Savannas & Shrublands"
124759,IVORY,luxury,1,0.9528501080462374,1.3600676909456553,Africa,-8.249772903575384,10.851720654570963,LAND,PLAINS,NONE,"Tropical & Subtropical Grasslands, Savannas & Shrublands"
132794,IVORY,luxury,1,0.9527501042257644,1.3599249493188945,Africa,2.700049243481812,12.818594202975977,LAND,PLAINS,NONE,"Tropical & Subtropical Grasslands, Savannas & Shrublands"
135139,IVORY,luxury,1,0.9524694606372522,1.3595243693992995,Africa,5.8997444507831185,12.621577799938805,LAND,PLAINS,NONE,"Tropical & Subtropical Grasslands, Savannas & Shrublands"
128777,IVORY,luxury,1,0.9523342946517592,1.3593314386436468,Africa,-2.7829831113699157,11.63761860660307,LAND,PLAINS,NONE,"Tropical & Subtropical Grasslands, Savannas & Shrublands"
158317,IVORY,luxury,1,0.9519927316151452,1.358843904634875,Africa,37.394302855271505,-11.792879306124924,LAND,PLAINS,NONE,"Tropical & Subtropical Grasslands, Savannas & Shrublands"
146600,IVORY,luxury,1,0.9518989193269398,1.358710000564358,Africa,21.555664111939375,-15.147574009188059,LAND,PLAINS,NONE,"Tropical & Subtropical Grasslands, Savannas & Shrublands"
139487,IVORY,luxury,1,0.9517821589656315,1.3585433412923869,Africa,11.916175779408862,15.585621634328115,LAND,PLAINS,NONE,"Tropical & Subtropical Grasslands, Savannas & Shrublands"
130117,IVORY,luxury,1,0.9512620269875226,1.3578009248093519,Africa,-0.9571915934904486,11.63761860660307,LAND,PLAINS,NONE,"Tropical & Subtropical Grasslands, Savannas & Shrublands"
151547,IVORY,luxury,1,0.9511162192724197,1.357592804456053,Africa,28.47731031481224,15.585621634328115,LAND,PLAINS,NONE,"Tropical & Subtropical Grasslands, Savannas & Shrublands"
148200,IVORY,luxury,1,0.9510189377874904,1.3574539485868786,Africa,23.815084859686813,14.397643508578039,LAND,PLAINS,NONE,"Tropical & Subtropical Grasslands, Savannas & Shrublands"
136479,IVORY,luxury,1,0.9507179027843241,1.3570242627422708,Africa,7.728703569251903,12.621577799938805,LAND,PLAINS,NONE,"Tropical & Subtropical Grasslands, Savannas & Shrublands"
151892,IVORY,luxury,1,0.9501021065074847,1.356145298699761,Africa,28.702469370229625,11.44104220190692,LAND,PLAINS,NONE,"Tropical & Subtropical Grasslands, Savannas & Shrublands"
128765,IVORY,luxury,1,0.9497670403027962,1.3556670380202827,Africa,-2.8100332306605056,16.379533099806075,LAND,PLAINS,NONE,"Tropical & Subtropical Grasslands, Savannas & Shrublands"
150607,IVORY,luxury,1,0.9493114250252103,1.3550167102068837,Africa,26.81812891460832,-10.02560064154714,LAND,PLAINS,NONE,"Tropical & Subtropical Grasslands, Savannas & Shrublands"
132463,IVORY,luxury,1,0.9492649422197927,1.3549503624290655,Africa,2.2357730871794788,11.048094502998106,LAND,PLAINS,NONE,"Tropical & Subtropical Grasslands, Savannas & Shrublands"
131786,IVORY,luxury,1,0.9491573195626783,1.3547967459664125,Africa,1.3303682120856566,13.804871859859785,LAND,PLAINS,NONE,"Tropical & Subtropical Grasslands, Savannas & Shrublands"
145262,IVORY,luxury,1,0.9491171388375097,1.3547393935367966,Africa,19.752836054347267,-15.940614242801084,LAND,PLAINS,NONE,"Tropical & Subtropical Grasslands, Savannas & Shrublands"
128432,IVORY,luxury,1,0.9490050288080002,1.3545793719704933,Africa,-3.26340241304404,15.387390483053018,LAND,PLAINS,NONE,"Tropical & Subtropical Grasslands, Savannas & Shrublands"
143237,IVORY,luxury,1,0.9486337893241069,1.3540494789364255,Africa,16.801673325382776,-10.02560064154714,LAND,PLAINS,NONE,"Tropical & Subtropical Grasslands, Savannas & Shrublands"
123741,IVORY,luxury,1,0.9484252611808213,1.3537518338438956,Africa,-9.709711913772315,15.783950025993363,LAND,PLAINS,NONE,"Tropical & Subtropical Grasslands, Savannas & Shrublands"
126095,IVORY,luxury,1,0.948316309173764,1.3535963199180008,Africa,-6.443420111132632,12.424638001421103,LAND,PLAINS,NONE,"Tropical & Subtropical Grasslands, Savannas & Shrublands"
126422,IVORY,luxury,1,0.9481855207296307,1.3534096374973812,Africa,-6.02235566533353,15.387390483053018,LAND,PLAINS,NONE,"Tropical & Subtropical Grasslands, Savannas & Shrublands"
124746,IVORY,luxury,1,0.9480576871162467,1.3532271726891083,Africa,-8.332823259941607,15.982377099142175,LAND,PLAINS,NONE,"Tropical & Subtropical Grasslands, Savannas & Shrublands"
156235,IVORY,luxury,1,0.9475251737997015,1.3524670835573531,Africa,34.98249369450824,16.379533099806075,LAND,PLAINS,NONE,"Tropical & Subtropical Grasslands, Savannas & Shrublands"
145516,IVORY,luxury,1,0.9474083752951842,1.3523003698412253,Africa,20.21521049322026,15.982377099142175,LAND,PLAINS,NONE,"Tropical & Subtropical Grasslands, Savannas & Shrublands"
120727,IVORY,luxury,1,0.9474058556439556,1.3522967733874744,Africa,-13.845589053440849,15.585621634328115,LAND,PLAINS,NONE,"Tropical & Subtropical Grasslands, Savannas & Shrublands"
119720,IVORY,luxury,1,0.9469601467473425,1.3516605855632147,Africa,-15.246711332759268,16.180904303942388,LAND,PLAINS,NONE,"Tropical & Subtropical Grasslands, Savannas & Shrublands"
141498,IVORY,luxury,1,0.9469168860638535,1.351598836918945,Africa,14.663314576457593,15.189255139981634,LAND,PLAINS,NONE,"Tropical & Subtropical Grasslands, Savannas & Shrublands"
150948,IVORY,luxury,1,0.9468006855094168,1.3514329766938817,Africa,27.368540387646963,-12.186357175157138,LAND,PLAINS,NONE,"Tropical & Subtropical Grasslands, Savannas & Shrublands"
131449,IVORY,luxury,1,0.9464599926782591,1.3509466847830807,Africa,0.8738844308931658,14.793266193251975,LAND,PLAINS,NONE,"Tropical & Subtropical Grasslands, Savannas & Shrublands"
126436,IVORY,luxury,1,0.9459168730569948,1.350171456617813,Africa,-5.961668001116171,9.870800840114374,LAND,PLAINS,NONE,"Tropical & Subtropical Grasslands, Savannas & Shrublands"
165969,IVORY,luxury,1,0.9456150199976708,1.349740603111148,Africa,47.67559052892971,8.695621289770987,LAND,PLAINS,NONE,"Tropical & Subtropical Grasslands, Savannas & Shrublands"
147540,IVORY,luxury,1,0.9455963971689941,1.3497140215980856,Africa,22.735116875385785,10.459166616593047,LAND,PLAINS,NONE,"Tropical & Subtropical Grasslands, Savannas & Shrublands"
127089,IVORY,luxury,1,0.9455047190156883,1.3495831637100628,Africa,-5.116903248919594,16.57826495556195,LAND,PLAINS,NONE,"Tropical & Subtropical Grasslands, Savannas & Shrublands"
150881,IVORY,luxury,1,0.9453759647987268,1.3493993848674697,Africa,27.463339373093838,14.002375932594205,LAND,PLAINS,NONE,"Tropical & Subtropical Grasslands, Savannas & Shrublands"
152898,IVORY,luxury,1,0.9451968635603307,1.3491437426129775,Africa,30.061637631329923,11.244534594032151,LAND,PLAINS,NONE,"Tropical & Subtropical Grasslands, Savannas & Shrublands"
154897,IVORY,luxury,1,0.9450541975517343,1.3489401066113305,Africa,33.077625463535405,15.585621634328115,LAND,PLAINS,NONE,"Tropical & Subtropical Grasslands, Savannas & Shrublands"
141830,IVORY,luxury,1,0.9449592460667218,1.3488045764948815,Africa,15.157300806324006,16.180904303942388,LAND,PLAINS,NONE,"Tropical & Subtropical Grasslands, Savannas & Shrublands"
144511,IVORY,luxury,1,0.9448646969219784,1.3486696206635373,Africa,18.825191814483496,15.783950025993363,LAND,PLAINS,NONE,"Tropical & Subtropical Grasslands, Savannas & Shrublands"
149280,IVORY,luxury,1,0.9447949979532785,1.3485701350226016,Africa,25.23230477750055,-15.147574009188059,LAND,PLAINS,NONE,"Tropical & Subtropical Grasslands, Savannas & Shrublands"
155588,IVORY,luxury,1,0.9447729419341068,1.3485386531047954,Africa,33.53368347278761,7.326897467439983,LAND,PLAINS,NONE,"Tropical & Subtropical Grasslands, Savannas & Shrublands"
122404,IVORY,luxury,1,0.9447701687279266,1.3485346947364087,Africa,-11.520305776732473,14.595409768283005,LAND,PLAINS,NONE,"Tropical & Subtropical Grasslands, Savannas & Shrublands"
140826,IVORY,luxury,1,0.9438645170331967,1.3472420021615341,Africa,13.768880290893385,15.982377099142175,LAND,PLAINS,NONE,"Tropical & Subtropical Grasslands, Savannas & Shrublands"
146603,IVORY,luxury,1,0.9437642908347792,1.3470989431210043,Africa,21.614684597806527,-16.337727552753364,LAND,PLAINS,NONE,"Tropical & Subtropical Grasslands, Savannas & Shrublands"
144522,IVORY,luxury,1,0.9437175986595331,1.3470322964967043,Africa,18.663921533358305,11.44104220190692,LAND,PLAINS,NONE,"Tropical & Subtropical Grasslands, Savannas & Shrublands"
134127,IVORY,luxury,1,0.9435839700687843,1.3468415601594819,Africa,4.555671541451799,15.585621634328115,LAND,PLAINS,NONE,"Tropical & Subtropical Grasslands, Savannas & Shrublands"
145584,IVORY,luxury,1,0.9433251612711653,1.3464721463849136,Africa,20.00633236050194,-10.614111077503718,LAND,PLAINS,NONE,"Tropical & Subtropical Grasslands, Savannas & Shrublands"
135468,IVORY,luxury,1,0.9432590174787394,1.346377735266555,Africa,6.390110427843601,15.189255139981634,LAND,PLAINS,NONE,"Tropical & Subtropical Grasslands, Savannas & Shrublands"
142919,IVORY,luxury,1,0.9432385383460299,1.3463485041361463,Africa,16.55335854093772,-16.5364375993413,LAND,PLAINS,NONE,"Tropical & Subtropical Grasslands, Savannas & Shrublands"
135478,IVORY,luxury,1,0.9430798514959637,1.3461220005984127,Africa,6.341834034680951,11.244534594032151,LAND,PLAINS,NONE,"Tropical & Subtropical Grasslands, Savannas & Shrublands"
153289,IVORY,luxury,1,0.9430689911663749,1.346106498979521,Africa,30.49660208539759,-10.810406440639584,LAND,PLAINS,NONE,"Tropical & Subtropical Grasslands, Savannas & Shrublands"
121070,IVORY,luxury,1,0.9425287372050033,1.3453353611475316,Africa,-13.294871990723768,12.22777349027391,LAND,PLAINS,NONE,"Tropical & Subtropical Grasslands, Savannas & Shrublands"
146923,IVORY,luxury,1,0.9423959495572332,1.345145825140139,Africa,21.816177322951372,-10.221709431956418,LAND,PLAINS,NONE,"Tropical & Subtropical Grasslands, Savannas & Shrublands"
124080,IVORY,luxury,1,0.9415735050392391,1.3439718993054677,Africa,-9.221301971221346,14.397643508578039,LAND,PLAINS,NONE,"Tropical & Subtropical Grasslands, Savannas & Shrublands"
134464,IVORY,luxury,1,0.9410781350890414,1.3432648271935697,Africa,5.004787651189065,14.595409768283005,LAND,PLAINS,NONE,"Tropical & Subtropical Grasslands, Savannas & Shrublands"
144866,IVORY,luxury,1,0.9410188231999599,1.3431801676726263,Africa,19.030189845701575,8.108741318479186,LAND,PLAINS,NONE,"Tropical & Subtropical Grasslands, Savannas & Shrublands"
129114,IVORY,luxury,1,0.9408391553488468,1.3429237166568229,Africa,-2.32284281517051,10.65541178013962,LAND,PLAINS,NONE,"Tropical & Subtropical Grasslands, Savannas & Shrublands"
132452,IVORY,luxury,1,0.9408280303966665,1.34290783732577,Africa,2.2545040915349444,15.387390483053018,LAND,PLAINS,NONE,"Tropical & Subtropical Grasslands, Savannas & Shrublands"
152238,IVORY,luxury,1,0.9405524558171668,1.3425144927156771,Africa,28.996154043313474,7.326897467439983,LAND,PLAINS,NONE,"Tropical & Subtropical Grasslands, Savannas & Shrublands"
134795,IVORY,luxury,1,0.9403274780795319,1.3421933681016063,Africa,5.485887313888732,16.379533099806075,LAND,PLAINS,NONE,"Tropical & Subtropical Grasslands, Savannas & Shrublands"
134138,IVORY,luxury,1,0.9403128596713471,1.3421725023451274,Africa,4.517233758015646,11.244534594032151,LAND,PLAINS,NONE,"Tropical & Subtropical Grasslands, Savannas & Shrublands"
150951,IVORY,luxury,1,0.939707261471374,1.3413080946473135,Africa,27.4286989380402,-13.3686017706172,LAND,PLAINS,NONE,"Tropical & Subtropical Grasslands, Savannas & Shrublands"
136483,IVORY,luxury,1,0.9395074172937026,1.341022844715015,Africa,7.707835394287989,11.048094502998106,LAND,PLAINS,NONE,"Tropical & Subtropical Grasslands, Savannas & Shrublands"
129777,IVORY,luxury,1,0.9393741967899482,1.3408326908655532,Africa,-1.4182067324807508,13.410116311371835,LAND,PLAINS,NONE,"Tropical & Subtropical Grasslands, Savannas & Shrublands"
148941,IVORY,luxury,1,0.9393536435447725,1.3408033539498463,Africa,24.681385508745542,-13.3686017706172,LAND,PLAINS,NONE,"Tropical & Subtropical Grasslands, Savannas & Shrublands"
133789,IVORY,luxury,1,0.9390988382260218,1.340439654587824,Africa,4.105197590288677,16.57826495556195,LAND,PLAINS,NONE,"Tropical & Subtropical Grasslands, Savannas & Shrublands"
141913,IVORY,luxury,1,0.9387714504473978,1.3399723537999002,Africa,15.162946487695361,-16.337727552753364,LAND,PLAINS,NONE,"Tropical & Subtropical Grasslands, Savannas & Shrublands"
142834,IVORY,luxury,1,0.9386161210382314,1.3397506425448367,Africa,16.563058858153955,16.777101349630346,LAND,PLAINS,NONE,"Tropical & Subtropical Grasslands, Savannas & Shrublands"
147532,IVORY,luxury,1,0.9385018796801299,1.339587578801655,Africa,22.86055486677087,13.607452439177125,LAND,PLAINS,NONE,"Tropical & Subtropical Grasslands, Savannas & Shrublands"
144241,IVORY,luxury,1,0.9384783338448607,1.339553970377358,Africa,18.152499882094805,-9.437627459217786,LAND,PLAINS,NONE,"Tropical & Subtropical Grasslands, Savannas & Shrublands"
147528,IVORY,luxury,1,0.9384428662428429,1.339503345279383,Africa,22.936518725071576,15.189255139981634,LAND,PLAINS,NONE,"Tropical & Subtropical Grasslands, Savannas & Shrublands"
138499,IVORY,luxury,1,0.9384074603560331,1.3394528082713342,Africa,10.408781303845487,8.695621289770987,LAND,PLAINS,NONE,"Tropical & Subtropical Grasslands, Savannas & Shrublands"
127774,IVORY,luxury,1,0.9378490439554648,1.3386557460686095,Africa,-4.145736640785173,10.65541178013962,LAND,PLAINS,NONE,"Tropical & Subtropical Grasslands, Savannas & Shrublands"
137142,IVORY,luxury,1,0.9373231137950365,1.3379050534819954,Africa,8.692061680210426,15.387390483053018,LAND,PLAINS,NONE,"Tropical & Subtropical Grasslands, Savannas & Shrublands"
121737,IVORY,luxury,1,0.9370676275309832,1.337540382164704,Africa,-12.408349009735623,13.410116311371835,LAND,PLAINS,NONE,"Tropical & Subtropical Grasslands, Savannas & Shrublands"
145855,IVORY,luxury,1,0.936841493052839,1.3372176064634924,Africa,20.594734516400035,14.19996602405769,LAND,PLAINS,NONE,"Tropical & Subtropical Grasslands, Savannas & Shrublands"
146195,IVORY,luxury,1,0.9367810570220289,1.33713134238566,Africa,20.981136998182187,12.424638001421103,LAND,PLAINS,NONE,"Tropical & Subtropical Grasslands, Savannas & Shrublands"
146188,IVORY,luxury,1,0.9362631216758279,1.3363920612909574,Africa,21.09802891426847,15.189255139981634,LAND,PLAINS,NONE,"Tropical & Subtropical Grasslands, Savannas & Shrublands"
154966,IVORY,luxury,1,0.9361773016949564,1.336269565134108,Africa,32.806899340946266,-11.399685851913553,LAND,PLAINS,NONE,"Tropical & Subtropical Grasslands, Savannas & Shrublands"
158993,IVORY,luxury,1,0.9358740259580096,1.3358366809518425,Africa,38.47877545578222,-14.158380347673885,LAND,PLAINS,NONE,"Tropical & Subtropical Grasslands, Savannas & Shrublands"
124091,IVORY,luxury,1,0.9356929007715913,1.3355781497913883,Africa,-9.150602188375272,10.066862396483927,LAND,PLAINS,NONE,"Tropical & Subtropical Grasslands, Savannas & Shrublands"
163958,IVORY,luxury,1,0.9356364702006592,1.3354976029537196,Africa,44.97140746419727,9.087129374778144,LAND,PLAINS,NONE,"Tropical & Subtropical Grasslands, Savannas & Shrublands"
158983,IVORY,luxury,1,0.9355832541371667,1.335421644380969,Africa,38.21145770265868,-10.221709431956418,LAND,PLAINS,NONE,"Tropical & Subtropical Grasslands, Savannas & Shrublands"
138159,IVORY,luxury,1,0.9352585732275912,1.3349582072743482,Africa,9.984746717270394,10.851720654570963,LAND,PLAINS,NONE,"Tropical & Subtropical Grasslands, Savannas & Shrublands"
130777,IVORY,luxury,1,0.9351084023710132,1.3347438591398606,Africa,-0.044643607271362414,15.585621634328115,LAND,PLAINS,NONE,"Tropical & Subtropical Grasslands, Savannas & Shrublands"
148276,IVORY,luxury,1,0.9350996804309925,1.3347314097764145,Africa,23.864074047749412,-15.345689373114165,LAND,PLAINS,NONE,"Tropical & Subtropical Grasslands, Savannas & Shrublands"
126084,IVORY,luxury,1,0.934771333350855,1.3342627397182174,Africa,-6.503369387986984,16.777101349630346,LAND,PLAINS,NONE,"Tropical & Subtropical Grasslands, Savannas & Shrublands"
138479,IVORY,luxury,1,0.9344304278802593,1.3337761442940188,Africa,10.560668177734467,16.57826495556195,LAND,PLAINS,NONE,"Tropical & Subtropical Grasslands, Savannas & Shrublands"
207499,IVORY,luxury,1,0.8408824737884382,1.2002493741759848,South+SE Asia,104.66353684809742,12.621577799938805,LAND,GRASSLAND,JUNGLE,Tropical & Subtropical Moist Broadleaf Forests
208844,IVORY,luxury,1,0.8401644765103446,1.1992245323349406,South+SE Asia,106.139339808902,10.65541178013962,LAND,GRASSLAND,JUNGLE,Tropical & Subtropical Moist Broadleaf Forests
206493,IVORY,luxury,1,0.8396584509248323,1.1985022507769256,South+SE Asia,103.40656886448558,13.212862124626843,LAND,GRASSLAND,JUNGLE,Tropical & Subtropical Moist Broadleaf Forests
204482,IVORY,luxury,1,0.838874216637913,1.1973828647640004,South+SE Asia,100.73759244447898,13.607452439177125,LAND,GRASSLAND,JUNGLE,Tropical & Subtropical Moist Broadleaf Forests
208177,IVORY,luxury,1,0.8294824805524377,1.1839774600443675,South+SE Asia,105.04742192205356,9.478852623074406,LAND,GRASSLAND,JUNGLE,Tropical & Subtropical Moist Broadleaf Forests
203809,IVORY,luxury,1,0.8202969580960836,1.1708663967683095,South+SE Asia,100.06645834611066,14.793266193251975,LAND,GRASSLAND,JUNGLE,Tropical & Subtropical Moist Broadleaf Forests
203806,IVORY,luxury,1,0.8075711679175748,1.152702090811728,South+SE Asia,100.33388586499711,15.982377099142175,LAND,GRASSLAND,JUNGLE,Tropical & Subtropical Moist Broadleaf Forests
200119,IVORY,luxury,1,0.8004798353667643,1.1425801940740057,South+SE Asia,95.40399589845057,16.57826495556195,LAND,GRASSLAND,JUNGLE,Tropical & Subtropical Moist Broadleaf Forests
204832,IVORY,luxury,1,0.7812907637707512,1.1151904475354082,South+SE Asia,100.25639456319934,7.52229100767326,LAND,GRASSLAND,JUNGLE,Tropical & Subtropical Moist Broadleaf Forests
189758,IVORY,luxury,1,0.7770457943451754,1.1091313406083814,South+SE Asia,79.8164836534238,7.326897467439983,LAND,GRASSLAND,JUNGLE,Tropical & Subtropical Moist Broadleaf Forests
200787,IVORY,luxury,1,0.7698273048507428,1.0988279449149119,South+SE Asia,96.51671598807386,17.37425269353839,LAND,GRASSLAND,JUNGLE,Tropical & Subtropical Moist Broadleaf Forests
206833,IVORY,luxury,1,0.7596649842493446,1.0843226373431742,South+SE Asia,103.46892576868692,11.048094502998106,LAND,GRASSLAND,JUNGLE,Tropical & Subtropical Moist Broadleaf Forests
190068,IVORY,luxury,1,0.7593551311074758,1.083880364824803,South+SE Asia,81.65045351197743,16.9760437702009,LAND,GRASSLAND,JUNGLE,Tropical & Subtropical Moist Broadleaf Forests
185382,IVORY,luxury,1,0.7383295605418211,1.0538692699293974,South+SE Asia,74.90693973515823,15.387390483053018,LAND,GRASSLAND,JUNGLE,Tropical & Subtropical Moist Broadleaf Forests
189063,IVORY,luxury,1,0.7363710957047447,1.051073832160359,South+SE Asia,80.30569434352942,17.175093715412885,LAND,GRASSLAND,JUNGLE,Tropical & Subtropical Moist Broadleaf Forests
203823,IVORY,luxury,1,0.7327747067458891,1.0459404841740119,South+SE Asia,99.10679846749574,9.282963492385997,LAND,GRASSLAND,JUNGLE,Tropical & Subtropical Moist Broadleaf Forests
205825,IVORY,luxury,1,0.7309618551614976,1.0433528891900579,South+SE Asia,102.34065642248282,12.424638001421103,LAND,GRASSLAND,JUNGLE,Tropical & Subtropical Moist Broadleaf Forests
217902,IVORY,luxury,1,0.7282092587112445,1.0394239383433093,South+SE Asia,117.757629956311,5.765196929389355,LAND,GRASSLAND,JUNGLE,Tropical & Subtropical Moist Broadleaf Forests
203146,IVORY,luxury,1,0.7272854420088336,1.0381053177315431,South+SE Asia,98.61507497292536,12.03098295587056,LAND,GRASSLAND,JUNGLE,Tropical & Subtropical Moist Broadleaf Forests
203819,IVORY,luxury,1,0.7238086528837003,1.0331426819714402,South+SE Asia,99.33389285941469,10.851720654570963,LAND,GRASSLAND,JUNGLE,Tropical & Subtropical Moist Broadleaf Forests
207825,IVORY,luxury,1,0.7178357516408934,1.0246171912867035,South+SE Asia,105.95870279787394,16.379533099806075,LAND,GRASSLAND,JUNGLE,Tropical & Subtropical Moist Broadleaf Forests
205174,IVORY,luxury,1,0.7131130762177444,1.017876225097855,South+SE Asia,100.47961560523397,4.985190140973655,LAND,GRASSLAND,JUNGLE,Tropical & Subtropical Moist Broadleaf Forests
204835,IVORY,luxury,1,0.706177180421934,1.0079761928365318,South+SE Asia,100.13867664492032,6.350550642648863,LAND,GRASSLAND,JUNGLE,Tropical & Subtropical Moist Broadleaf Forests
202130,IVORY,luxury,1,0.7046850521828584,1.005846386083408,South+SE Asia,98.07733391291474,16.180904303942388,LAND,GRASSLAND,JUNGLE,Tropical & Subtropical Moist Broadleaf Forests
203500,IVORY,luxury,1,0.7030553046834355,1.0035201468639774,South+SE Asia,98.17667342527726,4.400493223781896,LAND,GRASSLAND,JUNGLE,Tropical & Subtropical Moist Broadleaf Forests
208882,IVORY,luxury,1,0.7018637003291011,1.001819296404579,South+SE Asia,105.40337766942524,-4.164648852221983,LAND,GRASSLAND,JUNGLE,Tropical & Subtropical Moist Broadleaf Forests
205475,IVORY,luxury,1,0.6953999679606979,0.9925932121525053,South+SE Asia,103.19896000163813,18.172009465765004,LAND,GRASSLAND,JUNGLE,Tropical & Subtropical Moist Broadleaf Forests
204172,IVORY,luxury,1,0.6936058094570713,0.9900322989567563,South+SE Asia,99.03724833873616,3.6212493283579916,LAND,GRASSLAND,JUNGLE,Tropical & Subtropical Moist Broadleaf Forests
217907,IVORY,luxury,1,0.692321413135836,0.9881990007944287,South+SE Asia,117.59897932181096,3.8160260153892334,LAND,GRASSLAND,JUNGLE,Tropical & Subtropical Moist Broadleaf Forests
208545,IVORY,luxury,1,0.6867935299304195,0.9803087118279327,South+SE Asia,104.89658371318968,-3.1907822558348333,LAND,GRASSLAND,JUNGLE,Tropical & Subtropical Moist Broadleaf Forests
215560,IVORY,luxury,1,0.6841210695977695,0.9764941442090933,South+SE Asia,114.4713349616232,4.400493223781896,LAND,GRASSLAND,JUNGLE,Tropical & Subtropical Moist Broadleaf Forests
209846,IVORY,luxury,1,0.6794666186610732,0.9698505590416411,South+SE Asia,107.75020467255463,12.03098295587056,LAND,GRASSLAND,JUNGLE,Tropical & Subtropical Moist Broadleaf Forests
218908,IVORY,luxury,1,0.6779090649669229,0.967627366497407,South+SE Asia,119.06181115524184,5.180145509347626,LAND,GRASSLAND,JUNGLE,Tropical & Subtropical Moist Broadleaf Forests
207540,IVORY,luxury,1,0.6749337638282662,0.9633805355000835,South+SE Asia,103.54916107698791,-3.3855141312307033,LAND,GRASSLAND,JUNGLE,Tropical & Subtropical Moist Broadleaf Forests
188051,IVORY,luxury,1,0.6733932806268772,0.9611817087240253,South+SE Asia,79.47761215510079,19.773228677370643,LAND,GRASSLAND,JUNGLE,Tropical & Subtropical Moist Broadleaf Forests
189081,IVORY,luxury,1,0.673132579428211,0.9608095938086139,South+SE Asia,79.18163041378101,10.066862396483927,LAND,PLAINS,FOREST,Tropical & Subtropical Dry Broadleaf Forests
203826,IVORY,luxury,1,0.6710466039429834,0.9578321522195177,South+SE Asia,98.96043310877852,8.108741318479186,LAND,GRASSLAND,JUNGLE,Tropical & Subtropical Moist Broadleaf Forests
208504,IVORY,luxury,1,0.6685320777205964,0.9542430137064201,South+SE Asia,106.07388405596731,12.818594202975977,LAND,PLAINS,FOREST,Tropical & Subtropical Dry Broadleaf Forests
206823,IVORY,luxury,1,0.6684187388864682,0.9540812381914234,South+SE Asia,104.24426297456439,14.991214181669601,LAND,PLAINS,FOREST,Tropical & Subtropical Dry Broadleaf Forests
203170,IVORY,luxury,1,0.6655000630436516,0.9499152319746514,South+SE Asia,97.63697280017027,2.6476576004250174,LAND,GRASSLAND,JUNGLE,Tropical & Subtropical Moist Broadleaf Forests
214892,IVORY,luxury,1,0.6652291855977773,0.9495285918733628,South+SE Asia,113.51485985423459,3.6212493283579916,LAND,GRASSLAND,JUNGLE,Tropical & Subtropical Moist Broadleaf Forests
205819,IVORY,luxury,1,0.6637038555025779,0.9473513940612557,South+SE Asia,102.82180762153337,14.793266193251975,LAND,PLAINS,FOREST,Tropical & Subtropical Dry Broadleaf Forests
189726,IVORY,luxury,1,0.6632308876328324,0.946676297821794,South+SE Asia,81.85080668898908,19.97394729845773,LAND,GRASSLAND,JUNGLE,Tropical & Subtropical Moist Broadleaf Forests
189053,IVORY,luxury,1,0.6625200075329507,0.9456616147685951,South+SE Asia,81.21650682853637,21.18107622727147,LAND,GRASSLAND,JUNGLE,Tropical & Subtropical Moist Broadleaf Forests
191071,IVORY,luxury,1,0.6616488827969682,0.9444182046534846,South+SE Asia,83.2469444694945,17.972399064035926,LAND,GRASSLAND,JUNGLE,Tropical & Subtropical Moist Broadleaf Forests
205181,IVORY,luxury,1,0.6585304120296603,0.9399670188065188,South+SE Asia,100.33650627911737,2.2583358956125363,LAND,GRASSLAND,JUNGLE,Tropical & Subtropical Moist Broadleaf Forests
200449,IVORY,luxury,1,0.6581431756211346,0.9394142923743425,South+SE Asia,96.41068535071325,18.771547372053824,LAND,GRASSLAND,JUNGLE,Tropical & Subtropical Moist Broadleaf Forests
189395,IVORY,luxury,1,0.6580275703711868,0.939249281864128,South+SE Asia,80.97606002806039,18.172009465765004,LAND,GRASSLAND,JUNGLE,Tropical & Subtropical Moist Broadleaf Forests
209487,IVORY,luxury,1,0.6575859031838573,0.9386188630210465,South+SE Asia,109.77425724784737,21.382749958398005,LAND,GRASSLAND,JUNGLE,Tropical & Subtropical Moist Broadleaf Forests
189754,IVORY,luxury,1,0.6572178318467167,0.9380934920784262,South+SE Asia,79.96311279759978,8.891349046879348,LAND,PLAINS,FOREST,Tropical & Subtropical Dry Broadleaf Forests
224857,WHALES,luxury,1,0.9773917118256972,1.3194696215816997,North temperate/subpolar,141.5598116804759,38.16826710662284,COAST,COAST,NONE,
225196,WHALES,luxury,1,0.9562132555462471,1.2908791994707505,North temperate/subpolar,140.80972608642193,36.631203643026815,COAST,COAST,NONE,
224530,WHALES,luxury,1,0.9248902042323252,1.2485938106278953,North temperate/subpolar,138.48579568486073,34.89485897435929,COAST,COAST,NONE,
225870,WHALES,luxury,1,0.9248902042323252,1.2485938106278953,North temperate/subpolar,140.46485011138313,34.89485897435929,COAST,COAST,NONE,
223525,WHALES,luxury,1,0.9204997175379602,1.2426667559734823,North temperate/subpolar,136.84455876202716,34.679242430032424,COAST,COAST,NONE,
221851,WHALES,luxury,1,0.9073772761855357,1.2249517661535663,North temperate/subpolar,134.2209190703377,34.46393039149245,COAST,COAST,NONE,
220848,WHALES,luxury,1,0.8922112336728352,1.2044779624225812,North temperate/subpolar,132.006294184762,33.39181336371731,COAST,COAST,NONE,
223528,WHALES,luxury,1,0.8922112336728352,1.2044779624225812,North temperate/subpolar,135.9335487297641,33.39181336371731,COAST,COAST,NONE,
82143,WHALES,luxury,1,0.8902402038237839,1.2018171180893549,North temperate/subpolar,-73.91378377137616,39.947227649425066,COAST,COAST,NONE,
222189,WHALES,luxury,1,0.8821042124332664,1.1908337194376009,North temperate/subpolar,133.68183488061786,32.964975708123866,COAST,COAST,NONE,
81142,WHALES,luxury,1,0.8780920256403258,1.18541736082843,North temperate/subpolar,-74.73062502147845,38.38929182213461,COAST,COAST,NONE,
80140,WHALES,luxury,1,0.8599213167246093,1.1608873275200242,North temperate/subpolar,-75.5658375207377,36.84973184348603,COAST,COAST,NONE,
221522,WHALES,luxury,1,0.8500503998454411,1.1475618199158013,North temperate/subpolar,131.87617201054496,31.691009476521163,COAST,COAST,NONE,
79139,WHALES,luxury,1,0.8364016589696847,1.1291363380123123,North temperate/subpolar,-76.41879956585835,35.327020257784774,COAST,COAST,NONE,
226538,WHALES,luxury,1,0.8311194470405718,1.122005475085378,North temperate/subpolar,142.11818028892975,35.760444130324906,OCEAN,OCEAN,NONE,
220854,WHALES,luxury,1,0.8274514361831458,1.1170537459632175,North temperate/subpolar,130.38152676251957,30.846905695530246,COAST,COAST,NONE,
78136,WHALES,luxury,1,0.8167414975180247,1.1025955785133406,North temperate/subpolar,-77.46129349564518,34.248919254070096,COAST,COAST,NONE,
226208,WHALES,luxury,1,0.7995191137777293,1.079345762077495,North temperate/subpolar,139.86080327476628,33.39181336371731,COAST,COAST,NONE,
217833,WHALES,luxury,1,0.7970016466871132,1.075947240210678,North temperate/subpolar,127.72728320419883,33.60565595138794,COAST,COAST,NONE,
219173,WHALES,luxury,1,0.7970016465935104,1.0759472400843164,North temperate/subpolar,129.69305205115623,33.60565595138794,COAST,COAST,NONE,
77134,WHALES,luxury,1,0.7950257626405418,1.073279842823996,North temperate/subpolar,-78.50782677803691,33.17825438861144,COAST,COAST,NONE,
223174,WHALES,luxury,1,0.7922248023766794,1.0694986117841525,North temperate/subpolar,142.38945711458976,41.980068606862226,COAST,COAST,NONE,
224177,WHALES,luxury,1,0.7916768483995296,1.0687588866928914,North temperate/subpolar,144.5959007879236,42.66576918707486,COAST,COAST,NONE,
83481,WHALES,luxury,1,0.7905800226451604,1.0672781975016776,North temperate/subpolar,-72.28457932778221,40.846377245330444,COAST,COAST,NONE,
223847,WHALES,luxury,1,0.7898755323748081,1.0663271520649065,North temperate/subpolar,142.1667345162262,40.62095655878199,COAST,COAST,NONE,
224174,WHALES,luxury,1,0.7870428240513622,1.0625030618849671,North temperate/subpolar,145.97285296775766,44.050322218742025,COAST,COAST,NONE,
216828,WHALES,luxury,1,0.7834121569496167,1.057601745962146,North temperate/subpolar,126.11541236725877,33.39181336371731,COAST,COAST,NONE,
224842,WHALES,luxury,1,0.7813004248522769,1.054750956874805,North temperate/subpolar,147.9919209923408,44.983706553084104,COAST,COAST,NONE,
227542,WHALES,luxury,1,0.7765905532152392,1.04839273999561,North temperate/subpolar,143.78115079215104,35.97763911752675,OCEAN,OCEAN,NONE,
225190,WHALES,luxury,1,0.7755993839207126,1.0470546845613513,North temperate/subpolar,143.0124296018482,39.27718557078676,OCEAN,OCEAN,NONE,
225846,WHALES,luxury,1,0.7755967501039954,1.0470511289702018,North temperate/subpolar,150.3362748361246,45.6895231903518,COAST,COAST,NONE,
80479,WHALES,luxury,1,0.7744452341395042,1.0454966092706595,North temperate/subpolar,-74.43514570075712,35.327020257784774,OCEAN,OCEAN,NONE,
219505,WHALES,luxury,1,0.7698040610350142,1.0392311338084035,North temperate/subpolar,130.9141969744594,34.679242430032424,COAST,COAST,NONE,
226514,WHALES,luxury,1,0.7661409129134055,1.034285969266201,North temperate/subpolar,152.45876026405944,46.638741875738894,COAST,COAST,NONE,
223531,WHALES,luxury,1,0.7604531504281968,1.0266076225456835,North temperate/subpolar,135.07305372730815,32.114599105235165,OCEAN,OCEAN,NONE,
113639,WHALES,luxury,1,0.7602561080741236,1.0263416199625701,North temperate/subpolar,-25.61838593083057,37.28782324306437,COAST,COAST,NONE,
227881,WHALES,luxury,1,0.7600431581626118,1.0260541425478673,North temperate/subpolar,143.1063559363983,34.46393039149245,OCEAN,OCEAN,NONE,
228885,WHALES,luxury,1,0.7586163064719413,1.0241279260386134,North temperate/subpolar,144.7517078121176,34.679242430032424,OCEAN,OCEAN,NONE,
226198,WHALES,luxury,1,0.7574117396699411,1.0225017889455412,North temperate/subpolar,143.2047914377037,37.72732324028064,OCEAN,OCEAN,NONE,
75128,WHALES,luxury,1,0.7567498262322998,1.0216082212400688,North temperate/subpolar,-80.77479847378127,31.4796035649234,COAST,COAST,NONE,
217827,WHALES,luxury,1,0.751856863525137,1.0150028356857563,North temperate/subpolar,129.5043920005865,36.19516136165343,COAST,COAST,NONE,
48652,WHALES,luxury,1,0.7488825478379659,1.0109875788669695,North temperate/subpolar,-121.97983609607248,35.97763911752675,COAST,COAST,NONE,
225841,WHALES,luxury,1,0.7480622213754327,1.0098801572719704,North temperate/subpolar,153.0616632210348,48.08117295780634,COAST,COAST,NONE,
227213,WHALES,luxury,1,0.7443879157238448,1.0049199303244816,North temperate/subpolar,141.48766513290064,33.60565595138794,OCEAN,OCEAN,NONE,
224868,WHALES,luxury,1,0.740294729332138,0.9993942241458287,North temperate/subpolar,137.89717600226518,33.39181336371731,OCEAN,OCEAN,NONE,
222196,WHALES,luxury,1,0.7370965214840495,0.9950767181308069,North temperate/subpolar,131.8121210343683,30.00674710258765,OCEAN,OCEAN,NONE,
229224,WHALES,luxury,1,0.7361342190199275,0.9937776322444407,North temperate/subpolar,144.12309954760542,33.17825438861144,OCEAN,OCEAN,NONE,
85155,WHALES,luxury,1,0.7331241992309404,0.9897141757207962,North temperate/subpolar,-70.02879476212996,41.525251087517354,COAST,COAST,NONE,
225517,WHALES,luxury,1,0.7330333725004716,0.9895915617526773,North temperate/subpolar,146.66968162137013,42.66576918707486,OCEAN,OCEAN,NONE,
48990,WHALES,luxury,1,0.7327159830249412,0.9891630933620046,North temperate/subpolar,-120.77033418957664,34.89485897435929,COAST,COAST,NONE,
79477,WHALES,luxury,1,0.7315677700402353,0.9876130326081494,North temperate/subpolar,-75.32110001943582,33.81978551483306,OCEAN,OCEAN,NONE,
230228,WHALES,luxury,1,0.730844950276721,0.98663724278304,North temperate/subpolar,145.75168509226953,33.39181336371731,OCEAN,OCEAN,NONE,
221848,WHALES,luxury,1,0.7298721443747338,0.9853239775004884,North temperate/subpolar,135.1589849152429,35.760444130324906,COAST,COAST,NONE,
84488,WHALES,luxury,1,0.7297210762027545,0.9851200389911171,North temperate/subpolar,-70.44640213638301,40.17138723004086,OCEAN,OCEAN,NONE,
226173,WHALES,luxury,1,0.7295495210952719,0.9848884435965569,North temperate/subpolar,155.081276242211,49.3016373806129,COAST,COAST,NONE,
86163,WHALES,luxury,1,0.7287311809212074,0.9837837034446716,North temperate/subpolar,-67.80087218682806,39.947227649425066,OCEAN,OCEAN,NONE,
87503,WHALES,luxury,1,0.7287311809212074,0.9837837034446716,North temperate/subpolar,-65.7632349919787,39.947227649425066,OCEAN,OCEAN,NONE,
88843,WHALES,luxury,1,0.7287311809212074,0.9837837034446716,North temperate/subpolar,-63.72559779712934,39.947227649425066,OCEAN,OCEAN,NONE,
90183,WHALES,luxury,1,0.7287311809212074,0.9837837034446716,North temperate/subpolar,-61.68796060227999,39.947227649425066,OCEAN,OCEAN,NONE,
91523,WHALES,luxury,1,0.7287311809212074,0.9837837034446716,North temperate/subpolar,-59.650323407430626,39.947227649425066,OCEAN,OCEAN,NONE,
226529,WHALES,luxury,1,0.7276310469617446,0.9822985482537265,North temperate/subpolar,145.43970152436694,39.72347765607206,OCEAN,OCEAN,NONE,
82815,WHALES,luxury,1,0.7236816863938061,0.9769670035832463,North temperate/subpolar,-72.49650971698595,39.054633267926654,OCEAN,OCEAN,NONE,
84825,WHALES,luxury,1,0.7236816863938061,0.9769670035832463,North temperate/subpolar,-69.45676099750493,39.054633267926654,OCEAN,OCEAN,NONE,
92195,WHALES,luxury,1,0.7236816863938061,0.9769670035832463,North temperate/subpolar,-58.31101569274115,39.054633267926654,OCEAN,OCEAN,NONE,
93535,WHALES,luxury,1,0.7236816863938061,0.9769670035832463,North temperate/subpolar,-56.28451654642047,39.054633267926654,OCEAN,OCEAN,NONE,
94875,WHALES,luxury,1,0.7236816863938061,0.9769670035832463,North temperate/subpolar,-54.25801740009978,39.054633267926654,OCEAN,OCEAN,NONE,
226185,WHALES,luxury,1,0.7230152216826885,0.9760672917647134,North temperate/subpolar,148.63484959594965,43.58679269976114,OCEAN,OCEAN,NONE,
86166,WHALES,luxury,1,0.7205212256997118,0.9727004553458803,North temperate/subpolar,-67.25025268777178,38.61069124943627,OCEAN,OCEAN,NONE,
87506,WHALES,luxury,1,0.7205212256997118,0.9727004553458803,North temperate/subpolar,-65.22916340352147,38.61069124943627,OCEAN,OCEAN,NONE,
88846,WHALES,luxury,1,0.7205212256997118,0.9727004553458803,North temperate/subpolar,-63.20807411927119,38.61069124943627,OCEAN,OCEAN,NONE,
90186,WHALES,luxury,1,0.7205212256997118,0.9727004553458803,North temperate/subpolar,-61.1869848350209,38.61069124943627,OCEAN,OCEAN,NONE,
220173,WHALES,luxury,1,0.7196691682872096,0.971550197708366,North temperate/subpolar,132.51642073319567,35.54357246842508,COAST,COAST,NONE,
96215,WHALES,luxury,1,0.7189762991771181,0.9706148405669499,North temperate/subpolar,-52.231518253779115,39.054633267926654,OCEAN,OCEAN,NONE,
228556,WHALES,luxury,1,0.7188634367386363,0.9704624789068699,North temperate/subpolar,142.5376502773159,32.32678891411857,OCEAN,OCEAN,NONE,
83487,WHALES,luxury,1,0.7169518608993577,0.9678818961004121,North temperate/subpolar,-71.10523650071771,38.16826710662284,OCEAN,OCEAN,NONE,
97557,WHALES,luxury,1,0.7169518608993577,0.9678818961004121,North temperate/subpolar,-49.9395208049591,38.16826710662284,OCEAN,OCEAN,NONE,
227537,WHALES,luxury,1,0.7169518608993577,0.9678818961004121,North temperate/subpolar,145.59137657490612,38.16826710662284,OCEAN,OCEAN,NONE,
91193,WHALES,luxury,1,0.7150175540586311,0.9652706269720701,North temperate/subpolar,-59.437267387314236,37.947612441613074,OCEAN,OCEAN,NONE,
49997,WHALES,luxury,1,0.7145768783959461,0.9646757251036836,North temperate/subpolar,-118.61557912534975,33.81978551483306,COAST,COAST,NONE,
125707,WHALES,luxury,1,0.7145768783959461,0.9646757251036836,North temperate/subpolar,-7.427485057888842,33.81978551483306,COAST,COAST,NONE,
224871,WHALES,luxury,1,0.7143996931920618,0.9644365292102708,North temperate/subpolar,137.02425072435142,32.114599105235165,OCEAN,OCEAN,NONE,
226211,WHALES,luxury,1,0.7143996931920618,0.9644365292102708,North temperate/subpolar,138.97544772139466,32.114599105235165,OCEAN,OCEAN,NONE,
227551,WHALES,luxury,1,0.7143996931920618,0.9644365292102708,North temperate/subpolar,140.9266447184379,32.114599105235165,OCEAN,OCEAN,NONE,
82148,WHALES,luxury,1,0.712985551656599,0.9625274711141556,North temperate/subpolar,-72.9321743836095,37.72732324028064,OCEAN,OCEAN,NONE,
84828,WHALES,luxury,1,0.712985551656599,0.9625274711141556,North temperate/subpolar,-68.91102153111994,37.72732324028064,OCEAN,OCEAN,NONE,
92868,WHALES,luxury,1,0.712985551656599,0.9625274711141556,North temperate/subpolar,-56.847562973651286,37.72732324028064,OCEAN,OCEAN,NONE,
94208,WHALES,luxury,1,0.712985551656599,0.9625274711141556,North temperate/subpolar,-54.83698654740652,37.72732324028064,OCEAN,OCEAN,NONE,
95548,WHALES,luxury,1,0.712985551656599,0.9625274711141556,North temperate/subpolar,-52.82641012116175,37.72732324028064,OCEAN,OCEAN,NONE,
230567,WHALES,luxury,1,0.7098819824888014,0.9583377251106209,North temperate/subpolar,145.16762651705238,31.902673647849998,OCEAN,OCEAN,NONE,
86169,WHALES,luxury,1,0.7086348272743734,0.956654094653902,North temperate/subpolar,-66.73050229354146,37.28782324306437,OCEAN,OCEAN,NONE,
87509,WHALES,luxury,1,0.7086348272743734,0.956654094653902,North temperate/subpolar,-64.72503320267751,37.28782324306437,OCEAN,OCEAN,NONE,
88849,WHALES,luxury,1,0.7086348272743734,0.956654094653902,North temperate/subpolar,-62.71956411181357,37.28782324306437,OCEAN,OCEAN,NONE,
219511,WHALES,luxury,1,0.7085792872191483,0.9565791168745021,North temperate/subpolar,129.2194627361785,32.114599105235165,OCEAN,OCEAN,NONE,
119008,WHALES,luxury,1,0.7068269938826233,0.9542135617324088,North temperate/subpolar,-17.229378525319458,33.39181336371731,COAST,COAST,NONE,
110625,WHALES,luxury,1,0.7063193691121972,0.9535282801297766,North temperate/subpolar,-30.09287072673203,37.06860363013132,OCEAN,OCEAN,NONE,
111965,WHALES,luxury,1,0.7063193691121972,0.9535282801297766,North temperate/subpolar,-28.08991894158579,37.06860363013132,OCEAN,OCEAN,NONE,
224169,WHALES,luxury,1,0.7063154923588345,0.9535230466031401,North temperate/subpolar,148.46257930662048,46.40053993467738,OCEAN,OCEAN,NONE,
114979,WHALES,luxury,1,0.7039400944213919,0.9503163147801574,North temperate/subpolar,-23.612916839966633,37.28782324306437,OCEAN,OCEAN,NONE,
82820,WHALES,luxury,1,0.7039127400904043,0.9502793870712073,North temperate/subpolar,-71.56492074913614,36.84973184348603,OCEAN,OCEAN,NONE,
90190,WHALES,luxury,1,0.7039127400904043,0.9502793870712073,North temperate/subpolar,-60.562399627231905,36.84973184348603,OCEAN,OCEAN,NONE,
225500,WHALES,luxury,1,0.7034408036225881,0.9496422838448731,North temperate/subpolar,155.86604843103643,50.79045892742686,COAST,COAST,NONE,
124704,WHALES,luxury,1,0.7028545721217991,0.9488508849893033,North temperate/subpolar,-8.874365240060667,33.17825438861144,COAST,COAST,NONE,
91866,WHALES,luxury,1,0.7014166457758281,0.9469097179536465,North temperate/subpolar,-57.99014430551323,36.631203643026815,OCEAN,OCEAN,NONE,
81481,WHALES,luxury,1,0.6988328185496052,0.9434216114512309,North temperate/subpolar,-73.38459473607308,36.41301485322709,OCEAN,OCEAN,NONE,
84161,WHALES,luxury,1,0.6988328185496052,0.9434216114512309,North temperate/subpolar,-69.39351008036577,36.41301485322709,OCEAN,OCEAN,NONE,
226162,WHALES,luxury,1,0.6968561390201208,0.9407531401811663,North temperate/subpolar,162.67573285024648,54.91262346664876,COAST,COAST,NONE,
115987,WHALES,luxury,1,0.6961630161352932,0.9398174404497742,North temperate/subpolar,-21.97266649776058,36.19516136165343,OCEAN,OCEAN,NONE,
117327,WHALES,luxury,1,0.6961630161352932,0.9398174404497742,North temperate/subpolar,-19.979547306992853,36.19516136165343,OCEAN,OCEAN,NONE,
118667,WHALES,luxury,1,0.6961630161352932,0.9398174404497742,North temperate/subpolar,-17.986428116225127,36.19516136165343,OCEAN,OCEAN,NONE,
120007,WHALES,luxury,1,0.6961630161352932,0.9398174404497742,North temperate/subpolar,-15.993308925457404,36.19516136165343,OCEAN,OCEAN,NONE,
228547,WHALES,luxury,1,0.6961630161352932,0.9398174404497742,North temperate/subpolar,145.4493455267283,36.19516136165343,OCEAN,OCEAN,NONE,
222863,WHALES,luxury,1,0.6960272269775383,0.9396341282533102,North temperate/subpolar,133.5544966172648,31.268452925056728,OCEAN,OCEAN,NONE,
224850,WHALES,luxury,1,0.6955272825613151,0.9389592149497518,North temperate/subpolar,144.32632969505744,41.298518741804656,OCEAN,OCEAN,NONE,
86515,WHALES,luxury,1,0.6947253804580894,0.9378766658101749,North temperate/subpolar,-64.63915862957482,32.751974048623445,COAST,COAST,NONE,
85502,WHALES,luxury,1,0.6934090201286534,0.9360996100620087,North temperate/subpolar,-67.23506351610136,35.97763911752675,OCEAN,OCEAN,NONE,
86842,WHALES,luxury,1,0.6934090201286534,0.9360996100620087,North temperate/subpolar,-65.24434451319333,35.97763911752675,OCEAN,OCEAN,NONE,
88182,WHALES,luxury,1,0.6934090201286534,0.9360996100620087,North temperate/subpolar,-63.25362551028528,35.97763911752675,OCEAN,OCEAN,NONE,
112972,WHALES,luxury,1,0.6934090201286534,0.9360996100620087,North temperate/subpolar,-26.42532395648651,35.97763911752675,OCEAN,OCEAN,NONE,
114312,WHALES,luxury,1,0.6934090201286534,0.9360996100620087,North temperate/subpolar,-24.43460495357848,35.97763911752675,OCEAN,OCEAN,NONE,
92872,WHALES,luxury,1,0.6925505733066233,0.9349407268706281,North temperate/subpolar,-56.28610900010712,35.97763911752675,OCEAN,OCEAN,NONE,
229899,WHALES,luxury,1,0.691315795922479,0.9332738061961505,North temperate/subpolar,143.61415684733305,31.057554606474433,OCEAN,OCEAN,NONE,
214150,WHALES,luxury,1,0.6905728632174413,0.9322708643690036,North temperate/subpolar,121.66760800152412,32.539246179870766,COAST,COAST,NONE,
124683,WHALES,luxury,1,0.688129239231525,0.9289720289715637,North temperate/subpolar,-9.367948881729049,42.43673069618634,COAST,COAST,NONE,
241804,WHALES,luxury,1,1.0,1.3499902834080528,South temperate/subpolar,170.7202388504043,-41.93212949792269,COAST,COAST,NONE,
244484,WHALES,luxury,1,1.0,1.3499902834080528,South temperate/subpolar,174.84761785627526,-41.93212949792269,COAST,COAST,NONE,
246158,WHALES,luxury,1,0.9991307817362427,1.3488168590215228,South temperate/subpolar,176.6409715987788,-41.25086455181402,COAST,COAST,NONE,
240132,WHALES,luxury,1,0.9981973216087957,1.3475567096170855,South temperate/subpolar,169.43265218715425,-43.07685320289299,COAST,COAST,NONE,
242812,WHALES,luxury,1,0.9981973216087957,1.3475567096170855,South temperate/subpolar,173.5917467744717,-43.07685320289299,COAST,COAST,NONE,
243477,WHALES,luxury,1,0.9977562299622952,1.3469612461802485,South temperate/subpolar,172.03232339545434,-40.798906795805756,COAST,COAST,NONE,
245151,WHALES,luxury,1,0.9968342563223591,1.3457166032660943,South temperate/subpolar,174.34326260765175,-40.573576183920075,COAST,COAST,NONE,
17693,WHALES,luxury,1,0.9963189730694778,1.345020982890738,South temperate/subpolar,-176.32733092758596,-43.53814196964375,COAST,COAST,NONE,
238458,WHALES,luxury,1,0.9951294209114075,1.3434151152168405,South temperate/subpolar,167.62756173877608,-43.76954196637647,COAST,COAST,NONE,
247495,WHALES,luxury,1,0.9931467638669754,1.3407385744409879,South temperate/subpolar,177.17309805264463,-39.90011056530612,COAST,COAST,NONE,
241139,WHALES,luxury,1,0.9922476584008256,1.339524803028176,South temperate/subpolar,172.3630393566312,-44.23388887845695,COAST,COAST,NONE,
245483,WHALES,luxury,1,0.9861395697654644,1.3312790258066547,South temperate/subpolar,173.16743930701847,-39.0078517869173,COAST,COAST,NONE,
249167,WHALES,luxury,1,0.9840260793593619,1.3284258630434866,South temperate/subpolar,178.49942549104628,-38.78576990920395,COAST,COAST,NONE,
81665,WHALES,luxury,1,0.9741828371923494,1.3151377156553197,South temperate/subpolar,-74.01260559333006,-37.90122724561065,COAST,COAST,NONE,
230405,WHALES,luxury,1,0.9741828371923494,1.3151377156553197,South temperate/subpolar,149.38819050567176,-37.90122724561065,COAST,COAST,NONE,
247155,WHALES,luxury,1,0.9741828371923494,1.3151377156553197,South temperate/subpolar,174.54593781411785,-37.90122724561065,COAST,COAST,NONE,
249164,WHALES,luxury,1,0.9684564937591964,1.3074072855547572,South temperate/subpolar,177.1108538303281,-37.461161504574,COAST,COAST,NONE,
232077,WHALES,luxury,1,0.9519346188908905,1.2851031397607364,South temperate/subpolar,150.57640205975886,-36.367144688716195,COAST,COAST,NONE,
81661,WHALES,luxury,1,0.9482706428193622,1.2801568575054496,South temperate/subpolar,-73.27684239032652,-36.149361235311865,COAST,COAST,NONE,
247821,WHALES,luxury,1,0.9482706428193622,1.2801568575054496,South temperate/subpolar,173.80707358332478,-36.149361235311865,COAST,COAST,NONE,
233414,WHALES,luxury,1,0.9282865480271362,1.2531787955506053,South temperate/subpolar,151.48771594427328,-35.06532132096085,COAST,COAST,NONE,
14674,WHALES,luxury,1,0.9259251795379442,1.2499910031556043,South temperate/subpolar,-179.07513189716082,-41.93212949792269,OCEAN,OCEAN,NONE,
16014,WHALES,luxury,1,0.9259251795379442,1.2499910031556043,South temperate/subpolar,-177.0114423942253,-41.93212949792269,OCEAN,OCEAN,NONE,
17354,WHALES,luxury,1,0.9259251795379442,1.2499910031556043,South temperate/subpolar,-174.94775289128987,-41.93212949792269,OCEAN,OCEAN,NONE,
18694,WHALES,luxury,1,0.9259251795379442,1.2499910031556043,South temperate/subpolar,-172.88406338835438,-41.93212949792269,OCEAN,OCEAN,NONE,
20034,WHALES,luxury,1,0.9259251795379442,1.2499910031556043,South temperate/subpolar,-170.8203738854189,-41.93212949792269,OCEAN,OCEAN,NONE,
21374,WHALES,luxury,1,0.9259251795379442,1.2499910031556043,South temperate/subpolar,-168.75668438248337,-41.93212949792269,OCEAN,OCEAN,NONE,
22714,WHALES,luxury,1,0.9259251795379442,1.2499910031556043,South temperate/subpolar,-166.69299487954783,-41.93212949792269,OCEAN,OCEAN,NONE,
24054,WHALES,luxury,1,0.9259251795379442,1.2499910031556043,South temperate/subpolar,-164.62930537661236,-41.93212949792269,OCEAN,OCEAN,NONE,
25394,WHALES,luxury,1,0.9259251795379442,1.2499910031556043,South temperate/subpolar,-162.56561587367685,-41.93212949792269,OCEAN,OCEAN,NONE,
26734,WHALES,luxury,1,0.9259251795379442,1.2499910031556043,South temperate/subpolar,-160.50192637074142,-41.93212949792269,OCEAN,OCEAN,NONE,
28074,WHALES,luxury,1,0.9259251795379442,1.2499910031556043,South temperate/subpolar,-158.4382368678059,-41.93212949792269,OCEAN,OCEAN,NONE,
29414,WHALES,luxury,1,0.9259251795379442,1.2499910031556043,South temperate/subpolar,-156.3745473648704,-41.93212949792269,OCEAN,OCEAN,NONE,
30754,WHALES,luxury,1,0.9259251795379442,1.2499910031556043,South temperate/subpolar,-154.31085786193492,-41.93212949792269,OCEAN,OCEAN,NONE,
32094,WHALES,luxury,1,0.9259251795379442,1.2499910031556043,South temperate/subpolar,-152.2471683589994,-41.93212949792269,OCEAN,OCEAN,NONE,
33434,WHALES,luxury,1,0.9259251795379442,1.2499910031556043,South temperate/subpolar,-150.18347885606397,-41.93212949792269,OCEAN,OCEAN,NONE,
235104,WHALES,luxury,1,0.9259251795379442,1.2499910031556043,South temperate/subpolar,160.40179133572684,-41.93212949792269,OCEAN,OCEAN,NONE,
236444,WHALES,luxury,1,0.9259251795379442,1.2499910031556043,South temperate/subpolar,162.4654808386623,-41.93212949792269,OCEAN,OCEAN,NONE,
237784,WHALES,luxury,1,0.9259251795379442,1.2499910031556043,South temperate/subpolar,164.52917034159782,-41.93212949792269,OCEAN,OCEAN,NONE,
239124,WHALES,luxury,1,0.9259251795379442,1.2499910031556043,South temperate/subpolar,166.59285984453334,-41.93212949792269,OCEAN,OCEAN,NONE,
247164,WHALES,luxury,1,0.9259251795379442,1.2499910031556043,South temperate/subpolar,178.97499686214624,-41.93212949792269,OCEAN,OCEAN,NONE,
233429,WHALES,luxury,1,0.9258055976940995,1.2498295704549762,South temperate/subpolar,157.58675474038964,-41.704589499624774,OCEAN,OCEAN,NONE,
240799,WHALES,luxury,1,0.9258055976940995,1.2498295704549762,South temperate/subpolar,168.92011567692035,-41.704589499624774,OCEAN,OCEAN,NONE,
35445,WHALES,luxury,1,0.925713402802052,1.2497051095006304,South temperate/subpolar,-147.53332584997244,-42.38859516455927,OCEAN,OCEAN,NONE,
36785,WHALES,luxury,1,0.925713402802052,1.2497051095006304,South temperate/subpolar,-145.46338750992504,-42.38859516455927,OCEAN,OCEAN,NONE,
38125,WHALES,luxury,1,0.925713402802052,1.2497051095006304,South temperate/subpolar,-143.3934491698776,-42.38859516455927,OCEAN,OCEAN,NONE,
245491,WHALES,luxury,1,0.9253803217938397,1.2492554579067523,South temperate/subpolar,177.20056698381126,-42.61753342744464,OCEAN,OCEAN,NONE,
143968,WHALES,luxury,1,0.9239745134414957,1.2473576494135237,South temperate/subpolar,19.243109173733906,-34.84946176685487,COAST,COAST,NONE,
145308,WHALES,luxury,1,0.9239745134414957,1.2473576494135237,South temperate/subpolar,21.22168473554166,-34.84946176685487,COAST,COAST,NONE,
247818,WHALES,luxury,1,0.9239745134414957,1.2473576494135237,South temperate/subpolar,172.58271521383452,-34.84946176685487,COAST,COAST,NONE,
232757,WHALES,luxury,1,0.9238476146882176,1.2471863390557856,South temperate/subpolar,155.64355913682508,-40.798906795805756,OCEAN,OCEAN,NONE,
16017,WHALES,luxury,1,0.9234635595300054,1.246667873548088,South temperate/subpolar,-178.65189286814018,-43.30724804776986,OCEAN,OCEAN,NONE,
19367,WHALES,luxury,1,0.9234635595300054,1.246667873548088,South temperate/subpolar,-173.44485609406493,-43.30724804776986,OCEAN,OCEAN,NONE,
20707,WHALES,luxury,1,0.9234635595300054,1.246667873548088,South temperate/subpolar,-171.36204138443478,-43.30724804776986,OCEAN,OCEAN,NONE,
22047,WHALES,luxury,1,0.9234635595300054,1.246667873548088,South temperate/subpolar,-169.27922667480465,-43.30724804776986,OCEAN,OCEAN,NONE,
23387,WHALES,luxury,1,0.9234635595300054,1.246667873548088,South temperate/subpolar,-167.19641196517455,-43.30724804776986,OCEAN,OCEAN,NONE,
24727,WHALES,luxury,1,0.9234635595300054,1.246667873548088,South temperate/subpolar,-165.11359725554436,-43.30724804776986,OCEAN,OCEAN,NONE,
26067,WHALES,luxury,1,0.9234635595300054,1.246667873548088,South temperate/subpolar,-163.03078254591426,-43.30724804776986,OCEAN,OCEAN,NONE,
27407,WHALES,luxury,1,0.9234635595300054,1.246667873548088,South temperate/subpolar,-160.94796783628416,-43.30724804776986,OCEAN,OCEAN,NONE,
28747,WHALES,luxury,1,0.9234635595300054,1.246667873548088,South temperate/subpolar,-158.86515312665406,-43.30724804776986,OCEAN,OCEAN,NONE,
30087,WHALES,luxury,1,0.9234635595300054,1.246667873548088,South temperate/subpolar,-156.78233841702394,-43.30724804776986,OCEAN,OCEAN,NONE,
31427,WHALES,luxury,1,0.9234635595300054,1.246667873548088,South temperate/subpolar,-154.69952370739384,-43.30724804776986,OCEAN,OCEAN,NONE,
32767,WHALES,luxury,1,0.9234635595300054,1.246667873548088,South temperate/subpolar,-152.61670899776374,-43.30724804776986,OCEAN,OCEAN,NONE,
34107,WHALES,luxury,1,0.9234635595300054,1.246667873548088,South temperate/subpolar,-150.5338942881336,-43.30724804776986,OCEAN,OCEAN,NONE,
237117,WHALES,luxury,1,0.9234635595300054,1.246667873548088,South temperate/subpolar,165.01253422082868,-43.30724804776986,OCEAN,OCEAN,NONE,
243817,WHALES,luxury,1,0.9234635595300054,1.246667873548088,South temperate/subpolar,175.42660776897924,-43.30724804776986,OCEAN,OCEAN,NONE,
13331,WHALES,luxury,1,0.9229939353919805,1.2460338919130503,South temperate/subpolar,-179.5566841037596,-40.573576183920075,OCEAN,OCEAN,NONE,
14671,WHALES,luxury,1,0.9229939353919805,1.2460338919130503,South temperate/subpolar,-177.51101967190175,-40.573576183920075,OCEAN,OCEAN,NONE,
16011,WHALES,luxury,1,0.9229939353919805,1.2460338919130503,South temperate/subpolar,-175.46535524004386,-40.573576183920075,OCEAN,OCEAN,NONE,
17351,WHALES,luxury,1,0.9229939353919805,1.2460338919130503,South temperate/subpolar,-173.41969080818603,-40.573576183920075,OCEAN,OCEAN,NONE,
18691,WHALES,luxury,1,0.9229939353919805,1.2460338919130503,South temperate/subpolar,-171.37402637632815,-40.573576183920075,OCEAN,OCEAN,NONE,
20031,WHALES,luxury,1,0.9229939353919805,1.2460338919130503,South temperate/subpolar,-169.3283619444703,-40.573576183920075,OCEAN,OCEAN,NONE,
21371,WHALES,luxury,1,0.9229939353919805,1.2460338919130503,South temperate/subpolar,-167.28269751261243,-40.573576183920075,OCEAN,OCEAN,NONE,
22711,WHALES,luxury,1,0.9229939353919805,1.2460338919130503,South temperate/subpolar,-165.23703308075451,-40.573576183920075,OCEAN,OCEAN,NONE,
24051,WHALES,luxury,1,0.9229939353919805,1.2460338919130503,South temperate/subpolar,-163.19136864889663,-40.573576183920075,OCEAN,OCEAN,NONE,
25391,WHALES,luxury,1,0.9229939353919805,1.2460338919130503,South temperate/subpolar,-161.14570421703874,-40.573576183920075,OCEAN,OCEAN,NONE,
26731,WHALES,luxury,1,0.9229939353919805,1.2460338919130503,South temperate/subpolar,-159.1000397851809,-40.573576183920075,OCEAN,OCEAN,NONE,
28071,WHALES,luxury,1,0.9229939353919805,1.2460338919130503,South temperate/subpolar,-157.05437535332302,-40.573576183920075,OCEAN,OCEAN,NONE,
29411,WHALES,luxury,1,0.9229939353919805,1.2460338919130503,South temperate/subpolar,-155.00871092146517,-40.573576183920075,OCEAN,OCEAN,NONE,
30751,WHALES,luxury,1,0.9229939353919805,1.2460338919130503,South temperate/subpolar,-152.9630464896073,-40.573576183920075,OCEAN,OCEAN,NONE,
235101,WHALES,luxury,1,0.9229939353919805,1.2460338919130503,South temperate/subpolar,159.00077936871773,-40.573576183920075,OCEAN,OCEAN,NONE,
236441,WHALES,luxury,1,0.9229939353919805,1.2460338919130503,South temperate/subpolar,161.04644380057553,-40.573576183920075,OCEAN,OCEAN,NONE,
237781,WHALES,luxury,1,0.9229939353919805,1.2460338919130503,South temperate/subpolar,163.09210823243342,-40.573576183920075,OCEAN,OCEAN,NONE,
239121,WHALES,luxury,1,0.9229939353919805,1.2460338919130503,South temperate/subpolar,165.13777266429133,-40.573576183920075,OCEAN,OCEAN,NONE,
240461,WHALES,luxury,1,0.9229939353919805,1.2460338919130503,South temperate/subpolar,167.18343709614916,-40.573576183920075,OCEAN,OCEAN,NONE,
242471,WHALES,luxury,1,0.9229939353919805,1.2460338919130503,South temperate/subpolar,170.251933743936,-40.573576183920075,OCEAN,OCEAN,NONE,
39803,WHALES,luxury,1,0.9225168212689423,1.2453897989729055,South temperate/subpolar,-141.90643306813968,-43.53814196964375,OCEAN,OCEAN,NONE,
41143,WHALES,luxury,1,0.9225168212689423,1.2453897989729055,South temperate/subpolar,-139.82031804635503,-43.53814196964375,OCEAN,OCEAN,NONE,
42483,WHALES,luxury,1,0.9225168212689423,1.2453897989729055,South temperate/subpolar,-137.7342030245704,-43.53814196964375,OCEAN,OCEAN,NONE,
43823,WHALES,luxury,1,0.9225168212689423,1.2453897989729055,South temperate/subpolar,-135.64808800278576,-43.53814196964375,OCEAN,OCEAN,NONE,
45163,WHALES,luxury,1,0.9225168212689423,1.2453897989729055,South temperate/subpolar,-133.56197298100113,-43.53814196964375,OCEAN,OCEAN,NONE,
46503,WHALES,luxury,1,0.9225168212689423,1.2453897989729055,South temperate/subpolar,-131.4758579592165,-43.53814196964375,OCEAN,OCEAN,NONE,
246163,WHALES,luxury,1,0.9225168212689423,1.2453897989729055,South temperate/subpolar,179.35528028669262,-43.53814196964375,OCEAN,OCEAN,NONE,
36118,WHALES,luxury,1,0.9214153840855439,1.2439028844600375,South temperate/subpolar,-147.87918448797026,-43.76954196637647,OCEAN,OCEAN,NONE,
37458,WHALES,luxury,1,0.9214153840855439,1.2439028844600375,South temperate/subpolar,-145.78973583746205,-43.76954196637647,OCEAN,OCEAN,NONE,
239467,WHALES,luxury,1,0.9190088944889356,1.2406541796222161,South temperate/subpolar,171.16279415214845,-45.40413026942522,COAST,COAST,NONE,
244489,WHALES,luxury,1,0.9187470854646347,1.2403007435446072,South temperate/subpolar,177.60358330931518,-44.23388887845695,OCEAN,OCEAN,NONE,
234429,WHALES,luxury,1,0.9181618348136726,1.239510668813431,South temperate/subpolar,157.0942316312981,-39.6764460905433,OCEAN,OCEAN,NONE,
233424,WHALES,luxury,1,0.9166068064283495,1.2374114167553838,South temperate/subpolar,155.35503544927565,-39.45318487510052,OCEAN,OCEAN,NONE,
242134,WHALES,luxury,1,0.9166068064283495,1.2374114167553838,South temperate/subpolar,168.5593241013563,-39.45318487510052,OCEAN,OCEAN,NONE,
16690,WHALES,luxury,1,0.9154568399550226,1.2358589888327804,South temperate/subpolar,-179.34243347287375,-44.70034763615077,OCEAN,OCEAN,NONE,
19370,WHALES,luxury,1,0.9154568399550226,1.2358589888327804,South temperate/subpolar,-175.13618340358786,-44.70034763615077,OCEAN,OCEAN,NONE,
20710,WHALES,luxury,1,0.9154568399550226,1.2358589888327804,South temperate/subpolar,-173.0330583689449,-44.70034763615077,OCEAN,OCEAN,NONE,
22050,WHALES,luxury,1,0.9154568399550226,1.2358589888327804,South temperate/subpolar,-170.9299333343019,-44.70034763615077,OCEAN,OCEAN,NONE,
23390,WHALES,luxury,1,0.9154568399550226,1.2358589888327804,South temperate/subpolar,-168.82680829965895,-44.70034763615077,OCEAN,OCEAN,NONE,
24730,WHALES,luxury,1,0.9154568399550226,1.2358589888327804,South temperate/subpolar,-166.72368326501604,-44.70034763615077,OCEAN,OCEAN,NONE,
26070,WHALES,luxury,1,0.9154568399550226,1.2358589888327804,South temperate/subpolar,-164.6205582303731,-44.70034763615077,OCEAN,OCEAN,NONE,
27410,WHALES,luxury,1,0.9154568399550226,1.2358589888327804,South temperate/subpolar,-162.51743319573012,-44.70034763615077,OCEAN,OCEAN,NONE,
28750,WHALES,luxury,1,0.9154568399550226,1.2358589888327804,South temperate/subpolar,-160.41430816108718,-44.70034763615077,OCEAN,OCEAN,NONE,
30090,WHALES,luxury,1,0.9154568399550226,1.2358589888327804,South temperate/subpolar,-158.3111831264442,-44.70034763615077,OCEAN,OCEAN,NONE,
31430,WHALES,luxury,1,0.9154568399550226,1.2358589888327804,South temperate/subpolar,-156.2080580918013,-44.70034763615077,OCEAN,OCEAN,NONE,
32770,WHALES,luxury,1,0.9154568399550226,1.2358589888327804,South temperate/subpolar,-154.10493305715835,-44.70034763615077,OCEAN,OCEAN,NONE,
242480,WHALES,luxury,1,0.9154568399550226,1.2358589888327804,South temperate/subpolar,175.03413486446192,-44.70034763615077,OCEAN,OCEAN,NONE,
81657,WHALES,luxury,1,0.9150557880514577,1.2353175781152086,South temperate/subpolar,-72.59502715460785,-34.41866117821327,COAST,COAST,NONE,
146647,WHALES,luxury,1,0.9150557880514577,1.2353175781152086,South temperate/subpolar,23.147448837611357,-34.41866117821327,COAST,COAST,NONE,
147987,WHALES,luxury,1,0.9150557880514577,1.2353175781152086,South temperate/subpolar,25.12152050755403,-34.41866117821327,COAST,COAST,NONE,
12658,WHALES,luxury,1,0.9149161205906996,1.2351290303001294,South temperate/subpolar,-179.07879370031188,-39.23032178868457,OCEAN,OCEAN,NONE,
13998,WHALES,luxury,1,0.9149161205906996,1.2351290303001294,South temperate/subpolar,-177.05012995018754,-39.23032178868457,OCEAN,OCEAN,NONE,
15338,WHALES,luxury,1,0.9149161205906996,1.2351290303001294,South temperate/subpolar,-175.0214662000632,-39.23032178868457,OCEAN,OCEAN,NONE,
16678,WHALES,luxury,1,0.9149161205906996,1.2351290303001294,South temperate/subpolar,-172.99280244993886,-39.23032178868457,OCEAN,OCEAN,NONE,
18018,WHALES,luxury,1,0.9149161205906996,1.2351290303001294,South temperate/subpolar,-170.9641386998145,-39.23032178868457,OCEAN,OCEAN,NONE,
19358,WHALES,luxury,1,0.9149161205906996,1.2351290303001294,South temperate/subpolar,-168.93547494969013,-39.23032178868457,OCEAN,OCEAN,NONE,
20698,WHALES,luxury,1,0.9149161205906996,1.2351290303001294,South temperate/subpolar,-166.90681119956574,-39.23032178868457,OCEAN,OCEAN,NONE,
22038,WHALES,luxury,1,0.9149161205906996,1.2351290303001294,South temperate/subpolar,-164.87814744944137,-39.23032178868457,OCEAN,OCEAN,NONE,
23378,WHALES,luxury,1,0.9149161205906996,1.2351290303001294,South temperate/subpolar,-162.84948369931703,-39.23032178868457,OCEAN,OCEAN,NONE,
236438,WHALES,luxury,1,0.9149161205906996,1.2351290303001294,South temperate/subpolar,159.70805257045487,-39.23032178868457,OCEAN,OCEAN,NONE,
237778,WHALES,luxury,1,0.9149161205906996,1.2351290303001294,South temperate/subpolar,161.73671632057923,-39.23032178868457,OCEAN,OCEAN,NONE,
239118,WHALES,luxury,1,0.9149161205906996,1.2351290303001294,South temperate/subpolar,163.76538007070366,-39.23032178868457,OCEAN,OCEAN,NONE,
240458,WHALES,luxury,1,0.9149161205906996,1.2351290303001294,South temperate/subpolar,165.794043820828,-39.23032178868457,OCEAN,OCEAN,NONE,
243808,WHALES,luxury,1,0.9149161205906996,1.2351290303001294,South temperate/subpolar,170.86570319613884,-39.23032178868457,OCEAN,OCEAN,NONE,
231077,WHALES,luxury,1,0.9111345122780943,1.2300239472624876,South temperate/subpolar,151.18605553769493,-38.78576990920395,OCEAN,OCEAN,NONE,
232417,WHALES,luxury,1,0.9111345122780943,1.2300239472624876,South temperate/subpolar,153.209268126832,-38.78576990920395,OCEAN,OCEAN,NONE,
235766,WHALES,luxury,1,0.9068310063251233,1.2242143145806281,South temperate/subpolar,157.84900768139823,-38.342751090156604,OCEAN,OCEAN,NONE,
149326,WHALES,luxury,1,0.9057616323839349,1.222770684697052,South temperate/subpolar,27.034935949050883,-33.98906123594655,COAST,COAST,NONE,
234761,WHALES,luxury,1,0.9044881359453254,1.2210514942019466,South temperate/subpolar,156.13143264171669,-38.12180462829334,OCEAN,OCEAN,NONE,
242131,WHALES,luxury,1,0.9044881359453254,1.2210514942019466,South temperate/subpolar,167.21519760445318,-38.12180462829334,OCEAN,OCEAN,NONE,
243471,WHALES,luxury,1,0.9044881359453254,1.2210514942019466,South temperate/subpolar,169.23042759767802,-38.12180462829334,OCEAN,OCEAN,NONE,
24718,WHALES,luxury,1,0.9031810908144525,1.219287013754617,South temperate/subpolar,-160.82081994919264,-39.23032178868457,OCEAN,OCEAN,NONE,
26728,WHALES,luxury,1,0.9031810908144525,1.219287013754617,South temperate/subpolar,-157.77782432400616,-39.23032178868457,OCEAN,OCEAN,NONE,
11985,WHALES,luxury,1,0.90202039916049,1.2177201070882588,South temperate/subpolar,-178.66883439646605,-37.90122724561065,OCEAN,OCEAN,NONE,
13325,WHALES,luxury,1,0.90202039916049,1.2177201070882588,South temperate/subpolar,-176.65621461179032,-37.90122724561065,OCEAN,OCEAN,NONE,
14665,WHALES,luxury,1,0.90202039916049,1.2177201070882588,South temperate/subpolar,-174.6435948271147,-37.90122724561065,OCEAN,OCEAN,NONE,
16005,WHALES,luxury,1,0.90202039916049,1.2177201070882588,South temperate/subpolar,-172.630975042439,-37.90122724561065,OCEAN,OCEAN,NONE,
17345,WHALES,luxury,1,0.90202039916049,1.2177201070882588,South temperate/subpolar,-170.61835525776328,-37.90122724561065,OCEAN,OCEAN,NONE,
18685,WHALES,luxury,1,0.90202039916049,1.2177201070882588,South temperate/subpolar,-168.60573547308758,-37.90122724561065,OCEAN,OCEAN,NONE,
20025,WHALES,luxury,1,0.90202039916049,1.2177201070882588,South temperate/subpolar,-166.59311568841193,-37.90122724561065,OCEAN,OCEAN,NONE,
79655,WHALES,luxury,1,0.90202039916049,1.2177201070882588,South temperate/subpolar,-77.03153527034361,-37.90122724561065,OCEAN,OCEAN,NONE,
237775,WHALES,luxury,1,0.90202039916049,1.2177201070882588,South temperate/subpolar,160.457599321388,-37.90122724561065,OCEAN,OCEAN,NONE,
239115,WHALES,luxury,1,0.90202039916049,1.2177201070882588,South temperate/subpolar,162.47021910606372,-37.90122724561065,OCEAN,OCEAN,NONE,
240455,WHALES,luxury,1,0.90202039916049,1.2177201070882588,South temperate/subpolar,164.4828388907394,-37.90122724561065,OCEAN,OCEAN,NONE,
245145,WHALES,luxury,1,0.90202039916049,1.2177201070882588,South temperate/subpolar,171.52700813710433,-37.90122724561065,OCEAN,OCEAN,NONE,
232414,WHALES,luxury,1,0.8967182293149779,1.2105623014395899,South temperate/subpolar,152.01743208985292,-37.461161504574,OCEAN,OCEAN,NONE,
233754,WHALES,luxury,1,0.8967182293149779,1.2105623014395899,South temperate/subpolar,154.02490582909093,-37.461161504574,OCEAN,OCEAN,NONE,
250504,WHALES,luxury,1,0.8967182293149779,1.2105623014395899,South temperate/subpolar,179.11832756956602,-37.461161504574,OCEAN,OCEAN,NONE,
143295,WHALES,luxury,1,0.8961131776081637,1.2097454957447595,South temperate/subpolar,18.131496822243644,-33.56063378391455,COAST,COAST,NONE,
83684,WHALES,luxury,1,0.8961097960188456,1.2097409306780362,South temperate/subpolar,-72.79512249598322,-41.93212949792269,COAST,COAST,NONE,
89044,WHALES,luxury,1,0.8961097960188456,1.2097409306780362,South temperate/subpolar,-64.54036448424127,-41.93212949792269,COAST,COAST,NONE,
225054,WHALES,luxury,1,0.8961097960188456,1.2097409306780362,South temperate/subpolar,144.92412006371072,-41.93212949792269,COAST,COAST,NONE,
216179,WHALES,luxury,1,0.576902597939198,0.7788186569518848,North tropical/subtropical,120.44436910931117,24.630284125033263,COAST,COAST,NONE,
214841,WHALES,luxury,1,0.5509932755065765,0.743841675854537,North tropical/subtropical,118.2074293129197,23.814541891026007,COAST,COAST,NONE,
229244,WHALES,luxury,1,0.5392794027957657,0.7280282208539959,North tropical/subtropical,138.97654493033048,24.8346494708104,OCEAN,OCEAN,NONE,
230584,WHALES,luxury,1,0.5392794027957657,0.7280282208539959,North tropical/subtropical,140.86800661740367,24.8346494708104,OCEAN,OCEAN,NONE,
231924,WHALES,luxury,1,0.5367726646136514,0.724644182763466,North tropical/subtropical,142.7594683044769,24.8346494708104,OCEAN,OCEAN,NONE,
51024,WHALES,luxury,1,0.5148991779489118,0.6951154858399826,North tropical/subtropical,-112.58785945040742,24.8346494708104,COAST,COAST,NONE,
218524,WHALES,luxury,1,0.5148991779489118,0.6951154858399826,North tropical/subtropical,123.84485143374471,24.8346494708104,COAST,COAST,NONE,
219864,WHALES,luxury,1,0.5148991779489118,0.6951154858399826,North tropical/subtropical,125.73631312081794,24.8346494708104,COAST,COAST,NONE,
52699,WHALES,luxury,1,0.5100191627480694,0.688527579117276,North tropical/subtropical,-110.14084340661321,24.630284125033263,COAST,COAST,NONE,
54039,WHALES,luxury,1,0.5100191627480694,0.688527579117276,North tropical/subtropical,-108.25080068107285,24.630284125033263,COAST,COAST,NONE,
217519,WHALES,luxury,1,0.5100191627480694,0.688527579117276,North tropical/subtropical,122.33441183485155,24.630284125033263,COAST,COAST,NONE,
221204,WHALES,luxury,1,0.47675775171286267,0.6436254498518357,North tropical/subtropical,127.62777480789111,24.8346494708104,OCEAN,OCEAN,NONE,
222544,WHALES,luxury,1,0.47675775171286267,0.6436254498518357,North tropical/subtropical,129.51923649496436,24.8346494708104,OCEAN,OCEAN,NONE,
223884,WHALES,luxury,1,0.47675775171286267,0.6436254498518357,North tropical/subtropical,131.4106981820376,24.8346494708104,OCEAN,OCEAN,NONE,
225224,WHALES,luxury,1,0.47675775171286267,0.6436254498518357,North tropical/subtropical,133.3021598691108,24.8346494708104,OCEAN,OCEAN,NONE,
226564,WHALES,luxury,1,0.47675775171286267,0.6436254498518357,North tropical/subtropical,135.19362155618404,24.8346494708104,OCEAN,OCEAN,NONE,
227904,WHALES,luxury,1,0.47675775171286267,0.6436254498518357,North tropical/subtropical,137.08508324325726,24.8346494708104,OCEAN,OCEAN,NONE,
141264,WHALES,luxury,1,0.6486483056493355,0.8756736893024715,South tropical/subtropical,14.610622752068393,-24.79163075324407,COAST,COAST,NONE,
155670,WHALES,luxury,1,0.6329445370137412,0.8544739678449645,South tropical/subtropical,34.96704409747481,-24.99613490292365,COAST,COAST,NONE,
138250,WHALES,luxury,1,0.6063152838084505,0.818525096992779,South tropical/subtropical,10.363342053516915,-24.99613490292365,OCEAN,OCEAN,NONE,
139590,WHALES,luxury,1,0.6063152838084505,0.818525096992779,South tropical/subtropical,12.255934518436757,-24.99613490292365,OCEAN,OCEAN,NONE,
140926,WHALES,luxury,1,0.6060016444333425,0.8181016911502269,South tropical/subtropical,14.066010528171274,-23.364903888419562,COAST,COAST,NONE,
80630,WHALES,luxury,1,0.586791431536524,0.7921683517078159,South tropical/subtropical,-71.01813393803613,-24.99613490292365,COAST,COAST,NONE,
97380,WHALES,luxury,1,0.586791431536524,0.7921683517078159,South tropical/subtropical,-47.360728126538135,-24.99613490292365,COAST,COAST,NONE,
161700,WHALES,luxury,1,0.586791431536524,0.7921683517078159,South tropical/subtropical,43.483710189614094,-24.99613490292365,COAST,COAST,NONE,
164380,WHALES,luxury,1,0.586791431536524,0.7921683517078159,South tropical/subtropical,47.26889511945375,-24.99613490292365,COAST,COAST,NONE,
211280,WHALES,luxury,1,0.586791431536524,0.7921683517078159,South tropical/subtropical,113.50963139164807,-24.99613490292365,COAST,COAST,NONE,
239084,WHALES,luxury,1,0.5812597330642796,0.7847006877655001,South tropical/subtropical,152.6654397837162,-24.79163075324407,COAST,COAST,NONE,
138917,WHALES,luxury,1,0.5722854527518775,0.7725856186174941,South tropical/subtropical,11.259653138724008,-23.77170276919737,OCEAN,OCEAN,NONE,
140587,WHALES,luxury,1,0.5647251295555221,0.7623793586036923,South tropical/subtropical,13.53118924654062,-21.946097001047434,COAST,COAST,NONE,
98382,WHALES,luxury,1,0.5592986657854815,0.7550537590553544,South tropical/subtropical,-45.77120051780127,-23.97534943429544,COAST,COAST,NONE,
156337,WHALES,luxury,1,0.553857370899873,0.7477081378468506,South tropical/subtropical,35.754614333634876,-23.77170276919737,COAST,COAST,NONE,
78620,WHALES,luxury,1,0.5433246531828739,0.7334892145442738,South tropical/subtropical,-73.85702263541587,-24.99613490292365,OCEAN,OCEAN,NONE,
99390,WHALES,luxury,1,0.5433246531828739,0.7334892145442738,South tropical/subtropical,-44.52183942915839,-24.99613490292365,OCEAN,OCEAN,NONE,
100730,WHALES,luxury,1,0.5433246531828739,0.7334892145442738,South tropical/subtropical,-42.62924696423855,-24.99613490292365,OCEAN,OCEAN,NONE,
119273,WHALES,luxury,1,0.29490215759347516,0.39812463853180685,High-latitude fringe,-22.7005432169629,70.04015989901137,COAST,COAST,NONE,
140043,WHALES,luxury,1,0.29490215759347516,0.39812463853180685,High-latitude fringe,18.576749082370224,70.04015989901137,COAST,COAST,NONE,
126307,WHALES,luxury,1,0.28922650020097745,0.3904626334041672,High-latitude fringe,-8.755228331354825,70.42534803453412,COAST,COAST,NONE,
142052,WHALES,luxury,1,0.28363286193010684,0.3829113521780974,High-latitude fringe,22.757655586378537,70.81631144692788,COAST,COAST,NONE,
121283,WHALES,luxury,1,0.2730568069393102,0.3686339245664878,High-latitude fringe,-18.705966542833888,70.04015989901137,OCEAN,OCEAN,NONE,
123293,WHALES,luxury,1,0.2730568069393102,0.3686339245664878,High-latitude fringe,-14.711389868704877,70.04015989901137,OCEAN,OCEAN,NONE,
128653,WHALES,luxury,1,0.2730568069393102,0.3686339245664878,High-latitude fringe,-4.059185404360845,70.04015989901137,OCEAN,OCEAN,NONE,
130663,WHALES,luxury,1,0.2730568069393102,0.3686339245664878,High-latitude fringe,-0.06460873023183263,70.04015989901137,OCEAN,OCEAN,NONE,
132673,WHALES,luxury,1,0.2730568069393102,0.3686339245664878,High-latitude fringe,3.9299679438971795,70.04015989901137,OCEAN,OCEAN,NONE,
134683,WHALES,luxury,1,0.2730568069393102,0.3686339245664878,High-latitude fringe,7.924544618026191,70.04015989901137,OCEAN,OCEAN,NONE,
136693,WHALES,luxury,1,0.2730568069393102,0.3686339245664878,High-latitude fringe,11.919121292155204,70.04015989901137,OCEAN,OCEAN,NONE,
137696,WHALES,luxury,1,0.2565641624698407,0.3463692391292643,High-latitude fringe,14.090127420386368,71.21340255858628,OCEAN,OCEAN,NONE,
146073,WHALES,luxury,1,0.2562284075987809,0.34591597788289474,High-latitude fringe,30.56047910475726,70.04015989901137,COAST,COAST,NONE,
140375,WHALES,luxury,1,0.246744547632899,0.33311298808572065,High-latitude fringe,19.649421532669766,72.02756428842494,OCEAN,OCEAN,NONE,
144396,WHALES,luxury,1,0.24164979009481335,0.3262351842153721,High-latitude fringe,27.571596618400292,71.21340255858628,COAST,COAST,NONE,
131331,WHALES,luxury,1,0.24043924096706107,0.3246009711220381,High-latitude fringe,1.2881750776932959,71.61701005988363,OCEAN,OCEAN,NONE,
125301,WHALES,luxury,1,0.24043924083885607,0.32460097094896434,High-latitude fringe,-10.896636122039812,71.61701005988363,OCEAN,OCEAN,NONE,
134011,WHALES,luxury,1,0.2404392408147022,0.3246009709163572,High-latitude fringe,6.70364672201912,71.61701005988363,OCEAN,OCEAN,NONE,
128651,WHALES,luxury,1,0.24043924074224068,0.32460097081853584,High-latitude fringe,-4.12729656663253,71.61701005988363,OCEAN,OCEAN,NONE,
118266,WHALES,luxury,1,0.24030328268478515,0.3244174306114146,High-latitude fringe,-25.006133253854017,71.21340255858628,COAST,COAST,NONE,
122621,WHALES,luxury,1,0.22837977869769638,0.30832097827634825,High-latitude fringe,-16.31210776636564,71.61701005988363,OCEAN,OCEAN,NONE,
140373,WHALES,luxury,1,0.2186966329007032,0.29524895725437567,High-latitude fringe,19.99968401502309,73.74971409155812,OCEAN,OCEAN,NONE,
148083,WHALES,luxury,1,0.2175546576040866,0.2937073172339826,High-latitude fringe,34.55505577888626,70.04015989901137,COAST,COAST,NONE,
155453,WHALES,luxury,1,0.2175546576040866,0.2937073172339826,High-latitude fringe,49.201836917359316,70.04015989901137,COAST,COAST,NONE,
136020,WHALES,luxury,1,0.21087145938315197,0.28468515548307766,High-latitude fringe,10.858480853423465,72.44554367367019,OCEAN,OCEAN,NONE,
142720,WHALES,luxury,1,0.21087145938315197,0.28468515548307766,High-latitude fringe,24.514409112254295,72.44554367367019,OCEAN,OCEAN,NONE,
145400,WHALES,luxury,1,0.21087145938315197,0.28468515548307766,High-latitude fringe,29.97678041578663,72.44554367367019,OCEAN,OCEAN,NONE,
123624,WHALES,luxury,1,0.20672336505810032,0.27908532487482246,High-latitude fringe,-14.468363545853839,72.87148251615844,OCEAN,OCEAN,NONE,
126304,WHALES,luxury,1,0.20672336505810032,0.27908532487482246,High-latitude fringe,-8.981959636266238,72.87148251615844,OCEAN,OCEAN,NONE,
129654,WHALES,luxury,1,0.20672336505810032,0.27908532487482246,High-latitude fringe,-2.123954749281741,72.87148251615844,OCEAN,OCEAN,NONE,
132334,WHALES,luxury,1,0.20672336505810032,0.27908532487482246,High-latitude fringe,3.362449160305857,72.87148251615844,OCEAN,OCEAN,NONE,
138364,WHALES,luxury,1,0.20672336505810032,0.27908532487482246,High-latitude fringe,15.706857956877952,72.87148251615844,OCEAN,OCEAN,NONE,
150093,WHALES,luxury,1,0.20143875139358008,0.271951219661095,High-latitude fringe,38.54963245301528,70.04015989901137,OCEAN,OCEAN,NONE,
152103,WHALES,luxury,1,0.20143875139358008,0.271951219661095,High-latitude fringe,42.5442091271443,70.04015989901137,OCEAN,OCEAN,NONE,