variant,cycle,race_id,state_abbrev,snapshot_date,poll_id,question_id,pollster,field_end,days_old,sample_size,population,partisan,margin_d_minus_r,aggregation_weight
w30_h14_all,2014,23,CO,2014-09-20,33056,39661,SurveyUSA,2014-09-09,11,664.0,,NA,4.0,0.6102177643772905
w30_h14_all,2014,23,CO,2014-09-20,33029,125160,Quinnipiac University,2014-09-12,8,1211.0,,NA,-8.0,0.9560471385796444
w30_h14_all,2014,23,CO,2014-09-20,33026,39631,Suffolk University,2014-09-15,5,500.0,,NA,-1.0,0.7126867165301536
w30_h14_all,2014,23,CO,2014-09-20,33014,39617,Gravis Marketing,2014-09-16,4,657.0,,NA,-7.0,0.8584173550588402
w30_h14_all,2014,23,CO,2014-09-20,33001,39604,Public Policy Polling,2014-09-20,0,652.0,,NA,-2.0,1.0424330514074593
w30_h14_all,2014,23,CO,2014-09-20,34483,42234,ccAdvertising,2014-09-20,0,2094.0,,NA,-6.0,1.8681541692269406
w30_h14_all,2014,24,DE,2014-09-20,33038,39643,Rasmussen Reports,2014-09-11,9,750.0,,NA,15.0,0.7160374274468995
w30_h14_all,2014,24,DE,2014-09-20,33000,137746,University of Delaware Center for Political Communication,2014-09-16,4,769.0,,NA,25.0,0.9287075464205986
w30_h14_all,2014,17,GA,2014-09-20,33065,39671,SurveyUSA,2014-09-07,13,558.0,,NA,-3.0,0.506656502898326
w30_h14_all,2014,17,GA,2014-09-20,33044,39649,InsiderAdvantage,2014-09-10,10,1167.0,,NA,-10.300000000000004,0.8500380715549399
w30_h14_all,2014,17,GA,2014-09-20,33048,39653,Landmark Communications,2014-09-10,10,1109.0,,NA,2.6000000000000014,0.8286453972832397
w30_h14_all,2014,17,GA,2014-09-20,33051,39656,Abt Associates,2014-09-10,10,884.0,,NA,-4.0,0.7398251346312243
w30_h14_all,2014,17,GA,2014-09-20,33019,39622,Rasmussen Reports,2014-09-15,5,750.0,,NA,-5.0,0.8728594009792168
w30_h14_all,2014,4,IL,2014-09-20,33040,39645,APC Research,2014-09-07,13,800.0,,NA,23.0,0.6066546281792226
w30_h14_all,2014,26,IA,2014-09-20,33057,39662,Big Village,2014-09-09,11,608.0,,NA,1.0,0.5839189859334343
w30_h14_all,2014,26,IA,2014-09-20,58861,100391,Øptimus Analytics,2014-09-11,9,2714.0,,NA,1.7000000000000028,1.3621032009985907
w30_h14_all,2014,26,IA,2014-09-20,33030,39635,Quinnipiac University,2014-09-12,8,1167.0,,NA,-6.0,0.9385181210273189
w30_h14_all,2014,26,IA,2014-09-20,33023,39627,Beacon Research/Shaw & Co. Research,2014-09-15,5,600.0,,NA,0.0,0.7807091821557101
w30_h14_all,2014,26,IA,2014-09-20,33011,39614,Rasmussen Reports,2014-09-17,3,750.0,,NA,0.0,0.9637149115327587
w30_h14_all,2014,26,IA,2014-09-20,58862,100392,Øptimus Analytics,2014-09-18,2,2225.0,,NA,-1.1999999999999957,1.744155080603497
w30_h14_all,2014,15,KY,2014-09-20,33066,39672,Mellman Group,2014-09-06,14,800.0,,DEM,1.0,0.5773502691896257
w30_h14_all,2014,15,KY,2014-09-20,33067,39673,Magellan Strategies,2014-09-06,14,742.0,,NA,-8.0,0.5560275772537425
w30_h14_all,2014,15,KY,2014-09-20,33039,39644,Ipsos,2014-09-10,10,944.0,,NA,-4.0,0.764520167857286
w30_h14_all,2014,15,KY,2014-09-20,72988,136911,Gravis Marketing,2014-09-10,10,679.0,,NA,-4.0,0.6483922817001513
w30_h14_all,2014,15,KY,2014-09-20,33025,39630,Gravis Marketing,2014-09-15,5,839.0,,NA,-10.0,0.9231975483239195
w30_h14_all,2014,15,KY,2014-09-20,34490,42243,ccAdvertising,2014-09-13,7,2282.0,,NA,-9.0,1.3790093062291737
w30_h14_all,2014,10,NJ,2014-09-20,33064,39670,Stockton University William J. Hughes Center for Public Policy,2014-09-07,13,807.0,,NA,13.0,0.609302961565771
w30_h14_all,2014,8,NH,2014-09-20,33052,39657,Global Strategy Group,2014-09-10,10,1027.0,,DEM,7.0,0.7974219227568212
w30_h14_all,2014,8,NH,2014-09-20,33041,39646,New England College Polling Center,2014-09-10,10,630.0,,NA,11.0,0.6245586448832879
w30_h14_all,2014,8,NH,2014-09-20,33042,39647,Magellan Strategies,2014-09-10,10,2214.0,,REP,-1.6000000000000014,1.1708243812497394
w30_h14_all,2014,8,NH,2014-09-20,33043,39648,Rasmussen Reports,2014-09-10,10,750.0,,NA,3.0,0.6814493490754073
w30_h14_all,2014,8,NH,2014-09-20,33047,39652,Kiley & Company,2014-09-10,10,600.0,,DEM,8.0,0.6095068271022377
w30_h14_all,2014,8,NH,2014-09-20,33050,39655,Big Village,2014-09-10,10,735.0,,NA,0.0,0.674600438072931
w30_h14_all,2014,8,NH,2014-09-20,33028,39633,American Research Group,2014-09-14,6,495.0,,NA,5.0,0.6748606703538498
w30_h14_all,2014,8,NH,2014-09-20,33018,39621,Vox Populi Polling,2014-09-15,5,550.0,,NA,-4.0,0.7474721342701576
w30_h14_all,2014,8,NH,2014-09-20,33006,39609,Public Policy Polling,2014-09-18,2,652.0,,DEM,6.0,0.9441562830705695
w30_h14_all,2014,8,NH,2014-09-20,33005,39608,New England College Polling Center,2014-09-19,1,1494.0,,NA,7.300000000000004,1.5017496209478887
w30_h14_all,2014,16,VA,2014-09-20,33071,39677,Christopher Newport University Wason Center for Civic Leadership,2014-09-04,16,713.0,,NA,22.0,0.49366786609413393
w30_h14_all,2014,16,VA,2014-09-20,33009,39612,Roanoke College Institute for Policy and Opinion Research,2014-09-16,4,630.0,,NA,19.0,0.8405936004586206
w30_h14_all,2014,16,VA,2014-09-20,32999,39602,Quinnipiac University,2014-09-19,1,1010.0,,NA,9.0,1.2347610436210898
w30_h14_all,2014,19,TX,2014-09-20,34266,42269,Texas Lyceum,2014-09-18,2,666.0,,NA,-18.0,0.9542390922449563
w30_h14_all,2014,22,SD,2014-09-20,33070,39676,SurveyUSA,2014-09-05,15,510.0,,NA,-11.0,0.43870978864857824
w30_h14_all,2014,20,OR,2014-09-20,33045,39650,The Polling Company Inc.,2014-09-10,10,600.0,,REP,8.0,0.6095068271022377
w30_h14_all,2014,14,NC,2014-09-20,33073,39679,Garin-Hart-Yang Research Group,2014-09-05,15,802.0,,DEM,3.0,0.5501478508621013
w30_h14_all,2014,14,NC,2014-09-20,33063,39669,Elon University,2014-09-07,13,629.0,,NA,5.800000000000004,0.5379251435302236
w30_h14_all,2014,14,NC,2014-09-20,33054,39659,SurveyUSA,2014-09-09,11,490.0,,NA,3.0,0.5242022090718167
w30_h14_all,2014,14,NC,2014-09-20,33059,39664,Rasmussen Reports,2014-09-09,11,1000.0,,NA,6.0,0.7488602986740239
w30_h14_all,2014,14,NC,2014-09-20,33034,39639,Public Policy Polling,2014-09-13,7,1266.0,,NA,4.0,1.0271319292087069
w30_h14_all,2014,14,NC,2014-09-20,33021,39624,Beacon Research/Shaw & Co. Research,2014-09-15,5,605.0,,NA,5.0,0.7839553881831689
w30_h14_all,2014,14,NC,2014-09-20,34475,42222,Global Strategy Group,2014-09-17,3,600.0,,DEM,4.0,0.8619728212469777
w30_h14_all,2014,14,NC,2014-09-20,33012,39615,High Point University Survey Research Center,2014-09-15,5,410.0,,NA,2.0,0.6453652701015107
w30_h14_all,2014,3,NM,2014-09-20,33046,39651,Research & Polling Inc.,2014-09-10,10,603.0,,NA,13.0,0.611028694208102
w30_h14_all,2014,6,MN,2014-09-20,33055,39660,Mason-Dixon Polling & Strategy,2014-09-09,11,800.0,,NA,13.0,0.6698010133943652
w30_h14_all,2014,2,MI,2014-09-20,33068,126637,Public Policy Polling,2014-09-06,14,687.0,,NA,7.0,0.5350233639758174
w30_h14_all,2014,2,MI,2014-09-20,33061,39666,Suffolk University,2014-09-08,12,500.0,,NA,8.800000000000004,0.5039456101200464
w30_h14_all,2014,2,MI,2014-09-20,33037,39642,Denno Research,2014-09-12,8,600.0,,NA,7.0,0.6729500963161781
w30_h14_all,2014,2,MI,2014-09-20,33031,39636,Mitchell Research & Communications,2014-09-14,6,829.0,,NA,2.0,0.8733509254759272
w30_h14_all,2014,2,MI,2014-09-20,33027,39632,Magellan Strategies,2014-09-14,6,717.0,,NA,5.0,0.8122151712570401
w30_h14_all,2014,2,MI,2014-09-20,33010,39613,Rasmussen Reports,2014-09-17,3,750.0,,NA,2.0,0.9637149115327587
w30_h14_all,2014,2,MI,2014-09-20,33007,39610,Public Policy Polling,2014-09-18,2,852.0,,DEM,7.0,1.079294309042184
w30_h14_all,2014,2,MI,2014-09-20,33008,39611,We Ask America,2014-09-18,2,1182.0,,NA,3.0,1.271243741905952
w30_h14_all,2014,12,AK,2014-09-20,33060,39665,Harstad Strategic Research,2014-09-09,11,709.0,,DEM,5.0,0.6305563801703026
w30_h14_all,2014,12,AK,2014-09-20,33032,39637,Hays Research Group,2014-09-13,7,500.0,,DEM,4.200000000000003,0.6454972243679029
w30_h14_all,2014,12,AK,2014-09-20,33017,39620,Dittman Research,2014-09-16,4,800.0,,REP,-5.0,0.9472416772335545
w30_h14_all,2014,12,AK,2014-09-20,33003,126627,Public Policy Polling,2014-09-20,0,880.0,,NA,-2.0,1.2110601416389966
w30_h14_all,2014,12,AK,2014-09-20,34468,42215,Hellenthal & Associates,2014-09-18,2,400.0,,NA,-4.5,0.7395202751368115
w30_h14_all,2014,32,AR,2014-09-20,33049,39654,Gravis Marketing,2014-09-10,10,902.0,,NA,-4.0,0.7473193340203613
w30_h14_all,2014,32,AR,2014-09-20,33013,39616,Hickman Analytics,2014-09-15,5,801.0,,DEM,3.0,0.9020485653120276
w30_h14_all,2014,32,AR,2014-09-20,33002,126626,Public Policy Polling,2014-09-20,0,1453.0,,NA,-5.0,1.5561705133649932
w30_h14_all,2014,34,HI,2014-09-20,33053,39658,Rasmussen Reports,2014-09-09,11,750.0,,NA,32.0,0.6485320425373069
w30_h14_all,2014,34,HI,2014-09-20,33885,39638,MRG Research,2014-09-13,7,1055.0,,NA,37.0,0.937638878602347
w30_h14_all,2014,31,MA,2014-09-20,33020,39623,SocialSphere,2014-09-15,5,407.0,,NA,26.0,0.6429998427042456
w30_h14_all,2014,31,MA,2014-09-20,33016,39619,Rasmussen Reports,2014-09-16,4,750.0,,NA,18.0,0.9171628101897845
w30_h14_all,2014,31,MA,2014-09-20,33004,39607,MassINC Polling Group,2014-09-18,2,502.0,,NA,28.0,0.8284607702599586
w30_h14_all,2018,112,NV,2018-09-22,53942,86765,Suffolk University,2018-09-07,15,500.0,,NA,0.3999999999999986,0.43438741931020586
w30_h14_all,2018,112,NV,2018-09-22,54050,87187,Gravis Marketing,2018-09-11,11,700.0,,NA,2.0,0.6265414773589246
w30_h14_all,2018,112,NV,2018-09-22,54092,87436,Ipsos,2018-09-12,10,1039.0,,NA,-3.0,0.8020671382988276
w30_h14_all,2018,107,MN,2018-09-22,53984,86887,SurveyUSA,2018-09-07,15,574.0,,NA,15.0,0.46542336609061397
w30_h14_all,2018,107,MN,2018-09-22,54046,87184,Mason-Dixon Polling & Strategy,2018-09-11,11,800.0,,NA,30.0,0.6698010133943652
w30_h14_all,2018,116,ND,2018-09-22,53977,86870,Beacon Research/Shaw & Co. Research,2018-09-10,12,701.0,,NA,-4.0,0.5967022469363514
w30_h14_all,2018,116,ND,2018-09-22,55966,89686,Strategic Research Associates,2018-09-22,0,650.0,,NA,-10.0,1.0408329997330663
w30_h14_all,2018,119,RI,2018-09-22,54133,87623,Fleming & Associates,2018-09-16,6,420.0,,NA,19.0,0.621636010689402
w30_h14_all,2018,124,VA,2018-09-22,54070,87225,SSRS,2018-09-06,16,512.0,,NA,16.0,0.41833584109934463
w30_h14_all,2018,129,MN,2018-09-22,53984,86888,SurveyUSA,2018-09-07,15,574.0,,NA,9.0,0.46542336609061397
w30_h14_all,2018,129,MN,2018-09-22,54046,87185,Mason-Dixon Polling & Strategy,2018-09-11,11,800.0,,NA,7.0,0.6698010133943652
w30_h14_all,2018,104,MD,2018-09-22,54087,87424,Goucher College Sarah T. Hughes Center for Politics,2018-09-13,9,472.0,,NA,39.0,0.5680363016829743
w30_h14_all,2018,99,DE,2018-09-22,55877,89526,University of Delaware Center for Political Communication,2018-09-14,8,728.0,,NA,37.0,0.7412640260528657
w30_h14_all,2018,127,WI,2018-09-22,54074,87234,Marquette University Law School,2018-09-14,8,614.0,,NA,11.0,0.6807559094235116
w30_h14_all,2018,127,WI,2018-09-22,55876,89530,Ipsos,2018-09-18,4,1109.0,,NA,13.0,1.1152739998274277
w30_h14_all,2018,114,NM,2018-09-22,54047,87181,Research & Polling Inc.,2018-09-10,12,966.0,,NA,21.0,0.7004662702923686
w30_h14_all,2018,114,NM,2018-09-22,55902,89578,In Lux Research,2018-09-16,6,900.0,,LIB,28.0,0.9099819422688338
w30_h14_all,2018,114,NM,2018-09-22,55901,89575,NSON Opinion Strategy/In Lux Research,2018-09-22,0,932.0,,LIB,25.61,1.2463279397226612
w30_h14_all,2018,105,MA,2018-09-22,54094,87438,Suffolk University,2018-09-15,7,500.0,,NA,29.4,0.6454972243679029
w30_h14_all,2018,105,MA,2018-09-22,55850,89425,MassINC Polling Group,2018-09-19,3,506.0,,NA,26.0,0.7915770705282461
w30_h14_all,2018,108,MS,2018-09-22,55975,89700,SurveyMonkey,2018-09-17,5,985.0,,NA,-14.0,1.000303474531358
w30_h14_all,2018,109,MO,2018-09-22,53979,86877,Beacon Research/Shaw & Co. Research,2018-09-10,12,675.0,,NA,3.0,0.5855318866167826
w30_h14_all,2018,109,MO,2018-09-22,54064,87217,Trafalgar Group,2018-09-12,10,1724.0,,REP,-3.0,1.0331695074042986
w30_h14_all,2018,109,MO,2018-09-22,54048,87182,YouGov,2018-09-12,10,917.0,,NA,0.0,0.7535075655278733
w30_h14_all,2018,110,MT,2018-09-22,54049,87183,YouGov,2018-09-12,10,453.0,,NA,2.0,0.5296049679474306
w30_h14_all,2018,110,MT,2018-09-22,55928,89615,Benenson Strategy Group/GS Strategy Group,2018-09-11,11,950.0,,NA,7.0,0.7298987324167927
w30_h14_all,2018,110,MT,2018-09-22,54138,87624,Axis Research,2018-09-18,4,480.0,,REP,0.0,0.7337302481518275
w30_h14_all,2018,110,MT,2018-09-22,55846,89414,Gravis Marketing,2018-09-21,1,710.0,,NA,4.0,1.0352647017609986
w30_h14_all,2018,117,OH,2018-09-22,53959,86830,Morning Consult,2018-09-06,16,1592.0,,NA,16.0,0.7376691576524894
w30_h14_all,2018,117,OH,2018-09-22,54069,87223,Baldwin Wallace University Community Research Institute,2018-09-10,12,1048.0,,NA,17.400000000000002,0.729590727053614
w30_h14_all,2018,117,OH,2018-09-22,54141,87629,American Pulse Research & Polling,2018-09-19,3,1003.0,,NA,10.200000000000003,1.1144700803537224
w30_h14_all,2018,117,OH,2018-09-22,55872,89525,Marist College,2018-09-18,4,564.0,,NA,14.0,0.7953446363289359
w30_h14_all,2018,117,OH,2018-09-22,55874,89528,Ipsos,2018-09-17,5,1074.0,,NA,10.200000000000003,1.0445176975585455
w30_h14_all,2018,117,OH,2018-09-22,56276,90433,University of Akron Ray C. Bliss Institute of Applied Politics,2018-09-22,0,1000.0,,NA,12.0,1.2909944487358056
w30_h14_all,2018,118,PA,2018-09-22,54104,87454,Rasmussen Reports,2018-09-12,10,800.0,,NA,14.0,0.7037978614007832
w30_h14_all,2018,118,PA,2018-09-22,54148,87642,Muhlenberg College Institute of Public Opinion,2018-09-16,6,404.0,,NA,18.0,0.6096803558178527
w30_h14_all,2018,118,PA,2018-09-22,55875,89529,Ipsos,2018-09-16,6,1080.0,,NA,15.600000000000001,0.9968352734060082
w30_h14_all,2018,118,PA,2018-09-22,55900,89577,Franklin & Marshall College Center for Opinion Research,2018-09-20,2,204.0,,NA,17.0,0.5281231116345856
w30_h14_all,2018,120,TN,2018-09-22,53976,86868,Beacon Research/Shaw & Co. Research,2018-09-10,12,686.0,,NA,-3.0,0.5902836065486764
w30_h14_all,2018,120,TN,2018-09-22,54093,87437,American Pulse Research & Polling,2018-09-11,11,1038.0,,NA,-3.299999999999997,0.7629559838637442
w30_h14_all,2018,120,TN,2018-09-22,54058,87204,SSRS,2018-09-13,9,723.0,,NA,5.0,0.7030306195284824
w30_h14_all,2018,120,TN,2018-09-22,54115,87474,Vox Populi Polling,2018-09-17,5,567.0,,NA,2.0,0.7589360655625839
w30_h14_all,2018,120,TN,2018-09-22,55974,89702,SurveyMonkey,2018-09-17,5,1609.0,,NA,0.0,1.278473363565246
w30_h14_all,2018,121,TX,2018-09-22,53971,86858,Dixie Strategies,2018-09-06,16,519.0,,NA,-4.1299999999999955,0.42118585058932323
w30_h14_all,2018,121,TX,2018-09-22,53956,86823,Rasmussen Reports,2018-09-08,14,800.0,,NA,-3.0,0.5773502691896257
w30_h14_all,2018,121,TX,2018-09-22,54167,87696,Blueprint Polling,2018-09-11,11,1161.0,,DEM,-4.0,0.8068947999497222
w30_h14_all,2018,121,TX,2018-09-22,54091,87435,Ipsos,2018-09-10,12,992.0,,NA,2.0,0.7098302452496535
w30_h14_all,2018,121,TX,2018-09-22,54073,87278,Quinnipiac University,2018-09-14,8,807.0,,NA,-9.0,0.7804480535035482
w30_h14_all,2018,121,TX,2018-09-22,54114,87471,Vox Populi Polling,2018-09-17,5,508.0,,NA,0.0,0.7183655849309792
w30_h14_all,2018,121,TX,2018-09-22,54134,87638,Public Policy Polling,2018-09-19,3,603.0,,DEM,-3.0,0.8641250663482205
w30_h14_all,2018,96,AZ,2018-09-22,53975,86866,Beacon Research/Shaw & Co. Research,2018-09-10,12,710.0,,NA,3.0,0.6005205014836358
w30_h14_all,2018,96,AZ,2018-09-22,54084,87417,TargetSmart,2018-09-10,12,800.0,,DEM,5.0,0.6374463779290186
w30_h14_all,2018,96,AZ,2018-09-22,54088,87432,Ipsos,2018-09-09,13,1016.0,,NA,2.6000000000000014,0.6836650452684515
w30_h14_all,2018,96,AZ,2018-09-22,54057,87203,SSRS,2018-09-13,9,761.0,,NA,7.0,0.7212692550415393
w30_h14_all,2018,96,AZ,2018-09-22,55845,89418,Marist College,2018-09-18,4,564.0,,NA,2.0,0.7953446363289359
w30_h14_all,2018,96,AZ,2018-09-22,55835,89398,Emerson College,2018-09-20,2,650.0,,NA,5.5,0.9427070784050267
w30_h14_all,2018,96,AZ,2018-09-22,56184,90216,Latino Decisions,2018-09-18,4,463.0,,NA,6.0,0.7206199814446707
w30_h14_all,2018,126,WV,2018-09-22,54051,87190,Emerson College,2018-09-14,8,825.0,,NA,11.699999999999996,0.7891039343340241
w30_h14_all,2018,126,WV,2018-09-22,56013,89816,Global Strategy Group,2018-09-21,1,601.0,,DEM,12.0,0.9524879021301774
w30_h14_all,2018,126,WV,2018-09-22,55963,89680,Strategic Research Associates,2018-09-21,1,650.0,,NA,8.0,0.9905557209394628
w30_h14_all,2018,100,FL,2018-09-22,53966,86850,SurveyUSA,2018-09-08,14,634.0,,NA,-2.0,0.5139714648369758
w30_h14_all,2018,100,FL,2018-09-22,53991,86899,Rasmussen Reports,2018-09-10,12,800.0,,NA,1.0,0.6374463779290186
w30_h14_all,2018,100,FL,2018-09-22,54089,87433,Ipsos,2018-09-09,13,1000.0,,NA,-1.3999999999999986,0.6782604937368005
w30_h14_all,2018,100,FL,2018-09-22,54103,87455,Florida Atlantic University Business and Economics Polling Initiative,2018-09-15,7,850.0,,NA,-1.0,0.8416254115301732
w30_h14_all,2018,100,FL,2018-09-22,55834,89396,University of North Florida Public Opinion Research Lab,2018-09-18,4,603.0,,NA,0.0,0.8223836372385817
w30_h14_all,2018,100,FL,2018-09-22,55868,89506,Marist College,2018-09-18,4,600.0,,NA,3.0,0.820335356007638
w30_h14_all,2018,100,FL,2018-09-22,55848,89421,Quinnipiac University,2018-09-22,0,888.0,,NA,7.0,1.2165525060596438
w30_h14_all,2018,100,FL,2018-09-22,55924,89610,Cherry Communications,2018-09-21,1,622.0,,REP,2.0,0.9689858264977788
w30_h14_all,2018,102,IN,2018-09-22,53978,86872,Beacon Research/Shaw & Co. Research,2018-09-10,12,677.0,,NA,-2.0,0.5863986996548047
w30_h14_all,2018,102,IN,2018-09-22,55878,89531,Ipsos,2018-09-16,6,1181.0,,NA,2.200000000000003,1.042404957957308
w30_h14_all,2018,106,MI,2018-09-22,53933,86748,Strategic National,2018-09-08,14,1000.0,,NA,18.0,0.6454972243679028
w30_h14_all,2018,106,MI,2018-09-22,54146,87640,Mitchell Research & Communications,2018-09-12,10,1009.0,,NA,13.0,0.7904029135350266
w30_h14_all,2018,106,MI,2018-09-22,54082,87280,Target Insyght,2018-09-12,10,800.0,,NA,15.0,0.7037978614007832
w30_h14_all,2018,106,MI,2018-09-22,55873,89527,Ipsos,2018-09-18,4,1150.0,,NA,19.300000000000004,1.1357028739680735
w30_h14_all,2022,8931,KS,2022-09-24,80717,161750,Emerson College,2022-09-17,7,1000.0,,NA,-12.199999999999996,0.9128709291752769
w30_h14_all,2022,8919,AZ,2022-09-24,81057,163292,OnMessage Inc.,2022-09-08,16,400.0,,REP,10.0,0.36976013756840576
w30_h14_all,2022,8919,AZ,2022-09-24,80750,161939,Fabrizio Lee & Associates/Impact Research,2022-09-12,12,500.0,,NA,8.0,0.5039456101200464
w30_h14_all,2022,8919,AZ,2022-09-24,80676,161486,Trafalgar Group,2022-09-16,8,1080.0,,REP,1.2000000000000028,0.902857296496803
w30_h14_all,2022,8919,AZ,2022-09-24,80755,161956,Data for Progress,2022-09-17,7,768.0,,NA,1.0,0.8
w30_h14_all,2022,8919,AZ,2022-09-24,80833,162503,Marist College,2022-09-21,3,1260.0,,NA,10.0,1.2491172897665759
w30_h14_all,2022,8919,AZ,2022-09-24,80825,162484,Suffolk University,2022-09-23,1,500.0,,NA,6.799999999999997,0.8687748386204116
w30_h14_all,2022,8919,AZ,2022-09-24,80873,162668,Beacon Research/Shaw & Co. Research,2022-09-24,0,1008.0,,NA,6.0,1.296148139681572
w30_h14_all,2022,8922,CO,2022-09-24,80745,161870,Emerson College,2022-09-18,6,1000.0,,NA,9.600000000000001,0.9592051890644551
w30_h14_all,2022,8922,CO,2022-09-24,80832,162501,Trafalgar Group,2022-09-22,2,1078.0,,REP,6.0,1.2140301436237306
w30_h14_all,2022,8922,CO,2022-09-24,80893,162713,Keating Research/Magellan Strategies,2022-09-22,2,1060.0,,NA,10.0,1.2038517886130449
w30_h14_all,2022,8922,CO,2022-09-24,81011,163117,OnMessage Inc.,2022-09-24,0,600.0,,REP,1.0,1.0
w30_h14_all,2022,8924,FL,2022-09-24,80671,161476,Sachs Media,2022-09-10,14,600.0,,NA,-3.0,0.5
w30_h14_all,2022,8924,FL,2022-09-24,80639,161413,Center Street PAC,2022-09-09,15,608.0,,DEM,-5.0,0.47900938920532277
w30_h14_all,2022,8924,FL,2022-09-24,80715,161748,Suffolk University,2022-09-17,7,500.0,,NA,-4.0,0.6454972243679029
w30_h14_all,2022,8924,FL,2022-09-24,80732,161840,Civiqs,2022-09-19,5,617.0,,NA,-2.0,0.7916919774782789
w30_h14_all,2022,8924,FL,2022-09-24,80895,162715,Siena College,2022-09-22,2,669.0,,NA,-7.0,0.956385864569587
w30_h14_all,2022,8924,FL,2022-09-24,80903,162747,Clarity Campaign Labs,2022-09-24,0,2860.0,,DEM,0.0,2.183269719175042
w30_h14_all,2022,8940,NC,2022-09-24,80617,161255,East Carolina University Center for Survey Research,2022-09-09,15,1020.0,,NA,-2.8000000000000043,0.6204293330526535
w30_h14_all,2022,8940,NC,2022-09-24,80710,161733,Emerson College,2022-09-15,9,1000.0,,NA,-2.3999999999999986,0.8268088029726289
w30_h14_all,2022,8940,NC,2022-09-24,80729,161837,Civiqs,2022-09-19,5,586.0,,NA,1.0,0.7715471477081091
w30_h14_all,2022,8940,NC,2022-09-24,80829,162490,Global Strategy Group,2022-09-16,8,800.0,,DEM,0.0,0.77705583851866
w30_h14_all,2022,8940,NC,2022-09-24,80867,162639,"Meredith College Department of History, Political Science, and International Studies",2022-09-22,2,731.0,,NA,-0.29999999999999716,0.9997209154238859
w30_h14_all,2022,8940,NC,2022-09-24,81483,164861,ActiVote,2022-09-19,5,250.0,,NA,-1.0,0.5039456101200462
w30_h14_all,2022,8937,NV,2022-09-24,80620,161259,Emerson College,2022-09-09,15,1000.0,,NA,-0.5,0.6143165797127416
w30_h14_all,2022,8937,NV,2022-09-24,80757,161958,Data for Progress,2022-09-16,8,874.0,,NA,-1.0,0.8121999356514453
w30_h14_all,2022,8937,NV,2022-09-24,80759,161970,InsiderAdvantage,2022-09-20,4,500.0,,NA,-2.8999999999999986,0.748860298674024
w30_h14_all,2022,8937,NV,2022-09-24,81178,163813,WPA Intelligence,2022-09-19,5,500.0,,REP,3.0,0.7126867165301536
w30_h14_all,2022,8937,NV,2022-09-24,80753,161951,Trafalgar Group,2022-09-19,5,1086.0,,REP,-4.0,1.050336782682131
w30_h14_all,2022,8937,NV,2022-09-24,80896,162716,Noble Predictive Insights,2022-09-24,0,741.0,,NA,-2.0,1.1113055385446435
w30_h14_all,2022,8928,IL,2022-09-24,80848,162599,Emerson College,2022-09-22,2,1000.0,,NA,18.900000000000002,1.1692842226533562
w30_h14_all,2022,8943,OK,2022-09-24,80980,163050,Bruno Political Consulting,2022-09-17,7,2989.0,,LIB,-22.439999999999998,1.578237413488013
w30_h14_all,2022,8943,OK,2022-09-24,80808,162999,Amber Integrated,2022-09-20,4,500.0,,NA,-18.0,0.748860298674024
w30_h14_all,2022,9482,OK,2022-09-24,80980,163051,Bruno Political Consulting,2022-09-17,7,2989.0,,LIB,-12.079999999999998,1.578237413488013
w30_h14_all,2022,9482,OK,2022-09-24,80808,163000,Amber Integrated,2022-09-20,4,500.0,,NA,-11.0,0.748860298674024
w30_h14_all,2022,8951,WI,2022-09-24,80632,161347,Marquette University Law School,2022-09-08,16,632.0,,NA,-1.0,0.46478128592777695
w30_h14_all,2022,8951,WI,2022-09-24,80673,161479,OnMessage Inc.,2022-09-12,12,800.0,,REP,-4.0,0.6374463779290186
w30_h14_all,2022,8951,WI,2022-09-24,80657,161431,Civiqs,2022-09-12,12,780.0,,NA,-1.0,0.6294278653002698
w30_h14_all,2022,8951,WI,2022-09-24,80690,161651,Siena College,2022-09-14,10,651.0,,NA,1.0,0.6348826276788468
w30_h14_all,2022,8951,WI,2022-09-24,80704,161675,Emerson College,2022-09-17,7,860.0,,NA,-3.6000000000000014,0.8465616732800197
w30_h14_all,2022,8951,WI,2022-09-24,80772,162035,Trafalgar Group,2022-09-17,7,1087.0,,REP,-2.200000000000003,0.951752769017949
w30_h14_all,2022,8951,WI,2022-09-24,80880,162681,Data for Progress,2022-09-22,2,999.0,,NA,-2.0,1.1686994343083759
w30_h14_all,2022,8951,WI,2022-09-24,80855,162619,Fabrizio Lee & Associates/Impact Research,2022-09-22,2,500.0,,NA,-5.0,0.826808802972629
w30_h14_all,2022,8951,WI,2022-09-24,80874,162669,Beacon Research/Shaw & Co. Research,2022-09-24,0,1012.0,,NA,-4.0,1.298717315918544
w30_h14_all,2022,8938,NH,2022-09-24,80666,161463,Emerson College,2022-09-14,10,800.0,,NA,10.5,0.7037978614007832
w30_h14_all,2022,8938,NH,2022-09-24,80722,161818,American Research Group,2022-09-17,7,555.0,,NA,13.0,0.6800735254367722
w30_h14_all,2022,8938,NH,2022-09-24,80723,161944,University of New Hampshire Survey Center,2022-09-17,7,870.0,,NA,8.0,0.8514693182963202
w30_h14_all,2022,8947,SD,2022-09-24,80814,162460,Lake Research Partners,2022-09-08,16,400.0,,DEM,-13.0,0.36976013756840576
w30_h14_all,2022,8950,WA,2022-09-24,80749,161938,Elway Research,2022-09-14,10,403.0,,NA,13.0,0.4995229801696607
w30_h14_all,2022,8950,WA,2022-09-24,80810,162449,Trafalgar Group,2022-09-23,1,1091.0,,REP,2.200000000000003,1.283318950814594
w30_h14_all,2022,8950,WA,2022-09-24,81010,163116,OnMessage Inc.,2022-09-24,0,600.0,,REP,4.0,1.0
w30_h14_all,2022,8935,MD,2022-09-24,80680,161491,Goucher College Sarah T. Hughes Center for Politics,2022-09-10,14,748.0,,NA,23.0,0.5582711408148076
w30_h14_all,2022,8942,OH,2022-09-24,80662,161444,Fallon Research & Communications,2022-09-08,16,600.0,,REP,3.0,0.45286183213195336
w30_h14_all,2022,8942,OH,2022-09-24,80659,161435,Emerson College,2022-09-12,12,1000.0,,NA,-4.299999999999997,0.7126867165301536
w30_h14_all,2022,8942,OH,2022-09-24,80658,161432,Civiqs,2022-09-12,12,780.0,,NA,-3.0,0.6294278653002698
w30_h14_all,2022,8942,OH,2022-09-24,80716,161749,Marist College,2022-09-14,10,1200.0,,NA,-1.0,0.8619728212469777
w30_h14_all,2022,8942,OH,2022-09-24,80760,161971,Baldwin Wallace University Community Research Institute,2022-09-14,10,855.0,,NA,3.1000000000000014,0.7275888024873924
w30_h14_all,2022,8942,OH,2022-09-24,80815,162465,Siena College,2022-09-20,4,642.0,,NA,3.0,0.8485614904403278
w30_h14_all,2022,8939,NY,2022-09-24,80837,162587,Siena College,2022-09-20,4,655.0,,NA,19.0,0.8571097878792976
w30_h14_all,2022,8939,NY,2022-09-24,81577,165122,ActiVote,2022-09-22,2,279.0,,NA,20.0,0.6176211950245487
w30_h14_all,2022,8945,PA,2022-09-24,80621,161262,YouGov,2022-09-09,15,1188.0,,NA,5.0,0.6695768916342871
w30_h14_all,2022,8945,PA,2022-09-24,80667,161464,Trafalgar Group,2022-09-14,10,1078.0,,REP,1.8000000000000043,0.816981702082333
w30_h14_all,2022,8945,PA,2022-09-24,80758,161968,Muhlenberg College Institute of Public Opinion,2022-09-15,9,420.0,,NA,5.0,0.5358333459226603
w30_h14_all,2022,8945,PA,2022-09-24,80804,162439,Phillips Academy,2022-09-18,6,759.0,,NA,2.0,0.8356653740575148
w30_h14_all,2022,8945,PA,2022-09-24,80816,162469,Marist College,2022-09-21,3,1242.0,,NA,10.0,1.2401629285125166
w30_h14_all,2022,8945,PA,2022-09-24,80813,162458,InsiderAdvantage,2022-09-23,1,500.0,,NA,3.0999999999999943,0.8687748386204116
w30_h14_all,2022,8945,PA,2022-09-24,80854,162618,Franklin & Marshall College Center for Opinion Research,2022-09-22,2,517.0,,NA,3.0,0.8407470676487161
w30_h14_all,2022,8945,PA,2022-09-24,80853,162610,Beacon Research/Shaw & Co. Research,2022-09-24,0,1008.0,,NA,4.0,1.296148139681572
w30_h14_all,2022,8923,CT,2022-09-24,80731,161839,Quinnipiac University,2022-09-17,7,1911.0,,NA,17.0,1.2619429464123963
w30_h14_all,2022,8923,CT,2022-09-24,80826,162542,Western New England University Polling Institute,2022-09-18,6,626.0,,NA,13.0,0.7589246973842917
w30_h14_all,2022,8936,MO,2022-09-24,80689,161644,SurveyUSA,2022-09-16,8,670.0,,NA,-11.0,0.7111228533434627
w30_h14_all,2022,8925,GA,2022-09-24,80640,161415,Center Street PAC,2022-09-11,13,542.0,,DEM,4.0,0.4993397792799367
w30_h14_all,2022,8925,GA,2022-09-24,80631,161343,Quinnipiac University,2022-09-10,14,1278.0,,NA,6.0,0.7297259759663212
w30_h14_all,2022,8925,GA,2022-09-24,80692,161653,Marist College,2022-09-14,10,1202.0,,NA,5.0,0.8626908328843856
w30_h14_all,2022,8925,GA,2022-09-24,80691,161652,University of Georgia School of Public and International Affairs,2022-09-11,13,861.0,,NA,-1.5999999999999943,0.6293584932536306
w30_h14_all,2022,8925,GA,2022-09-24,80718,161751,YouGov,2022-09-16,8,1178.0,,NA,2.0,0.9429309255820749
w30_h14_all,2022,8925,GA,2022-09-24,80756,161957,Data for Progress,2022-09-18,6,1006.0,,NA,0.0,0.9620785011092109
w30_h14_all,2022,8925,GA,2022-09-24,80852,162609,Beacon Research/Shaw & Co. Research,2022-09-24,0,1011.0,,NA,5.0,1.298075498574717
w30_h14_all,2022,8920,AR,2022-09-24,80677,161487,Hendrix College,2022-09-12,12,835.0,,NA,-13.0,0.6512412511442852
w45_h14_all,2014,23,CO,2014-09-20,33056,39661,SurveyUSA,2014-09-09,11,664.0,,NA,4.0,0.6102177643772905
w45_h14_all,2014,23,CO,2014-09-20,33029,125160,Quinnipiac University,2014-09-12,8,1211.0,,NA,-8.0,0.9560471385796444
w45_h14_all,2014,23,CO,2014-09-20,33026,39631,Suffolk University,2014-09-15,5,500.0,,NA,-1.0,0.7126867165301536
w45_h14_all,2014,23,CO,2014-09-20,33014,39617,Gravis Marketing,2014-09-16,4,657.0,,NA,-7.0,0.8584173550588402
w45_h14_all,2014,23,CO,2014-09-20,33001,39604,Public Policy Polling,2014-09-20,0,652.0,,NA,-2.0,1.0424330514074593
w45_h14_all,2014,23,CO,2014-09-20,34483,42234,ccAdvertising,2014-09-20,0,2094.0,,NA,-6.0,1.8681541692269406
w45_h14_all,2014,24,DE,2014-09-20,33038,39643,Rasmussen Reports,2014-09-11,9,750.0,,NA,15.0,0.7160374274468995
w45_h14_all,2014,24,DE,2014-09-20,33000,137746,University of Delaware Center for Political Communication,2014-09-16,4,769.0,,NA,25.0,0.9287075464205986
w45_h14_all,2014,17,GA,2014-09-20,33065,39671,SurveyUSA,2014-09-07,13,558.0,,NA,-3.0,0.506656502898326
w45_h14_all,2014,17,GA,2014-09-20,33044,39649,InsiderAdvantage,2014-09-10,10,1167.0,,NA,-10.300000000000004,0.8500380715549399
w45_h14_all,2014,17,GA,2014-09-20,33048,39653,Landmark Communications,2014-09-10,10,1109.0,,NA,2.6000000000000014,0.8286453972832397
w45_h14_all,2014,17,GA,2014-09-20,33051,39656,Abt Associates,2014-09-10,10,884.0,,NA,-4.0,0.7398251346312243
w45_h14_all,2014,17,GA,2014-09-20,33019,39622,Rasmussen Reports,2014-09-15,5,750.0,,NA,-5.0,0.8728594009792168
w45_h14_all,2014,4,IL,2014-09-20,33040,39645,APC Research,2014-09-07,13,800.0,,NA,23.0,0.6066546281792226
w45_h14_all,2014,26,IA,2014-09-20,33057,39662,Big Village,2014-09-09,11,608.0,,NA,1.0,0.5839189859334343
w45_h14_all,2014,26,IA,2014-09-20,58861,100391,Øptimus Analytics,2014-09-11,9,2714.0,,NA,1.7000000000000028,1.3621032009985907
w45_h14_all,2014,26,IA,2014-09-20,33030,39635,Quinnipiac University,2014-09-12,8,1167.0,,NA,-6.0,0.9385181210273189
w45_h14_all,2014,26,IA,2014-09-20,33023,39627,Beacon Research/Shaw & Co. Research,2014-09-15,5,600.0,,NA,0.0,0.7807091821557101
w45_h14_all,2014,26,IA,2014-09-20,33011,39614,Rasmussen Reports,2014-09-17,3,750.0,,NA,0.0,0.9637149115327587
w45_h14_all,2014,26,IA,2014-09-20,58862,100392,Øptimus Analytics,2014-09-18,2,2225.0,,NA,-1.1999999999999957,1.744155080603497
w45_h14_all,2014,15,KY,2014-09-20,33066,39672,Mellman Group,2014-09-06,14,800.0,,DEM,1.0,0.5773502691896257
w45_h14_all,2014,15,KY,2014-09-20,33067,39673,Magellan Strategies,2014-09-06,14,742.0,,NA,-8.0,0.5560275772537425
w45_h14_all,2014,15,KY,2014-09-20,33039,39644,Ipsos,2014-09-10,10,944.0,,NA,-4.0,0.764520167857286
w45_h14_all,2014,15,KY,2014-09-20,72988,136911,Gravis Marketing,2014-09-10,10,679.0,,NA,-4.0,0.6483922817001513
w45_h14_all,2014,15,KY,2014-09-20,33025,39630,Gravis Marketing,2014-09-15,5,839.0,,NA,-10.0,0.9231975483239195
w45_h14_all,2014,15,KY,2014-09-20,34490,42243,ccAdvertising,2014-09-13,7,2282.0,,NA,-9.0,1.3790093062291737
w45_h14_all,2014,10,NJ,2014-09-20,33064,39670,Stockton University William J. Hughes Center for Public Policy,2014-09-07,13,807.0,,NA,13.0,0.609302961565771
w45_h14_all,2014,8,NH,2014-09-20,33052,39657,Global Strategy Group,2014-09-10,10,1027.0,,DEM,7.0,0.7974219227568212
w45_h14_all,2014,8,NH,2014-09-20,33041,39646,New England College Polling Center,2014-09-10,10,630.0,,NA,11.0,0.6245586448832879
w45_h14_all,2014,8,NH,2014-09-20,33042,39647,Magellan Strategies,2014-09-10,10,2214.0,,REP,-1.6000000000000014,1.1708243812497394
w45_h14_all,2014,8,NH,2014-09-20,33043,39648,Rasmussen Reports,2014-09-10,10,750.0,,NA,3.0,0.6814493490754073
w45_h14_all,2014,8,NH,2014-09-20,33047,39652,Kiley & Company,2014-09-10,10,600.0,,DEM,8.0,0.6095068271022377
w45_h14_all,2014,8,NH,2014-09-20,33050,39655,Big Village,2014-09-10,10,735.0,,NA,0.0,0.674600438072931
w45_h14_all,2014,8,NH,2014-09-20,33028,39633,American Research Group,2014-09-14,6,495.0,,NA,5.0,0.6748606703538498
w45_h14_all,2014,8,NH,2014-09-20,33018,39621,Vox Populi Polling,2014-09-15,5,550.0,,NA,-4.0,0.7474721342701576
w45_h14_all,2014,8,NH,2014-09-20,33006,39609,Public Policy Polling,2014-09-18,2,652.0,,DEM,6.0,0.9441562830705695
w45_h14_all,2014,8,NH,2014-09-20,33005,39608,New England College Polling Center,2014-09-19,1,1494.0,,NA,7.300000000000004,1.5017496209478887
w45_h14_all,2014,16,VA,2014-09-20,33071,39677,Christopher Newport University Wason Center for Civic Leadership,2014-09-04,16,713.0,,NA,22.0,0.49366786609413393
w45_h14_all,2014,16,VA,2014-09-20,33009,39612,Roanoke College Institute for Policy and Opinion Research,2014-09-16,4,630.0,,NA,19.0,0.8405936004586206
w45_h14_all,2014,16,VA,2014-09-20,32999,39602,Quinnipiac University,2014-09-19,1,1010.0,,NA,9.0,1.2347610436210898
w45_h14_all,2014,19,TX,2014-09-20,34266,42269,Texas Lyceum,2014-09-18,2,666.0,,NA,-18.0,0.9542390922449563
w45_h14_all,2014,22,SD,2014-09-20,33070,39676,SurveyUSA,2014-09-05,15,510.0,,NA,-11.0,0.43870978864857824
w45_h14_all,2014,20,OR,2014-09-20,33045,39650,The Polling Company Inc.,2014-09-10,10,600.0,,REP,8.0,0.6095068271022377
w45_h14_all,2014,14,NC,2014-09-20,33073,39679,Garin-Hart-Yang Research Group,2014-09-05,15,802.0,,DEM,3.0,0.5501478508621013
w45_h14_all,2014,14,NC,2014-09-20,33063,39669,Elon University,2014-09-07,13,629.0,,NA,5.800000000000004,0.5379251435302236
w45_h14_all,2014,14,NC,2014-09-20,33054,39659,SurveyUSA,2014-09-09,11,490.0,,NA,3.0,0.5242022090718167
w45_h14_all,2014,14,NC,2014-09-20,33059,39664,Rasmussen Reports,2014-09-09,11,1000.0,,NA,6.0,0.7488602986740239
w45_h14_all,2014,14,NC,2014-09-20,33034,39639,Public Policy Polling,2014-09-13,7,1266.0,,NA,4.0,1.0271319292087069
w45_h14_all,2014,14,NC,2014-09-20,33021,39624,Beacon Research/Shaw & Co. Research,2014-09-15,5,605.0,,NA,5.0,0.7839553881831689
w45_h14_all,2014,14,NC,2014-09-20,34475,42222,Global Strategy Group,2014-09-17,3,600.0,,DEM,4.0,0.8619728212469777
w45_h14_all,2014,14,NC,2014-09-20,33012,39615,High Point University Survey Research Center,2014-09-15,5,410.0,,NA,2.0,0.6453652701015107
w45_h14_all,2014,3,NM,2014-09-20,33046,39651,Research & Polling Inc.,2014-09-10,10,603.0,,NA,13.0,0.611028694208102
w45_h14_all,2014,6,MN,2014-09-20,33055,39660,Mason-Dixon Polling & Strategy,2014-09-09,11,800.0,,NA,13.0,0.6698010133943652
w45_h14_all,2014,2,MI,2014-09-20,33068,126637,Public Policy Polling,2014-09-06,14,687.0,,NA,7.0,0.5350233639758174
w45_h14_all,2014,2,MI,2014-09-20,33061,39666,Suffolk University,2014-09-08,12,500.0,,NA,8.800000000000004,0.5039456101200464
w45_h14_all,2014,2,MI,2014-09-20,33037,39642,Denno Research,2014-09-12,8,600.0,,NA,7.0,0.6729500963161781
w45_h14_all,2014,2,MI,2014-09-20,33031,39636,Mitchell Research & Communications,2014-09-14,6,829.0,,NA,2.0,0.8733509254759272
w45_h14_all,2014,2,MI,2014-09-20,33027,39632,Magellan Strategies,2014-09-14,6,717.0,,NA,5.0,0.8122151712570401
w45_h14_all,2014,2,MI,2014-09-20,33010,39613,Rasmussen Reports,2014-09-17,3,750.0,,NA,2.0,0.9637149115327587
w45_h14_all,2014,2,MI,2014-09-20,33007,39610,Public Policy Polling,2014-09-18,2,852.0,,DEM,7.0,1.079294309042184
w45_h14_all,2014,2,MI,2014-09-20,33008,39611,We Ask America,2014-09-18,2,1182.0,,NA,3.0,1.271243741905952
w45_h14_all,2014,12,AK,2014-09-20,33060,39665,Harstad Strategic Research,2014-09-09,11,709.0,,DEM,5.0,0.6305563801703026
w45_h14_all,2014,12,AK,2014-09-20,33032,39637,Hays Research Group,2014-09-13,7,500.0,,DEM,4.200000000000003,0.6454972243679029
w45_h14_all,2014,12,AK,2014-09-20,33017,39620,Dittman Research,2014-09-16,4,800.0,,REP,-5.0,0.9472416772335545
w45_h14_all,2014,12,AK,2014-09-20,33003,126627,Public Policy Polling,2014-09-20,0,880.0,,NA,-2.0,1.2110601416389966
w45_h14_all,2014,12,AK,2014-09-20,34468,42215,Hellenthal & Associates,2014-09-18,2,400.0,,NA,-4.5,0.7395202751368115
w45_h14_all,2014,32,AR,2014-09-20,33049,39654,Gravis Marketing,2014-09-10,10,902.0,,NA,-4.0,0.7473193340203613
w45_h14_all,2014,32,AR,2014-09-20,33013,39616,Hickman Analytics,2014-09-15,5,801.0,,DEM,3.0,0.9020485653120276
w45_h14_all,2014,32,AR,2014-09-20,33002,126626,Public Policy Polling,2014-09-20,0,1453.0,,NA,-5.0,1.5561705133649932
w45_h14_all,2014,34,HI,2014-09-20,33053,39658,Rasmussen Reports,2014-09-09,11,750.0,,NA,32.0,0.6485320425373069
w45_h14_all,2014,34,HI,2014-09-20,33885,39638,MRG Research,2014-09-13,7,1055.0,,NA,37.0,0.937638878602347
w45_h14_all,2014,31,MA,2014-09-20,33020,39623,SocialSphere,2014-09-15,5,407.0,,NA,26.0,0.6429998427042456
w45_h14_all,2014,31,MA,2014-09-20,33016,39619,Rasmussen Reports,2014-09-16,4,750.0,,NA,18.0,0.9171628101897845
w45_h14_all,2014,31,MA,2014-09-20,33004,39607,MassINC Polling Group,2014-09-18,2,502.0,,NA,28.0,0.8284607702599586
w45_h14_all,2018,112,NV,2018-09-22,53942,86765,Suffolk University,2018-09-07,15,500.0,,NA,0.3999999999999986,0.43438741931020586
w45_h14_all,2018,112,NV,2018-09-22,54050,87187,Gravis Marketing,2018-09-11,11,700.0,,NA,2.0,0.6265414773589246
w45_h14_all,2018,112,NV,2018-09-22,54092,87436,Ipsos,2018-09-12,10,1039.0,,NA,-3.0,0.8020671382988276
w45_h14_all,2018,107,MN,2018-09-22,53984,86887,SurveyUSA,2018-09-07,15,574.0,,NA,15.0,0.46542336609061397
w45_h14_all,2018,107,MN,2018-09-22,54046,87184,Mason-Dixon Polling & Strategy,2018-09-11,11,800.0,,NA,30.0,0.6698010133943652
w45_h14_all,2018,116,ND,2018-09-22,53977,86870,Beacon Research/Shaw & Co. Research,2018-09-10,12,701.0,,NA,-4.0,0.5967022469363514
w45_h14_all,2018,116,ND,2018-09-22,55966,89686,Strategic Research Associates,2018-09-22,0,650.0,,NA,-10.0,1.0408329997330663
w45_h14_all,2018,119,RI,2018-09-22,54133,87623,Fleming & Associates,2018-09-16,6,420.0,,NA,19.0,0.621636010689402
w45_h14_all,2018,124,VA,2018-09-22,54070,87225,SSRS,2018-09-06,16,512.0,,NA,16.0,0.41833584109934463
w45_h14_all,2018,129,MN,2018-09-22,53984,86888,SurveyUSA,2018-09-07,15,574.0,,NA,9.0,0.46542336609061397
w45_h14_all,2018,129,MN,2018-09-22,54046,87185,Mason-Dixon Polling & Strategy,2018-09-11,11,800.0,,NA,7.0,0.6698010133943652
w45_h14_all,2018,104,MD,2018-09-22,54087,87424,Goucher College Sarah T. Hughes Center for Politics,2018-09-13,9,472.0,,NA,39.0,0.5680363016829743
w45_h14_all,2018,99,DE,2018-09-22,55877,89526,University of Delaware Center for Political Communication,2018-09-14,8,728.0,,NA,37.0,0.7412640260528657
w45_h14_all,2018,127,WI,2018-09-22,54074,87234,Marquette University Law School,2018-09-14,8,614.0,,NA,11.0,0.6807559094235116
w45_h14_all,2018,127,WI,2018-09-22,55876,89530,Ipsos,2018-09-18,4,1109.0,,NA,13.0,1.1152739998274277
w45_h14_all,2018,114,NM,2018-09-22,54047,87181,Research & Polling Inc.,2018-09-10,12,966.0,,NA,21.0,0.7004662702923686
w45_h14_all,2018,114,NM,2018-09-22,55902,89578,In Lux Research,2018-09-16,6,900.0,,LIB,28.0,0.9099819422688338
w45_h14_all,2018,114,NM,2018-09-22,55901,89575,NSON Opinion Strategy/In Lux Research,2018-09-22,0,932.0,,LIB,25.61,1.2463279397226612
w45_h14_all,2018,105,MA,2018-09-22,54094,87438,Suffolk University,2018-09-15,7,500.0,,NA,29.4,0.6454972243679029
w45_h14_all,2018,105,MA,2018-09-22,55850,89425,MassINC Polling Group,2018-09-19,3,506.0,,NA,26.0,0.7915770705282461
w45_h14_all,2018,108,MS,2018-09-22,55975,89700,SurveyMonkey,2018-09-17,5,985.0,,NA,-14.0,1.000303474531358
w45_h14_all,2018,109,MO,2018-09-22,53979,86877,Beacon Research/Shaw & Co. Research,2018-09-10,12,675.0,,NA,3.0,0.5855318866167826
w45_h14_all,2018,109,MO,2018-09-22,54064,87217,Trafalgar Group,2018-09-12,10,1724.0,,REP,-3.0,1.0331695074042986
w45_h14_all,2018,109,MO,2018-09-22,54048,87182,YouGov,2018-09-12,10,917.0,,NA,0.0,0.7535075655278733
w45_h14_all,2018,110,MT,2018-09-22,54049,87183,YouGov,2018-09-12,10,453.0,,NA,2.0,0.5296049679474306
w45_h14_all,2018,110,MT,2018-09-22,55928,89615,Benenson Strategy Group/GS Strategy Group,2018-09-11,11,950.0,,NA,7.0,0.7298987324167927
w45_h14_all,2018,110,MT,2018-09-22,54138,87624,Axis Research,2018-09-18,4,480.0,,REP,0.0,0.7337302481518275
w45_h14_all,2018,110,MT,2018-09-22,55846,89414,Gravis Marketing,2018-09-21,1,710.0,,NA,4.0,1.0352647017609986
w45_h14_all,2018,117,OH,2018-09-22,53959,86830,Morning Consult,2018-09-06,16,1592.0,,NA,16.0,0.7376691576524894
w45_h14_all,2018,117,OH,2018-09-22,54069,87223,Baldwin Wallace University Community Research Institute,2018-09-10,12,1048.0,,NA,17.400000000000002,0.729590727053614
w45_h14_all,2018,117,OH,2018-09-22,54141,87629,American Pulse Research & Polling,2018-09-19,3,1003.0,,NA,10.200000000000003,1.1144700803537224
w45_h14_all,2018,117,OH,2018-09-22,55872,89525,Marist College,2018-09-18,4,564.0,,NA,14.0,0.7953446363289359
w45_h14_all,2018,117,OH,2018-09-22,55874,89528,Ipsos,2018-09-17,5,1074.0,,NA,10.200000000000003,1.0445176975585455
w45_h14_all,2018,117,OH,2018-09-22,56276,90433,University of Akron Ray C. Bliss Institute of Applied Politics,2018-09-22,0,1000.0,,NA,12.0,1.2909944487358056
w45_h14_all,2018,118,PA,2018-09-22,54104,87454,Rasmussen Reports,2018-09-12,10,800.0,,NA,14.0,0.7037978614007832
w45_h14_all,2018,118,PA,2018-09-22,54148,87642,Muhlenberg College Institute of Public Opinion,2018-09-16,6,404.0,,NA,18.0,0.6096803558178527
w45_h14_all,2018,118,PA,2018-09-22,55875,89529,Ipsos,2018-09-16,6,1080.0,,NA,15.600000000000001,0.9968352734060082
w45_h14_all,2018,118,PA,2018-09-22,55900,89577,Franklin & Marshall College Center for Opinion Research,2018-09-20,2,204.0,,NA,17.0,0.5281231116345856
w45_h14_all,2018,120,TN,2018-09-22,53976,86868,Beacon Research/Shaw & Co. Research,2018-09-10,12,686.0,,NA,-3.0,0.5902836065486764
w45_h14_all,2018,120,TN,2018-09-22,54093,87437,American Pulse Research & Polling,2018-09-11,11,1038.0,,NA,-3.299999999999997,0.7629559838637442
w45_h14_all,2018,120,TN,2018-09-22,54058,87204,SSRS,2018-09-13,9,723.0,,NA,5.0,0.7030306195284824
w45_h14_all,2018,120,TN,2018-09-22,54115,87474,Vox Populi Polling,2018-09-17,5,567.0,,NA,2.0,0.7589360655625839
w45_h14_all,2018,120,TN,2018-09-22,55974,89702,SurveyMonkey,2018-09-17,5,1609.0,,NA,0.0,1.278473363565246
w45_h14_all,2018,121,TX,2018-09-22,53971,86858,Dixie Strategies,2018-09-06,16,519.0,,NA,-4.1299999999999955,0.42118585058932323
w45_h14_all,2018,121,TX,2018-09-22,53956,86823,Rasmussen Reports,2018-09-08,14,800.0,,NA,-3.0,0.5773502691896257
w45_h14_all,2018,121,TX,2018-09-22,54167,87696,Blueprint Polling,2018-09-11,11,1161.0,,DEM,-4.0,0.8068947999497222
w45_h14_all,2018,121,TX,2018-09-22,54091,87435,Ipsos,2018-09-10,12,992.0,,NA,2.0,0.7098302452496535
w45_h14_all,2018,121,TX,2018-09-22,54073,87278,Quinnipiac University,2018-09-14,8,807.0,,NA,-9.0,0.7804480535035482
w45_h14_all,2018,121,TX,2018-09-22,54114,87471,Vox Populi Polling,2018-09-17,5,508.0,,NA,0.0,0.7183655849309792
w45_h14_all,2018,121,TX,2018-09-22,54134,87638,Public Policy Polling,2018-09-19,3,603.0,,DEM,-3.0,0.8641250663482205
w45_h14_all,2018,96,AZ,2018-09-22,53975,86866,Beacon Research/Shaw & Co. Research,2018-09-10,12,710.0,,NA,3.0,0.6005205014836358
w45_h14_all,2018,96,AZ,2018-09-22,54084,87417,TargetSmart,2018-09-10,12,800.0,,DEM,5.0,0.6374463779290186
w45_h14_all,2018,96,AZ,2018-09-22,54088,87432,Ipsos,2018-09-09,13,1016.0,,NA,2.6000000000000014,0.6836650452684515
w45_h14_all,2018,96,AZ,2018-09-22,54057,87203,SSRS,2018-09-13,9,761.0,,NA,7.0,0.7212692550415393
w45_h14_all,2018,96,AZ,2018-09-22,55845,89418,Marist College,2018-09-18,4,564.0,,NA,2.0,0.7953446363289359
w45_h14_all,2018,96,AZ,2018-09-22,55835,89398,Emerson College,2018-09-20,2,650.0,,NA,5.5,0.9427070784050267
w45_h14_all,2018,96,AZ,2018-09-22,56184,90216,Latino Decisions,2018-09-18,4,463.0,,NA,6.0,0.7206199814446707
w45_h14_all,2018,126,WV,2018-09-22,54051,87190,Emerson College,2018-09-14,8,825.0,,NA,11.699999999999996,0.7891039343340241
w45_h14_all,2018,126,WV,2018-09-22,56013,89816,Global Strategy Group,2018-09-21,1,601.0,,DEM,12.0,0.9524879021301774
w45_h14_all,2018,126,WV,2018-09-22,55963,89680,Strategic Research Associates,2018-09-21,1,650.0,,NA,8.0,0.9905557209394628
w45_h14_all,2018,100,FL,2018-09-22,53966,86850,SurveyUSA,2018-09-08,14,634.0,,NA,-2.0,0.5139714648369758
w45_h14_all,2018,100,FL,2018-09-22,53991,86899,Rasmussen Reports,2018-09-10,12,800.0,,NA,1.0,0.6374463779290186
w45_h14_all,2018,100,FL,2018-09-22,54089,87433,Ipsos,2018-09-09,13,1000.0,,NA,-1.3999999999999986,0.6782604937368005
w45_h14_all,2018,100,FL,2018-09-22,54103,87455,Florida Atlantic University Business and Economics Polling Initiative,2018-09-15,7,850.0,,NA,-1.0,0.8416254115301732
w45_h14_all,2018,100,FL,2018-09-22,55834,89396,University of North Florida Public Opinion Research Lab,2018-09-18,4,603.0,,NA,0.0,0.8223836372385817
w45_h14_all,2018,100,FL,2018-09-22,55868,89506,Marist College,2018-09-18,4,600.0,,NA,3.0,0.820335356007638
w45_h14_all,2018,100,FL,2018-09-22,55848,89421,Quinnipiac University,2018-09-22,0,888.0,,NA,7.0,1.2165525060596438
w45_h14_all,2018,100,FL,2018-09-22,55924,89610,Cherry Communications,2018-09-21,1,622.0,,REP,2.0,0.9689858264977788
w45_h14_all,2018,102,IN,2018-09-22,53978,86872,Beacon Research/Shaw & Co. Research,2018-09-10,12,677.0,,NA,-2.0,0.5863986996548047
w45_h14_all,2018,102,IN,2018-09-22,55878,89531,Ipsos,2018-09-16,6,1181.0,,NA,2.200000000000003,1.042404957957308
w45_h14_all,2018,106,MI,2018-09-22,53933,86748,Strategic National,2018-09-08,14,1000.0,,NA,18.0,0.6454972243679028
w45_h14_all,2018,106,MI,2018-09-22,54146,87640,Mitchell Research & Communications,2018-09-12,10,1009.0,,NA,13.0,0.7904029135350266
w45_h14_all,2018,106,MI,2018-09-22,54082,87280,Target Insyght,2018-09-12,10,800.0,,NA,15.0,0.7037978614007832
w45_h14_all,2018,106,MI,2018-09-22,55873,89527,Ipsos,2018-09-18,4,1150.0,,NA,19.300000000000004,1.1357028739680735
w45_h14_all,2022,8931,KS,2022-09-24,80717,161750,Emerson College,2022-09-17,7,1000.0,,NA,-12.199999999999996,0.9128709291752769
w45_h14_all,2022,8919,AZ,2022-09-24,81057,163292,OnMessage Inc.,2022-09-08,16,400.0,,REP,10.0,0.36976013756840576
w45_h14_all,2022,8919,AZ,2022-09-24,80750,161939,Fabrizio Lee & Associates/Impact Research,2022-09-12,12,500.0,,NA,8.0,0.5039456101200464
w45_h14_all,2022,8919,AZ,2022-09-24,80676,161486,Trafalgar Group,2022-09-16,8,1080.0,,REP,1.2000000000000028,0.902857296496803
w45_h14_all,2022,8919,AZ,2022-09-24,80755,161956,Data for Progress,2022-09-17,7,768.0,,NA,1.0,0.8
w45_h14_all,2022,8919,AZ,2022-09-24,80833,162503,Marist College,2022-09-21,3,1260.0,,NA,10.0,1.2491172897665759
w45_h14_all,2022,8919,AZ,2022-09-24,80825,162484,Suffolk University,2022-09-23,1,500.0,,NA,6.799999999999997,0.8687748386204116
w45_h14_all,2022,8919,AZ,2022-09-24,80873,162668,Beacon Research/Shaw & Co. Research,2022-09-24,0,1008.0,,NA,6.0,1.296148139681572
w45_h14_all,2022,8922,CO,2022-09-24,80745,161870,Emerson College,2022-09-18,6,1000.0,,NA,9.600000000000001,0.9592051890644551
w45_h14_all,2022,8922,CO,2022-09-24,80832,162501,Trafalgar Group,2022-09-22,2,1078.0,,REP,6.0,1.2140301436237306
w45_h14_all,2022,8922,CO,2022-09-24,80893,162713,Keating Research/Magellan Strategies,2022-09-22,2,1060.0,,NA,10.0,1.2038517886130449
w45_h14_all,2022,8922,CO,2022-09-24,81011,163117,OnMessage Inc.,2022-09-24,0,600.0,,REP,1.0,1.0
w45_h14_all,2022,8924,FL,2022-09-24,80671,161476,Sachs Media,2022-09-10,14,600.0,,NA,-3.0,0.5
w45_h14_all,2022,8924,FL,2022-09-24,80639,161413,Center Street PAC,2022-09-09,15,608.0,,DEM,-5.0,0.47900938920532277
w45_h14_all,2022,8924,FL,2022-09-24,80715,161748,Suffolk University,2022-09-17,7,500.0,,NA,-4.0,0.6454972243679029
w45_h14_all,2022,8924,FL,2022-09-24,80732,161840,Civiqs,2022-09-19,5,617.0,,NA,-2.0,0.7916919774782789
w45_h14_all,2022,8924,FL,2022-09-24,80895,162715,Siena College,2022-09-22,2,669.0,,NA,-7.0,0.956385864569587
w45_h14_all,2022,8924,FL,2022-09-24,80903,162747,Clarity Campaign Labs,2022-09-24,0,2860.0,,DEM,0.0,2.183269719175042
w45_h14_all,2022,8940,NC,2022-09-24,80617,161255,East Carolina University Center for Survey Research,2022-09-09,15,1020.0,,NA,-2.8000000000000043,0.6204293330526535
w45_h14_all,2022,8940,NC,2022-09-24,80710,161733,Emerson College,2022-09-15,9,1000.0,,NA,-2.3999999999999986,0.8268088029726289
w45_h14_all,2022,8940,NC,2022-09-24,80729,161837,Civiqs,2022-09-19,5,586.0,,NA,1.0,0.7715471477081091
w45_h14_all,2022,8940,NC,2022-09-24,80829,162490,Global Strategy Group,2022-09-16,8,800.0,,DEM,0.0,0.77705583851866
w45_h14_all,2022,8940,NC,2022-09-24,80867,162639,"Meredith College Department of History, Political Science, and International Studies",2022-09-22,2,731.0,,NA,-0.29999999999999716,0.9997209154238859
w45_h14_all,2022,8940,NC,2022-09-24,81483,164861,ActiVote,2022-09-19,5,250.0,,NA,-1.0,0.5039456101200462
w45_h14_all,2022,8937,NV,2022-09-24,80620,161259,Emerson College,2022-09-09,15,1000.0,,NA,-0.5,0.6143165797127416
w45_h14_all,2022,8937,NV,2022-09-24,80757,161958,Data for Progress,2022-09-16,8,874.0,,NA,-1.0,0.8121999356514453
w45_h14_all,2022,8937,NV,2022-09-24,80759,161970,InsiderAdvantage,2022-09-20,4,500.0,,NA,-2.8999999999999986,0.748860298674024
w45_h14_all,2022,8937,NV,2022-09-24,81178,163813,WPA Intelligence,2022-09-19,5,500.0,,REP,3.0,0.7126867165301536
w45_h14_all,2022,8937,NV,2022-09-24,80753,161951,Trafalgar Group,2022-09-19,5,1086.0,,REP,-4.0,1.050336782682131
w45_h14_all,2022,8937,NV,2022-09-24,80896,162716,Noble Predictive Insights,2022-09-24,0,741.0,,NA,-2.0,1.1113055385446435
w45_h14_all,2022,8928,IL,2022-09-24,80848,162599,Emerson College,2022-09-22,2,1000.0,,NA,18.900000000000002,1.1692842226533562
w45_h14_all,2022,8943,OK,2022-09-24,80980,163050,Bruno Political Consulting,2022-09-17,7,2989.0,,LIB,-22.439999999999998,1.578237413488013
w45_h14_all,2022,8943,OK,2022-09-24,80808,162999,Amber Integrated,2022-09-20,4,500.0,,NA,-18.0,0.748860298674024
w45_h14_all,2022,9482,OK,2022-09-24,80980,163051,Bruno Political Consulting,2022-09-17,7,2989.0,,LIB,-12.079999999999998,1.578237413488013
w45_h14_all,2022,9482,OK,2022-09-24,80808,163000,Amber Integrated,2022-09-20,4,500.0,,NA,-11.0,0.748860298674024
w45_h14_all,2022,8951,WI,2022-09-24,80632,161347,Marquette University Law School,2022-09-08,16,632.0,,NA,-1.0,0.46478128592777695
w45_h14_all,2022,8951,WI,2022-09-24,80673,161479,OnMessage Inc.,2022-09-12,12,800.0,,REP,-4.0,0.6374463779290186
w45_h14_all,2022,8951,WI,2022-09-24,80657,161431,Civiqs,2022-09-12,12,780.0,,NA,-1.0,0.6294278653002698
w45_h14_all,2022,8951,WI,2022-09-24,80690,161651,Siena College,2022-09-14,10,651.0,,NA,1.0,0.6348826276788468
w45_h14_all,2022,8951,WI,2022-09-24,80704,161675,Emerson College,2022-09-17,7,860.0,,NA,-3.6000000000000014,0.8465616732800197
w45_h14_all,2022,8951,WI,2022-09-24,80772,162035,Trafalgar Group,2022-09-17,7,1087.0,,REP,-2.200000000000003,0.951752769017949
w45_h14_all,2022,8951,WI,2022-09-24,80880,162681,Data for Progress,2022-09-22,2,999.0,,NA,-2.0,1.1686994343083759
w45_h14_all,2022,8951,WI,2022-09-24,80855,162619,Fabrizio Lee & Associates/Impact Research,2022-09-22,2,500.0,,NA,-5.0,0.826808802972629
w45_h14_all,2022,8951,WI,2022-09-24,80874,162669,Beacon Research/Shaw & Co. Research,2022-09-24,0,1012.0,,NA,-4.0,1.298717315918544
w45_h14_all,2022,8938,NH,2022-09-24,80666,161463,Emerson College,2022-09-14,10,800.0,,NA,10.5,0.7037978614007832
w45_h14_all,2022,8938,NH,2022-09-24,80722,161818,American Research Group,2022-09-17,7,555.0,,NA,13.0,0.6800735254367722
w45_h14_all,2022,8938,NH,2022-09-24,80723,161944,University of New Hampshire Survey Center,2022-09-17,7,870.0,,NA,8.0,0.8514693182963202
w45_h14_all,2022,8947,SD,2022-09-24,80814,162460,Lake Research Partners,2022-09-08,16,400.0,,DEM,-13.0,0.36976013756840576
w45_h14_all,2022,8950,WA,2022-09-24,80749,161938,Elway Research,2022-09-14,10,403.0,,NA,13.0,0.4995229801696607
w45_h14_all,2022,8950,WA,2022-09-24,80810,162449,Trafalgar Group,2022-09-23,1,1091.0,,REP,2.200000000000003,1.283318950814594
w45_h14_all,2022,8950,WA,2022-09-24,81010,163116,OnMessage Inc.,2022-09-24,0,600.0,,REP,4.0,1.0
w45_h14_all,2022,8935,MD,2022-09-24,80680,161491,Goucher College Sarah T. Hughes Center for Politics,2022-09-10,14,748.0,,NA,23.0,0.5582711408148076
w45_h14_all,2022,8942,OH,2022-09-24,80662,161444,Fallon Research & Communications,2022-09-08,16,600.0,,REP,3.0,0.45286183213195336
w45_h14_all,2022,8942,OH,2022-09-24,80659,161435,Emerson College,2022-09-12,12,1000.0,,NA,-4.299999999999997,0.7126867165301536
w45_h14_all,2022,8942,OH,2022-09-24,80658,161432,Civiqs,2022-09-12,12,780.0,,NA,-3.0,0.6294278653002698
w45_h14_all,2022,8942,OH,2022-09-24,80716,161749,Marist College,2022-09-14,10,1200.0,,NA,-1.0,0.8619728212469777
w45_h14_all,2022,8942,OH,2022-09-24,80760,161971,Baldwin Wallace University Community Research Institute,2022-09-14,10,855.0,,NA,3.1000000000000014,0.7275888024873924
w45_h14_all,2022,8942,OH,2022-09-24,80815,162465,Siena College,2022-09-20,4,642.0,,NA,3.0,0.8485614904403278
w45_h14_all,2022,8939,NY,2022-09-24,80837,162587,Siena College,2022-09-20,4,655.0,,NA,19.0,0.8571097878792976
w45_h14_all,2022,8939,NY,2022-09-24,81577,165122,ActiVote,2022-09-22,2,279.0,,NA,20.0,0.6176211950245487
w45_h14_all,2022,8945,PA,2022-09-24,80621,161262,YouGov,2022-09-09,15,1188.0,,NA,5.0,0.6695768916342871
w45_h14_all,2022,8945,PA,2022-09-24,80667,161464,Trafalgar Group,2022-09-14,10,1078.0,,REP,1.8000000000000043,0.816981702082333
w45_h14_all,2022,8945,PA,2022-09-24,80758,161968,Muhlenberg College Institute of Public Opinion,2022-09-15,9,420.0,,NA,5.0,0.5358333459226603
w45_h14_all,2022,8945,PA,2022-09-24,80804,162439,Phillips Academy,2022-09-18,6,759.0,,NA,2.0,0.8356653740575148
w45_h14_all,2022,8945,PA,2022-09-24,80816,162469,Marist College,2022-09-21,3,1242.0,,NA,10.0,1.2401629285125166
w45_h14_all,2022,8945,PA,2022-09-24,80813,162458,InsiderAdvantage,2022-09-23,1,500.0,,NA,3.0999999999999943,0.8687748386204116
w45_h14_all,2022,8945,PA,2022-09-24,80854,162618,Franklin & Marshall College Center for Opinion Research,2022-09-22,2,517.0,,NA,3.0,0.8407470676487161
w45_h14_all,2022,8945,PA,2022-09-24,80853,162610,Beacon Research/Shaw & Co. Research,2022-09-24,0,1008.0,,NA,4.0,1.296148139681572
w45_h14_all,2022,8923,CT,2022-09-24,80731,161839,Quinnipiac University,2022-09-17,7,1911.0,,NA,17.0,1.2619429464123963
w45_h14_all,2022,8923,CT,2022-09-24,80826,162542,Western New England University Polling Institute,2022-09-18,6,626.0,,NA,13.0,0.7589246973842917
w45_h14_all,2022,8936,MO,2022-09-24,80689,161644,SurveyUSA,2022-09-16,8,670.0,,NA,-11.0,0.7111228533434627
w45_h14_all,2022,8925,GA,2022-09-24,80640,161415,Center Street PAC,2022-09-11,13,542.0,,DEM,4.0,0.4993397792799367
w45_h14_all,2022,8925,GA,2022-09-24,80631,161343,Quinnipiac University,2022-09-10,14,1278.0,,NA,6.0,0.7297259759663212
w45_h14_all,2022,8925,GA,2022-09-24,80692,161653,Marist College,2022-09-14,10,1202.0,,NA,5.0,0.8626908328843856
w45_h14_all,2022,8925,GA,2022-09-24,80691,161652,University of Georgia School of Public and International Affairs,2022-09-11,13,861.0,,NA,-1.5999999999999943,0.6293584932536306
w45_h14_all,2022,8925,GA,2022-09-24,80718,161751,YouGov,2022-09-16,8,1178.0,,NA,2.0,0.9429309255820749
w45_h14_all,2022,8925,GA,2022-09-24,80756,161957,Data for Progress,2022-09-18,6,1006.0,,NA,0.0,0.9620785011092109
w45_h14_all,2022,8925,GA,2022-09-24,80852,162609,Beacon Research/Shaw & Co. Research,2022-09-24,0,1011.0,,NA,5.0,1.298075498574717
w45_h14_all,2022,8920,AR,2022-09-24,80677,161487,Hendrix College,2022-09-12,12,835.0,,NA,-13.0,0.6512412511442852
w60_h14_all,2014,23,CO,2014-09-20,33056,39661,SurveyUSA,2014-09-09,11,664.0,,NA,4.0,0.6102177643772905
w60_h14_all,2014,23,CO,2014-09-20,33029,125160,Quinnipiac University,2014-09-12,8,1211.0,,NA,-8.0,0.9560471385796444
w60_h14_all,2014,23,CO,2014-09-20,33026,39631,Suffolk University,2014-09-15,5,500.0,,NA,-1.0,0.7126867165301536
w60_h14_all,2014,23,CO,2014-09-20,33014,39617,Gravis Marketing,2014-09-16,4,657.0,,NA,-7.0,0.8584173550588402
w60_h14_all,2014,23,CO,2014-09-20,33001,39604,Public Policy Polling,2014-09-20,0,652.0,,NA,-2.0,1.0424330514074593
w60_h14_all,2014,23,CO,2014-09-20,34483,42234,ccAdvertising,2014-09-20,0,2094.0,,NA,-6.0,1.8681541692269406
w60_h14_all,2014,24,DE,2014-09-20,33038,39643,Rasmussen Reports,2014-09-11,9,750.0,,NA,15.0,0.7160374274468995
w60_h14_all,2014,24,DE,2014-09-20,33000,137746,University of Delaware Center for Political Communication,2014-09-16,4,769.0,,NA,25.0,0.9287075464205986
w60_h14_all,2014,17,GA,2014-09-20,33065,39671,SurveyUSA,2014-09-07,13,558.0,,NA,-3.0,0.506656502898326
w60_h14_all,2014,17,GA,2014-09-20,33044,39649,InsiderAdvantage,2014-09-10,10,1167.0,,NA,-10.300000000000004,0.8500380715549399
w60_h14_all,2014,17,GA,2014-09-20,33048,39653,Landmark Communications,2014-09-10,10,1109.0,,NA,2.6000000000000014,0.8286453972832397
w60_h14_all,2014,17,GA,2014-09-20,33051,39656,Abt Associates,2014-09-10,10,884.0,,NA,-4.0,0.7398251346312243
w60_h14_all,2014,17,GA,2014-09-20,33019,39622,Rasmussen Reports,2014-09-15,5,750.0,,NA,-5.0,0.8728594009792168
w60_h14_all,2014,4,IL,2014-09-20,33040,39645,APC Research,2014-09-07,13,800.0,,NA,23.0,0.6066546281792226
w60_h14_all,2014,26,IA,2014-09-20,33057,39662,Big Village,2014-09-09,11,608.0,,NA,1.0,0.5839189859334343
w60_h14_all,2014,26,IA,2014-09-20,58861,100391,Øptimus Analytics,2014-09-11,9,2714.0,,NA,1.7000000000000028,1.3621032009985907
w60_h14_all,2014,26,IA,2014-09-20,33030,39635,Quinnipiac University,2014-09-12,8,1167.0,,NA,-6.0,0.9385181210273189
w60_h14_all,2014,26,IA,2014-09-20,33023,39627,Beacon Research/Shaw & Co. Research,2014-09-15,5,600.0,,NA,0.0,0.7807091821557101
w60_h14_all,2014,26,IA,2014-09-20,33011,39614,Rasmussen Reports,2014-09-17,3,750.0,,NA,0.0,0.9637149115327587
w60_h14_all,2014,26,IA,2014-09-20,58862,100392,Øptimus Analytics,2014-09-18,2,2225.0,,NA,-1.1999999999999957,1.744155080603497
w60_h14_all,2014,15,KY,2014-09-20,33066,39672,Mellman Group,2014-09-06,14,800.0,,DEM,1.0,0.5773502691896257
w60_h14_all,2014,15,KY,2014-09-20,33067,39673,Magellan Strategies,2014-09-06,14,742.0,,NA,-8.0,0.5560275772537425
w60_h14_all,2014,15,KY,2014-09-20,33039,39644,Ipsos,2014-09-10,10,944.0,,NA,-4.0,0.764520167857286
w60_h14_all,2014,15,KY,2014-09-20,72988,136911,Gravis Marketing,2014-09-10,10,679.0,,NA,-4.0,0.6483922817001513
w60_h14_all,2014,15,KY,2014-09-20,33025,39630,Gravis Marketing,2014-09-15,5,839.0,,NA,-10.0,0.9231975483239195
w60_h14_all,2014,15,KY,2014-09-20,34490,42243,ccAdvertising,2014-09-13,7,2282.0,,NA,-9.0,1.3790093062291737
w60_h14_all,2014,10,NJ,2014-09-20,33064,39670,Stockton University William J. Hughes Center for Public Policy,2014-09-07,13,807.0,,NA,13.0,0.609302961565771
w60_h14_all,2014,8,NH,2014-09-20,33052,39657,Global Strategy Group,2014-09-10,10,1027.0,,DEM,7.0,0.7974219227568212
w60_h14_all,2014,8,NH,2014-09-20,33041,39646,New England College Polling Center,2014-09-10,10,630.0,,NA,11.0,0.6245586448832879
w60_h14_all,2014,8,NH,2014-09-20,33042,39647,Magellan Strategies,2014-09-10,10,2214.0,,REP,-1.6000000000000014,1.1708243812497394
w60_h14_all,2014,8,NH,2014-09-20,33043,39648,Rasmussen Reports,2014-09-10,10,750.0,,NA,3.0,0.6814493490754073
w60_h14_all,2014,8,NH,2014-09-20,33047,39652,Kiley & Company,2014-09-10,10,600.0,,DEM,8.0,0.6095068271022377
w60_h14_all,2014,8,NH,2014-09-20,33050,39655,Big Village,2014-09-10,10,735.0,,NA,0.0,0.674600438072931
w60_h14_all,2014,8,NH,2014-09-20,33028,39633,American Research Group,2014-09-14,6,495.0,,NA,5.0,0.6748606703538498
w60_h14_all,2014,8,NH,2014-09-20,33018,39621,Vox Populi Polling,2014-09-15,5,550.0,,NA,-4.0,0.7474721342701576
w60_h14_all,2014,8,NH,2014-09-20,33006,39609,Public Policy Polling,2014-09-18,2,652.0,,DEM,6.0,0.9441562830705695
w60_h14_all,2014,8,NH,2014-09-20,33005,39608,New England College Polling Center,2014-09-19,1,1494.0,,NA,7.300000000000004,1.5017496209478887
w60_h14_all,2014,16,VA,2014-09-20,33071,39677,Christopher Newport University Wason Center for Civic Leadership,2014-09-04,16,713.0,,NA,22.0,0.49366786609413393
w60_h14_all,2014,16,VA,2014-09-20,33009,39612,Roanoke College Institute for Policy and Opinion Research,2014-09-16,4,630.0,,NA,19.0,0.8405936004586206
w60_h14_all,2014,16,VA,2014-09-20,32999,39602,Quinnipiac University,2014-09-19,1,1010.0,,NA,9.0,1.2347610436210898
w60_h14_all,2014,19,TX,2014-09-20,34266,42269,Texas Lyceum,2014-09-18,2,666.0,,NA,-18.0,0.9542390922449563
w60_h14_all,2014,22,SD,2014-09-20,33070,39676,SurveyUSA,2014-09-05,15,510.0,,NA,-11.0,0.43870978864857824
w60_h14_all,2014,20,OR,2014-09-20,33045,39650,The Polling Company Inc.,2014-09-10,10,600.0,,REP,8.0,0.6095068271022377
w60_h14_all,2014,14,NC,2014-09-20,33073,39679,Garin-Hart-Yang Research Group,2014-09-05,15,802.0,,DEM,3.0,0.5501478508621013
w60_h14_all,2014,14,NC,2014-09-20,33063,39669,Elon University,2014-09-07,13,629.0,,NA,5.800000000000004,0.5379251435302236
w60_h14_all,2014,14,NC,2014-09-20,33054,39659,SurveyUSA,2014-09-09,11,490.0,,NA,3.0,0.5242022090718167
w60_h14_all,2014,14,NC,2014-09-20,33059,39664,Rasmussen Reports,2014-09-09,11,1000.0,,NA,6.0,0.7488602986740239
w60_h14_all,2014,14,NC,2014-09-20,33034,39639,Public Policy Polling,2014-09-13,7,1266.0,,NA,4.0,1.0271319292087069
w60_h14_all,2014,14,NC,2014-09-20,33021,39624,Beacon Research/Shaw & Co. Research,2014-09-15,5,605.0,,NA,5.0,0.7839553881831689
w60_h14_all,2014,14,NC,2014-09-20,34475,42222,Global Strategy Group,2014-09-17,3,600.0,,DEM,4.0,0.8619728212469777
w60_h14_all,2014,14,NC,2014-09-20,33012,39615,High Point University Survey Research Center,2014-09-15,5,410.0,,NA,2.0,0.6453652701015107
w60_h14_all,2014,3,NM,2014-09-20,33046,39651,Research & Polling Inc.,2014-09-10,10,603.0,,NA,13.0,0.611028694208102
w60_h14_all,2014,6,MN,2014-09-20,33055,39660,Mason-Dixon Polling & Strategy,2014-09-09,11,800.0,,NA,13.0,0.6698010133943652
w60_h14_all,2014,2,MI,2014-09-20,33068,126637,Public Policy Polling,2014-09-06,14,687.0,,NA,7.0,0.5350233639758174
w60_h14_all,2014,2,MI,2014-09-20,33061,39666,Suffolk University,2014-09-08,12,500.0,,NA,8.800000000000004,0.5039456101200464
w60_h14_all,2014,2,MI,2014-09-20,33037,39642,Denno Research,2014-09-12,8,600.0,,NA,7.0,0.6729500963161781
w60_h14_all,2014,2,MI,2014-09-20,33031,39636,Mitchell Research & Communications,2014-09-14,6,829.0,,NA,2.0,0.8733509254759272
w60_h14_all,2014,2,MI,2014-09-20,33027,39632,Magellan Strategies,2014-09-14,6,717.0,,NA,5.0,0.8122151712570401
w60_h14_all,2014,2,MI,2014-09-20,33010,39613,Rasmussen Reports,2014-09-17,3,750.0,,NA,2.0,0.9637149115327587
w60_h14_all,2014,2,MI,2014-09-20,33007,39610,Public Policy Polling,2014-09-18,2,852.0,,DEM,7.0,1.079294309042184
w60_h14_all,2014,2,MI,2014-09-20,33008,39611,We Ask America,2014-09-18,2,1182.0,,NA,3.0,1.271243741905952
w60_h14_all,2014,12,AK,2014-09-20,33060,39665,Harstad Strategic Research,2014-09-09,11,709.0,,DEM,5.0,0.6305563801703026
w60_h14_all,2014,12,AK,2014-09-20,33032,39637,Hays Research Group,2014-09-13,7,500.0,,DEM,4.200000000000003,0.6454972243679029
w60_h14_all,2014,12,AK,2014-09-20,33017,39620,Dittman Research,2014-09-16,4,800.0,,REP,-5.0,0.9472416772335545
w60_h14_all,2014,12,AK,2014-09-20,33003,126627,Public Policy Polling,2014-09-20,0,880.0,,NA,-2.0,1.2110601416389966
w60_h14_all,2014,12,AK,2014-09-20,34468,42215,Hellenthal & Associates,2014-09-18,2,400.0,,NA,-4.5,0.7395202751368115
w60_h14_all,2014,32,AR,2014-09-20,33049,39654,Gravis Marketing,2014-09-10,10,902.0,,NA,-4.0,0.7473193340203613
w60_h14_all,2014,32,AR,2014-09-20,33013,39616,Hickman Analytics,2014-09-15,5,801.0,,DEM,3.0,0.9020485653120276
w60_h14_all,2014,32,AR,2014-09-20,33002,126626,Public Policy Polling,2014-09-20,0,1453.0,,NA,-5.0,1.5561705133649932
w60_h14_all,2014,34,HI,2014-09-20,33053,39658,Rasmussen Reports,2014-09-09,11,750.0,,NA,32.0,0.6485320425373069
w60_h14_all,2014,34,HI,2014-09-20,33885,39638,MRG Research,2014-09-13,7,1055.0,,NA,37.0,0.937638878602347
w60_h14_all,2014,31,MA,2014-09-20,33020,39623,SocialSphere,2014-09-15,5,407.0,,NA,26.0,0.6429998427042456
w60_h14_all,2014,31,MA,2014-09-20,33016,39619,Rasmussen Reports,2014-09-16,4,750.0,,NA,18.0,0.9171628101897845
w60_h14_all,2014,31,MA,2014-09-20,33004,39607,MassINC Polling Group,2014-09-18,2,502.0,,NA,28.0,0.8284607702599586
w60_h14_all,2018,112,NV,2018-09-22,53942,86765,Suffolk University,2018-09-07,15,500.0,,NA,0.3999999999999986,0.43438741931020586
w60_h14_all,2018,112,NV,2018-09-22,54050,87187,Gravis Marketing,2018-09-11,11,700.0,,NA,2.0,0.6265414773589246
w60_h14_all,2018,112,NV,2018-09-22,54092,87436,Ipsos,2018-09-12,10,1039.0,,NA,-3.0,0.8020671382988276
w60_h14_all,2018,107,MN,2018-09-22,53984,86887,SurveyUSA,2018-09-07,15,574.0,,NA,15.0,0.46542336609061397
w60_h14_all,2018,107,MN,2018-09-22,54046,87184,Mason-Dixon Polling & Strategy,2018-09-11,11,800.0,,NA,30.0,0.6698010133943652
w60_h14_all,2018,116,ND,2018-09-22,53977,86870,Beacon Research/Shaw & Co. Research,2018-09-10,12,701.0,,NA,-4.0,0.5967022469363514
w60_h14_all,2018,116,ND,2018-09-22,55966,89686,Strategic Research Associates,2018-09-22,0,650.0,,NA,-10.0,1.0408329997330663
w60_h14_all,2018,119,RI,2018-09-22,54133,87623,Fleming & Associates,2018-09-16,6,420.0,,NA,19.0,0.621636010689402
w60_h14_all,2018,124,VA,2018-09-22,54070,87225,SSRS,2018-09-06,16,512.0,,NA,16.0,0.41833584109934463
w60_h14_all,2018,129,MN,2018-09-22,53984,86888,SurveyUSA,2018-09-07,15,574.0,,NA,9.0,0.46542336609061397
w60_h14_all,2018,129,MN,2018-09-22,54046,87185,Mason-Dixon Polling & Strategy,2018-09-11,11,800.0,,NA,7.0,0.6698010133943652
w60_h14_all,2018,104,MD,2018-09-22,54087,87424,Goucher College Sarah T. Hughes Center for Politics,2018-09-13,9,472.0,,NA,39.0,0.5680363016829743
w60_h14_all,2018,99,DE,2018-09-22,55877,89526,University of Delaware Center for Political Communication,2018-09-14,8,728.0,,NA,37.0,0.7412640260528657
w60_h14_all,2018,127,WI,2018-09-22,54074,87234,Marquette University Law School,2018-09-14,8,614.0,,NA,11.0,0.6807559094235116
w60_h14_all,2018,127,WI,2018-09-22,55876,89530,Ipsos,2018-09-18,4,1109.0,,NA,13.0,1.1152739998274277
w60_h14_all,2018,114,NM,2018-09-22,54047,87181,Research & Polling Inc.,2018-09-10,12,966.0,,NA,21.0,0.7004662702923686
w60_h14_all,2018,114,NM,2018-09-22,55902,89578,In Lux Research,2018-09-16,6,900.0,,LIB,28.0,0.9099819422688338
w60_h14_all,2018,114,NM,2018-09-22,55901,89575,NSON Opinion Strategy/In Lux Research,2018-09-22,0,932.0,,LIB,25.61,1.2463279397226612
w60_h14_all,2018,105,MA,2018-09-22,54094,87438,Suffolk University,2018-09-15,7,500.0,,NA,29.4,0.6454972243679029
w60_h14_all,2018,105,MA,2018-09-22,55850,89425,MassINC Polling Group,2018-09-19,3,506.0,,NA,26.0,0.7915770705282461
w60_h14_all,2018,108,MS,2018-09-22,55975,89700,SurveyMonkey,2018-09-17,5,985.0,,NA,-14.0,1.000303474531358
w60_h14_all,2018,109,MO,2018-09-22,53979,86877,Beacon Research/Shaw & Co. Research,2018-09-10,12,675.0,,NA,3.0,0.5855318866167826
w60_h14_all,2018,109,MO,2018-09-22,54064,87217,Trafalgar Group,2018-09-12,10,1724.0,,REP,-3.0,1.0331695074042986
w60_h14_all,2018,109,MO,2018-09-22,54048,87182,YouGov,2018-09-12,10,917.0,,NA,0.0,0.7535075655278733
w60_h14_all,2018,110,MT,2018-09-22,54049,87183,YouGov,2018-09-12,10,453.0,,NA,2.0,0.5296049679474306
w60_h14_all,2018,110,MT,2018-09-22,55928,89615,Benenson Strategy Group/GS Strategy Group,2018-09-11,11,950.0,,NA,7.0,0.7298987324167927
w60_h14_all,2018,110,MT,2018-09-22,54138,87624,Axis Research,2018-09-18,4,480.0,,REP,0.0,0.7337302481518275
w60_h14_all,2018,110,MT,2018-09-22,55846,89414,Gravis Marketing,2018-09-21,1,710.0,,NA,4.0,1.0352647017609986
w60_h14_all,2018,117,OH,2018-09-22,53959,86830,Morning Consult,2018-09-06,16,1592.0,,NA,16.0,0.7376691576524894
w60_h14_all,2018,117,OH,2018-09-22,54069,87223,Baldwin Wallace University Community Research Institute,2018-09-10,12,1048.0,,NA,17.400000000000002,0.729590727053614
w60_h14_all,2018,117,OH,2018-09-22,54141,87629,American Pulse Research & Polling,2018-09-19,3,1003.0,,NA,10.200000000000003,1.1144700803537224
w60_h14_all,2018,117,OH,2018-09-22,55872,89525,Marist College,2018-09-18,4,564.0,,NA,14.0,0.7953446363289359
w60_h14_all,2018,117,OH,2018-09-22,55874,89528,Ipsos,2018-09-17,5,1074.0,,NA,10.200000000000003,1.0445176975585455
w60_h14_all,2018,117,OH,2018-09-22,56276,90433,University of Akron Ray C. Bliss Institute of Applied Politics,2018-09-22,0,1000.0,,NA,12.0,1.2909944487358056
w60_h14_all,2018,118,PA,2018-09-22,54104,87454,Rasmussen Reports,2018-09-12,10,800.0,,NA,14.0,0.7037978614007832
w60_h14_all,2018,118,PA,2018-09-22,54148,87642,Muhlenberg College Institute of Public Opinion,2018-09-16,6,404.0,,NA,18.0,0.6096803558178527
w60_h14_all,2018,118,PA,2018-09-22,55875,89529,Ipsos,2018-09-16,6,1080.0,,NA,15.600000000000001,0.9968352734060082
w60_h14_all,2018,118,PA,2018-09-22,55900,89577,Franklin & Marshall College Center for Opinion Research,2018-09-20,2,204.0,,NA,17.0,0.5281231116345856
w60_h14_all,2018,120,TN,2018-09-22,53976,86868,Beacon Research/Shaw & Co. Research,2018-09-10,12,686.0,,NA,-3.0,0.5902836065486764
w60_h14_all,2018,120,TN,2018-09-22,54093,87437,American Pulse Research & Polling,2018-09-11,11,1038.0,,NA,-3.299999999999997,0.7629559838637442
w60_h14_all,2018,120,TN,2018-09-22,54058,87204,SSRS,2018-09-13,9,723.0,,NA,5.0,0.7030306195284824
w60_h14_all,2018,120,TN,2018-09-22,54115,87474,Vox Populi Polling,2018-09-17,5,567.0,,NA,2.0,0.7589360655625839
w60_h14_all,2018,120,TN,2018-09-22,55974,89702,SurveyMonkey,2018-09-17,5,1609.0,,NA,0.0,1.278473363565246
w60_h14_all,2018,121,TX,2018-09-22,53971,86858,Dixie Strategies,2018-09-06,16,519.0,,NA,-4.1299999999999955,0.42118585058932323
w60_h14_all,2018,121,TX,2018-09-22,53956,86823,Rasmussen Reports,2018-09-08,14,800.0,,NA,-3.0,0.5773502691896257
w60_h14_all,2018,121,TX,2018-09-22,54167,87696,Blueprint Polling,2018-09-11,11,1161.0,,DEM,-4.0,0.8068947999497222
w60_h14_all,2018,121,TX,2018-09-22,54091,87435,Ipsos,2018-09-10,12,992.0,,NA,2.0,0.7098302452496535
w60_h14_all,2018,121,TX,2018-09-22,54073,87278,Quinnipiac University,2018-09-14,8,807.0,,NA,-9.0,0.7804480535035482
w60_h14_all,2018,121,TX,2018-09-22,54114,87471,Vox Populi Polling,2018-09-17,5,508.0,,NA,0.0,0.7183655849309792
w60_h14_all,2018,121,TX,2018-09-22,54134,87638,Public Policy Polling,2018-09-19,3,603.0,,DEM,-3.0,0.8641250663482205
w60_h14_all,2018,96,AZ,2018-09-22,53975,86866,Beacon Research/Shaw & Co. Research,2018-09-10,12,710.0,,NA,3.0,0.6005205014836358
w60_h14_all,2018,96,AZ,2018-09-22,54084,87417,TargetSmart,2018-09-10,12,800.0,,DEM,5.0,0.6374463779290186
w60_h14_all,2018,96,AZ,2018-09-22,54088,87432,Ipsos,2018-09-09,13,1016.0,,NA,2.6000000000000014,0.6836650452684515
w60_h14_all,2018,96,AZ,2018-09-22,54057,87203,SSRS,2018-09-13,9,761.0,,NA,7.0,0.7212692550415393
w60_h14_all,2018,96,AZ,2018-09-22,55845,89418,Marist College,2018-09-18,4,564.0,,NA,2.0,0.7953446363289359
w60_h14_all,2018,96,AZ,2018-09-22,55835,89398,Emerson College,2018-09-20,2,650.0,,NA,5.5,0.9427070784050267
w60_h14_all,2018,96,AZ,2018-09-22,56184,90216,Latino Decisions,2018-09-18,4,463.0,,NA,6.0,0.7206199814446707
w60_h14_all,2018,126,WV,2018-09-22,54051,87190,Emerson College,2018-09-14,8,825.0,,NA,11.699999999999996,0.7891039343340241
w60_h14_all,2018,126,WV,2018-09-22,56013,89816,Global Strategy Group,2018-09-21,1,601.0,,DEM,12.0,0.9524879021301774
w60_h14_all,2018,126,WV,2018-09-22,55963,89680,Strategic Research Associates,2018-09-21,1,650.0,,NA,8.0,0.9905557209394628
w60_h14_all,2018,100,FL,2018-09-22,53966,86850,SurveyUSA,2018-09-08,14,634.0,,NA,-2.0,0.5139714648369758
w60_h14_all,2018,100,FL,2018-09-22,53991,86899,Rasmussen Reports,2018-09-10,12,800.0,,NA,1.0,0.6374463779290186
w60_h14_all,2018,100,FL,2018-09-22,54089,87433,Ipsos,2018-09-09,13,1000.0,,NA,-1.3999999999999986,0.6782604937368005
w60_h14_all,2018,100,FL,2018-09-22,54103,87455,Florida Atlantic University Business and Economics Polling Initiative,2018-09-15,7,850.0,,NA,-1.0,0.8416254115301732
w60_h14_all,2018,100,FL,2018-09-22,55834,89396,University of North Florida Public Opinion Research Lab,2018-09-18,4,603.0,,NA,0.0,0.8223836372385817
w60_h14_all,2018,100,FL,2018-09-22,55868,89506,Marist College,2018-09-18,4,600.0,,NA,3.0,0.820335356007638
w60_h14_all,2018,100,FL,2018-09-22,55848,89421,Quinnipiac University,2018-09-22,0,888.0,,NA,7.0,1.2165525060596438
w60_h14_all,2018,100,FL,2018-09-22,55924,89610,Cherry Communications,2018-09-21,1,622.0,,REP,2.0,0.9689858264977788
w60_h14_all,2018,102,IN,2018-09-22,53978,86872,Beacon Research/Shaw & Co. Research,2018-09-10,12,677.0,,NA,-2.0,0.5863986996548047
w60_h14_all,2018,102,IN,2018-09-22,55878,89531,Ipsos,2018-09-16,6,1181.0,,NA,2.200000000000003,1.042404957957308
w60_h14_all,2018,106,MI,2018-09-22,53933,86748,Strategic National,2018-09-08,14,1000.0,,NA,18.0,0.6454972243679028
w60_h14_all,2018,106,MI,2018-09-22,54146,87640,Mitchell Research & Communications,2018-09-12,10,1009.0,,NA,13.0,0.7904029135350266
w60_h14_all,2018,106,MI,2018-09-22,54082,87280,Target Insyght,2018-09-12,10,800.0,,NA,15.0,0.7037978614007832
w60_h14_all,2018,106,MI,2018-09-22,55873,89527,Ipsos,2018-09-18,4,1150.0,,NA,19.300000000000004,1.1357028739680735
w60_h14_all,2022,8931,KS,2022-09-24,80717,161750,Emerson College,2022-09-17,7,1000.0,,NA,-12.199999999999996,0.9128709291752769
w60_h14_all,2022,8919,AZ,2022-09-24,81057,163292,OnMessage Inc.,2022-09-08,16,400.0,,REP,10.0,0.36976013756840576
w60_h14_all,2022,8919,AZ,2022-09-24,80750,161939,Fabrizio Lee & Associates/Impact Research,2022-09-12,12,500.0,,NA,8.0,0.5039456101200464
w60_h14_all,2022,8919,AZ,2022-09-24,80676,161486,Trafalgar Group,2022-09-16,8,1080.0,,REP,1.2000000000000028,0.902857296496803
w60_h14_all,2022,8919,AZ,2022-09-24,80755,161956,Data for Progress,2022-09-17,7,768.0,,NA,1.0,0.8
w60_h14_all,2022,8919,AZ,2022-09-24,80833,162503,Marist College,2022-09-21,3,1260.0,,NA,10.0,1.2491172897665759
w60_h14_all,2022,8919,AZ,2022-09-24,80825,162484,Suffolk University,2022-09-23,1,500.0,,NA,6.799999999999997,0.8687748386204116
w60_h14_all,2022,8919,AZ,2022-09-24,80873,162668,Beacon Research/Shaw & Co. Research,2022-09-24,0,1008.0,,NA,6.0,1.296148139681572
w60_h14_all,2022,8922,CO,2022-09-24,80745,161870,Emerson College,2022-09-18,6,1000.0,,NA,9.600000000000001,0.9592051890644551
w60_h14_all,2022,8922,CO,2022-09-24,80832,162501,Trafalgar Group,2022-09-22,2,1078.0,,REP,6.0,1.2140301436237306
w60_h14_all,2022,8922,CO,2022-09-24,80893,162713,Keating Research/Magellan Strategies,2022-09-22,2,1060.0,,NA,10.0,1.2038517886130449
w60_h14_all,2022,8922,CO,2022-09-24,81011,163117,OnMessage Inc.,2022-09-24,0,600.0,,REP,1.0,1.0
w60_h14_all,2022,8924,FL,2022-09-24,80671,161476,Sachs Media,2022-09-10,14,600.0,,NA,-3.0,0.5
w60_h14_all,2022,8924,FL,2022-09-24,80639,161413,Center Street PAC,2022-09-09,15,608.0,,DEM,-5.0,0.47900938920532277
w60_h14_all,2022,8924,FL,2022-09-24,80715,161748,Suffolk University,2022-09-17,7,500.0,,NA,-4.0,0.6454972243679029
w60_h14_all,2022,8924,FL,2022-09-24,80732,161840,Civiqs,2022-09-19,5,617.0,,NA,-2.0,0.7916919774782789
w60_h14_all,2022,8924,FL,2022-09-24,80895,162715,Siena College,2022-09-22,2,669.0,,NA,-7.0,0.956385864569587
w60_h14_all,2022,8924,FL,2022-09-24,80903,162747,Clarity Campaign Labs,2022-09-24,0,2860.0,,DEM,0.0,2.183269719175042
w60_h14_all,2022,8940,NC,2022-09-24,80617,161255,East Carolina University Center for Survey Research,2022-09-09,15,1020.0,,NA,-2.8000000000000043,0.6204293330526535
w60_h14_all,2022,8940,NC,2022-09-24,80710,161733,Emerson College,2022-09-15,9,1000.0,,NA,-2.3999999999999986,0.8268088029726289
w60_h14_all,2022,8940,NC,2022-09-24,80729,161837,Civiqs,2022-09-19,5,586.0,,NA,1.0,0.7715471477081091
w60_h14_all,2022,8940,NC,2022-09-24,80829,162490,Global Strategy Group,2022-09-16,8,800.0,,DEM,0.0,0.77705583851866
w60_h14_all,2022,8940,NC,2022-09-24,80867,162639,"Meredith College Department of History, Political Science, and International Studies",2022-09-22,2,731.0,,NA,-0.29999999999999716,0.9997209154238859
w60_h14_all,2022,8940,NC,2022-09-24,81483,164861,ActiVote,2022-09-19,5,250.0,,NA,-1.0,0.5039456101200462
w60_h14_all,2022,8937,NV,2022-09-24,80620,161259,Emerson College,2022-09-09,15,1000.0,,NA,-0.5,0.6143165797127416
w60_h14_all,2022,8937,NV,2022-09-24,80757,161958,Data for Progress,2022-09-16,8,874.0,,NA,-1.0,0.8121999356514453
w60_h14_all,2022,8937,NV,2022-09-24,80759,161970,InsiderAdvantage,2022-09-20,4,500.0,,NA,-2.8999999999999986,0.748860298674024
w60_h14_all,2022,8937,NV,2022-09-24,81178,163813,WPA Intelligence,2022-09-19,5,500.0,,REP,3.0,0.7126867165301536
w60_h14_all,2022,8937,NV,2022-09-24,80753,161951,Trafalgar Group,2022-09-19,5,1086.0,,REP,-4.0,1.050336782682131
w60_h14_all,2022,8937,NV,2022-09-24,80896,162716,Noble Predictive Insights,2022-09-24,0,741.0,,NA,-2.0,1.1113055385446435
w60_h14_all,2022,8928,IL,2022-09-24,80848,162599,Emerson College,2022-09-22,2,1000.0,,NA,18.900000000000002,1.1692842226533562
w60_h14_all,2022,8943,OK,2022-09-24,80980,163050,Bruno Political Consulting,2022-09-17,7,2989.0,,LIB,-22.439999999999998,1.578237413488013
w60_h14_all,2022,8943,OK,2022-09-24,80808,162999,Amber Integrated,2022-09-20,4,500.0,,NA,-18.0,0.748860298674024
w60_h14_all,2022,9482,OK,2022-09-24,80980,163051,Bruno Political Consulting,2022-09-17,7,2989.0,,LIB,-12.079999999999998,1.578237413488013
w60_h14_all,2022,9482,OK,2022-09-24,80808,163000,Amber Integrated,2022-09-20,4,500.0,,NA,-11.0,0.748860298674024
w60_h14_all,2022,8951,WI,2022-09-24,80632,161347,Marquette University Law School,2022-09-08,16,632.0,,NA,-1.0,0.46478128592777695
w60_h14_all,2022,8951,WI,2022-09-24,80673,161479,OnMessage Inc.,2022-09-12,12,800.0,,REP,-4.0,0.6374463779290186
w60_h14_all,2022,8951,WI,2022-09-24,80657,161431,Civiqs,2022-09-12,12,780.0,,NA,-1.0,0.6294278653002698
w60_h14_all,2022,8951,WI,2022-09-24,80690,161651,Siena College,2022-09-14,10,651.0,,NA,1.0,0.6348826276788468
w60_h14_all,2022,8951,WI,2022-09-24,80704,161675,Emerson College,2022-09-17,7,860.0,,NA,-3.6000000000000014,0.8465616732800197
w60_h14_all,2022,8951,WI,2022-09-24,80772,162035,Trafalgar Group,2022-09-17,7,1087.0,,REP,-2.200000000000003,0.951752769017949
w60_h14_all,2022,8951,WI,2022-09-24,80880,162681,Data for Progress,2022-09-22,2,999.0,,NA,-2.0,1.1686994343083759
w60_h14_all,2022,8951,WI,2022-09-24,80855,162619,Fabrizio Lee & Associates/Impact Research,2022-09-22,2,500.0,,NA,-5.0,0.826808802972629
w60_h14_all,2022,8951,WI,2022-09-24,80874,162669,Beacon Research/Shaw & Co. Research,2022-09-24,0,1012.0,,NA,-4.0,1.298717315918544
w60_h14_all,2022,8938,NH,2022-09-24,80666,161463,Emerson College,2022-09-14,10,800.0,,NA,10.5,0.7037978614007832
w60_h14_all,2022,8938,NH,2022-09-24,80722,161818,American Research Group,2022-09-17,7,555.0,,NA,13.0,0.6800735254367722
w60_h14_all,2022,8938,NH,2022-09-24,80723,161944,University of New Hampshire Survey Center,2022-09-17,7,870.0,,NA,8.0,0.8514693182963202
w60_h14_all,2022,8947,SD,2022-09-24,80814,162460,Lake Research Partners,2022-09-08,16,400.0,,DEM,-13.0,0.36976013756840576
w60_h14_all,2022,8950,WA,2022-09-24,80749,161938,Elway Research,2022-09-14,10,403.0,,NA,13.0,0.4995229801696607
w60_h14_all,2022,8950,WA,2022-09-24,80810,162449,Trafalgar Group,2022-09-23,1,1091.0,,REP,2.200000000000003,1.283318950814594
w60_h14_all,2022,8950,WA,2022-09-24,81010,163116,OnMessage Inc.,2022-09-24,0,600.0,,REP,4.0,1.0
w60_h14_all,2022,8935,MD,2022-09-24,80680,161491,Goucher College Sarah T. Hughes Center for Politics,2022-09-10,14,748.0,,NA,23.0,0.5582711408148076
w60_h14_all,2022,8942,OH,2022-09-24,80662,161444,Fallon Research & Communications,2022-09-08,16,600.0,,REP,3.0,0.45286183213195336
w60_h14_all,2022,8942,OH,2022-09-24,80659,161435,Emerson College,2022-09-12,12,1000.0,,NA,-4.299999999999997,0.7126867165301536
w60_h14_all,2022,8942,OH,2022-09-24,80658,161432,Civiqs,2022-09-12,12,780.0,,NA,-3.0,0.6294278653002698
w60_h14_all,2022,8942,OH,2022-09-24,80716,161749,Marist College,2022-09-14,10,1200.0,,NA,-1.0,0.8619728212469777
w60_h14_all,2022,8942,OH,2022-09-24,80760,161971,Baldwin Wallace University Community Research Institute,2022-09-14,10,855.0,,NA,3.1000000000000014,0.7275888024873924
w60_h14_all,2022,8942,OH,2022-09-24,80815,162465,Siena College,2022-09-20,4,642.0,,NA,3.0,0.8485614904403278
w60_h14_all,2022,8939,NY,2022-09-24,80837,162587,Siena College,2022-09-20,4,655.0,,NA,19.0,0.8571097878792976
w60_h14_all,2022,8939,NY,2022-09-24,81577,165122,ActiVote,2022-09-22,2,279.0,,NA,20.0,0.6176211950245487
w60_h14_all,2022,8945,PA,2022-09-24,80621,161262,YouGov,2022-09-09,15,1188.0,,NA,5.0,0.6695768916342871
w60_h14_all,2022,8945,PA,2022-09-24,80667,161464,Trafalgar Group,2022-09-14,10,1078.0,,REP,1.8000000000000043,0.816981702082333
w60_h14_all,2022,8945,PA,2022-09-24,80758,161968,Muhlenberg College Institute of Public Opinion,2022-09-15,9,420.0,,NA,5.0,0.5358333459226603
w60_h14_all,2022,8945,PA,2022-09-24,80804,162439,Phillips Academy,2022-09-18,6,759.0,,NA,2.0,0.8356653740575148
w60_h14_all,2022,8945,PA,2022-09-24,80816,162469,Marist College,2022-09-21,3,1242.0,,NA,10.0,1.2401629285125166
w60_h14_all,2022,8945,PA,2022-09-24,80813,162458,InsiderAdvantage,2022-09-23,1,500.0,,NA,3.0999999999999943,0.8687748386204116
w60_h14_all,2022,8945,PA,2022-09-24,80854,162618,Franklin & Marshall College Center for Opinion Research,2022-09-22,2,517.0,,NA,3.0,0.8407470676487161
w60_h14_all,2022,8945,PA,2022-09-24,80853,162610,Beacon Research/Shaw & Co. Research,2022-09-24,0,1008.0,,NA,4.0,1.296148139681572
w60_h14_all,2022,8923,CT,2022-09-24,80731,161839,Quinnipiac University,2022-09-17,7,1911.0,,NA,17.0,1.2619429464123963
w60_h14_all,2022,8923,CT,2022-09-24,80826,162542,Western New England University Polling Institute,2022-09-18,6,626.0,,NA,13.0,0.7589246973842917
w60_h14_all,2022,8936,MO,2022-09-24,80689,161644,SurveyUSA,2022-09-16,8,670.0,,NA,-11.0,0.7111228533434627
w60_h14_all,2022,8925,GA,2022-09-24,80640,161415,Center Street PAC,2022-09-11,13,542.0,,DEM,4.0,0.4993397792799367
w60_h14_all,2022,8925,GA,2022-09-24,80631,161343,Quinnipiac University,2022-09-10,14,1278.0,,NA,6.0,0.7297259759663212
w60_h14_all,2022,8925,GA,2022-09-24,80692,161653,Marist College,2022-09-14,10,1202.0,,NA,5.0,0.8626908328843856
w60_h14_all,2022,8925,GA,2022-09-24,80691,161652,University of Georgia School of Public and International Affairs,2022-09-11,13,861.0,,NA,-1.5999999999999943,0.6293584932536306
w60_h14_all,2022,8925,GA,2022-09-24,80718,161751,YouGov,2022-09-16,8,1178.0,,NA,2.0,0.9429309255820749
w60_h14_all,2022,8925,GA,2022-09-24,80756,161957,Data for Progress,2022-09-18,6,1006.0,,NA,0.0,0.9620785011092109
w60_h14_all,2022,8925,GA,2022-09-24,80852,162609,Beacon Research/Shaw & Co. Research,2022-09-24,0,1011.0,,NA,5.0,1.298075498574717
w60_h14_all,2022,8920,AR,2022-09-24,80677,161487,Hendrix College,2022-09-12,12,835.0,,NA,-13.0,0.6512412511442852
w45_equal_all,2014,23,CO,2014-09-20,33056,39661,SurveyUSA,2014-09-09,11,664.0,,NA,4.0,1.0519822558706333
w45_equal_all,2014,23,CO,2014-09-20,33029,125160,Quinnipiac University,2014-09-12,8,1211.0,,NA,-8.0,1.4206805880750724
w45_equal_all,2014,23,CO,2014-09-20,33026,39631,Suffolk University,2014-09-15,5,500.0,,NA,-1.0,0.9128709291752769
w45_equal_all,2014,23,CO,2014-09-20,33014,39617,Gravis Marketing,2014-09-16,4,657.0,,NA,-7.0,1.0464224768228174
w45_equal_all,2014,23,CO,2014-09-20,33001,39604,Public Policy Polling,2014-09-20,0,652.0,,NA,-2.0,1.0424330514074593
w45_equal_all,2014,23,CO,2014-09-20,34483,42234,ccAdvertising,2014-09-20,0,2094.0,,NA,-6.0,1.8681541692269406
w45_equal_all,2014,24,DE,2014-09-20,33038,39643,Rasmussen Reports,2014-09-11,9,750.0,,NA,15.0,1.118033988749895
w45_equal_all,2014,24,DE,2014-09-20,33000,137746,University of Delaware Center for Political Communication,2014-09-16,4,769.0,,NA,25.0,1.1321071798494464
w45_equal_all,2014,17,GA,2014-09-20,33065,39671,SurveyUSA,2014-09-07,13,558.0,,NA,-3.0,0.9643650760992956
w45_equal_all,2014,17,GA,2014-09-20,33044,39649,InsiderAdvantage,2014-09-10,10,1167.0,,NA,-10.300000000000004,1.3946325680981353
w45_equal_all,2014,17,GA,2014-09-20,33048,39653,Landmark Communications,2014-09-10,10,1109.0,,NA,2.6000000000000014,1.359534233968874
w45_equal_all,2014,17,GA,2014-09-20,33051,39656,Abt Associates,2014-09-10,10,884.0,,NA,-4.0,1.2138094304022082
w45_equal_all,2014,17,GA,2014-09-20,33019,39622,Rasmussen Reports,2014-09-15,5,750.0,,NA,-5.0,1.118033988749895
w45_equal_all,2014,4,IL,2014-09-20,33040,39645,APC Research,2014-09-07,13,800.0,,NA,23.0,1.1547005383792515
w45_equal_all,2014,26,IA,2014-09-20,33057,39662,Big Village,2014-09-09,11,608.0,,NA,1.0,1.0066445913694333
w45_equal_all,2014,26,IA,2014-09-20,58861,100391,Øptimus Analytics,2014-09-11,9,2714.0,,NA,1.7000000000000028,2.1268129521265693
w45_equal_all,2014,26,IA,2014-09-20,33030,39635,Quinnipiac University,2014-09-12,8,1167.0,,NA,-6.0,1.3946325680981353
w45_equal_all,2014,26,IA,2014-09-20,33023,39627,Beacon Research/Shaw & Co. Research,2014-09-15,5,600.0,,NA,0.0,1.0
w45_equal_all,2014,26,IA,2014-09-20,33011,39614,Rasmussen Reports,2014-09-17,3,750.0,,NA,0.0,1.118033988749895
w45_equal_all,2014,26,IA,2014-09-20,58862,100392,Øptimus Analytics,2014-09-18,2,2225.0,,NA,-1.1999999999999957,1.925703334715224
w45_equal_all,2014,15,KY,2014-09-20,33066,39672,Mellman Group,2014-09-06,14,800.0,,DEM,1.0,1.1547005383792515
w45_equal_all,2014,15,KY,2014-09-20,33067,39673,Magellan Strategies,2014-09-06,14,742.0,,NA,-8.0,1.112055154507485
w45_equal_all,2014,15,KY,2014-09-20,33039,39644,Ipsos,2014-09-10,10,944.0,,NA,-4.0,1.2543258481484518
w45_equal_all,2014,15,KY,2014-09-20,72988,136911,Gravis Marketing,2014-09-10,10,679.0,,NA,-4.0,1.0637982264821966
w45_equal_all,2014,15,KY,2014-09-20,33025,39630,Gravis Marketing,2014-09-15,5,839.0,,NA,-10.0,1.1825114516711175
w45_equal_all,2014,15,KY,2014-09-20,34490,42243,ccAdvertising,2014-09-13,7,2282.0,,NA,-9.0,1.9502136635080098
w45_equal_all,2014,10,NJ,2014-09-20,33064,39670,Stockton University William J. Hughes Center for Public Policy,2014-09-07,13,807.0,,NA,13.0,1.1597413504743201
w45_equal_all,2014,8,NH,2014-09-20,33052,39657,Global Strategy Group,2014-09-10,10,1027.0,,DEM,7.0,1.3083067937860242
w45_equal_all,2014,8,NH,2014-09-20,33041,39646,New England College Polling Center,2014-09-10,10,630.0,,NA,11.0,1.02469507659596
w45_equal_all,2014,8,NH,2014-09-20,33042,39647,Magellan Strategies,2014-09-10,10,2214.0,,REP,-1.6000000000000014,1.9209372712298547
w45_equal_all,2014,8,NH,2014-09-20,33043,39648,Rasmussen Reports,2014-09-10,10,750.0,,NA,3.0,1.118033988749895
w45_equal_all,2014,8,NH,2014-09-20,33047,39652,Kiley & Company,2014-09-10,10,600.0,,DEM,8.0,1.0
w45_equal_all,2014,8,NH,2014-09-20,33050,39655,Big Village,2014-09-10,10,735.0,,NA,0.0,1.1067971810589328
w45_equal_all,2014,8,NH,2014-09-20,33028,39633,American Research Group,2014-09-14,6,495.0,,NA,5.0,0.9082951062292475
w45_equal_all,2014,8,NH,2014-09-20,33018,39621,Vox Populi Polling,2014-09-15,5,550.0,,NA,-4.0,0.9574271077563381
w45_equal_all,2014,8,NH,2014-09-20,33006,39609,Public Policy Polling,2014-09-18,2,652.0,,DEM,6.0,1.0424330514074593
w45_equal_all,2014,8,NH,2014-09-20,33005,39608,New England College Polling Center,2014-09-19,1,1494.0,,NA,7.300000000000004,1.57797338380595
w45_equal_all,2014,16,VA,2014-09-20,33071,39677,Christopher Newport University Wason Center for Civic Leadership,2014-09-04,16,713.0,,NA,22.0,1.090107028384522
w45_equal_all,2014,16,VA,2014-09-20,33009,39612,Roanoke College Institute for Policy and Opinion Research,2014-09-16,4,630.0,,NA,19.0,1.02469507659596
w45_equal_all,2014,16,VA,2014-09-20,32999,39602,Quinnipiac University,2014-09-19,1,1010.0,,NA,9.0,1.2974333637352375
w45_equal_all,2014,19,TX,2014-09-20,34266,42269,Texas Lyceum,2014-09-18,2,666.0,,NA,-18.0,1.0535653752852738
w45_equal_all,2014,22,SD,2014-09-20,33070,39676,SurveyUSA,2014-09-05,15,510.0,,NA,-11.0,0.9219544457292888
w45_equal_all,2014,20,OR,2014-09-20,33045,39650,The Polling Company Inc.,2014-09-10,10,600.0,,REP,8.0,1.0
w45_equal_all,2014,14,NC,2014-09-20,33073,39679,Garin-Hart-Yang Research Group,2014-09-05,15,802.0,,DEM,3.0,1.1561430130683084
w45_equal_all,2014,14,NC,2014-09-20,33063,39669,Elon University,2014-09-07,13,629.0,,NA,5.800000000000004,1.0238815035605113
w45_equal_all,2014,14,NC,2014-09-20,33054,39659,SurveyUSA,2014-09-09,11,490.0,,NA,3.0,0.9036961141150639
w45_equal_all,2014,14,NC,2014-09-20,33059,39664,Rasmussen Reports,2014-09-09,11,1000.0,,NA,6.0,1.2909944487358056
w45_equal_all,2014,14,NC,2014-09-20,33034,39639,Public Policy Polling,2014-09-13,7,1266.0,,NA,4.0,1.452583904633395
w45_equal_all,2014,14,NC,2014-09-20,33021,39624,Beacon Research/Shaw & Co. Research,2014-09-15,5,605.0,,NA,5.0,1.0041580220928046
w45_equal_all,2014,14,NC,2014-09-20,34475,42222,Global Strategy Group,2014-09-17,3,600.0,,DEM,4.0,1.0
w45_equal_all,2014,14,NC,2014-09-20,33012,39615,High Point University Survey Research Center,2014-09-15,5,410.0,,NA,2.0,0.8266397845091497
w45_equal_all,2014,3,NM,2014-09-20,33046,39651,Research & Polling Inc.,2014-09-10,10,603.0,,NA,13.0,1.002496882788171
w45_equal_all,2014,6,MN,2014-09-20,33055,39660,Mason-Dixon Polling & Strategy,2014-09-09,11,800.0,,NA,13.0,1.1547005383792515
w45_equal_all,2014,2,MI,2014-09-20,33068,126637,Public Policy Polling,2014-09-06,14,687.0,,NA,7.0,1.0700467279516348
w45_equal_all,2014,2,MI,2014-09-20,33061,39666,Suffolk University,2014-09-08,12,500.0,,NA,8.800000000000004,0.9128709291752769
w45_equal_all,2014,2,MI,2014-09-20,33037,39642,Denno Research,2014-09-12,8,600.0,,NA,7.0,1.0
w45_equal_all,2014,2,MI,2014-09-20,33031,39636,Mitchell Research & Communications,2014-09-14,6,829.0,,NA,2.0,1.175443178833697
w45_equal_all,2014,2,MI,2014-09-20,33027,39632,Magellan Strategies,2014-09-14,6,717.0,,NA,5.0,1.0931605554537724
w45_equal_all,2014,2,MI,2014-09-20,33010,39613,Rasmussen Reports,2014-09-17,3,750.0,,NA,2.0,1.118033988749895
w45_equal_all,2014,2,MI,2014-09-20,33007,39610,Public Policy Polling,2014-09-18,2,852.0,,DEM,7.0,1.1916375287812984
w45_equal_all,2014,2,MI,2014-09-20,33008,39611,We Ask America,2014-09-18,2,1182.0,,NA,3.0,1.40356688476182
w45_equal_all,2014,12,AK,2014-09-20,33060,39665,Harstad Strategic Research,2014-09-09,11,709.0,,DEM,5.0,1.087044923941355
w45_equal_all,2014,12,AK,2014-09-20,33032,39637,Hays Research Group,2014-09-13,7,500.0,,DEM,4.200000000000003,0.9128709291752769
w45_equal_all,2014,12,AK,2014-09-20,33017,39620,Dittman Research,2014-09-16,4,800.0,,REP,-5.0,1.1547005383792515
w45_equal_all,2014,12,AK,2014-09-20,33003,126627,Public Policy Polling,2014-09-20,0,880.0,,NA,-2.0,1.2110601416389966
w45_equal_all,2014,12,AK,2014-09-20,34468,42215,Hellenthal & Associates,2014-09-18,2,400.0,,NA,-4.5,0.816496580927726
w45_equal_all,2014,32,AR,2014-09-20,33049,39654,Gravis Marketing,2014-09-10,10,902.0,,NA,-4.0,1.226104943849968
w45_equal_all,2014,32,AR,2014-09-20,33013,39616,Hickman Analytics,2014-09-15,5,801.0,,DEM,3.0,1.1554220008291343
w45_equal_all,2014,32,AR,2014-09-20,33002,126626,Public Policy Polling,2014-09-20,0,1453.0,,NA,-5.0,1.5561705133649932
w45_equal_all,2014,34,HI,2014-09-20,33053,39658,Rasmussen Reports,2014-09-09,11,750.0,,NA,32.0,1.118033988749895
w45_equal_all,2014,34,HI,2014-09-20,33885,39638,MRG Research,2014-09-13,7,1055.0,,NA,37.0,1.326021618727739
w45_equal_all,2014,31,MA,2014-09-20,33020,39623,SocialSphere,2014-09-15,5,407.0,,NA,26.0,0.8236099400403891
w45_equal_all,2014,31,MA,2014-09-20,33016,39619,Rasmussen Reports,2014-09-16,4,750.0,,NA,18.0,1.118033988749895
w45_equal_all,2014,31,MA,2014-09-20,33004,39607,MassINC Polling Group,2014-09-18,2,502.0,,NA,28.0,0.9146948489341495
w45_equal_all,2018,112,NV,2018-09-22,53942,86765,Suffolk University,2018-09-07,15,500.0,,NA,0.3999999999999986,0.9128709291752769
w45_equal_all,2018,112,NV,2018-09-22,54050,87187,Gravis Marketing,2018-09-11,11,700.0,,NA,2.0,1.0801234497346435
w45_equal_all,2018,112,NV,2018-09-22,54092,87436,Ipsos,2018-09-12,10,1039.0,,NA,-3.0,1.3159280628767922
w45_equal_all,2018,107,MN,2018-09-22,53984,86887,SurveyUSA,2018-09-07,15,574.0,,NA,15.0,0.9780933834080806
w45_equal_all,2018,107,MN,2018-09-22,54046,87184,Mason-Dixon Polling & Strategy,2018-09-11,11,800.0,,NA,30.0,1.1547005383792515
w45_equal_all,2018,116,ND,2018-09-22,53977,86870,Beacon Research/Shaw & Co. Research,2018-09-10,12,701.0,,NA,-4.0,1.0808946911393973
w45_equal_all,2018,116,ND,2018-09-22,55966,89686,Strategic Research Associates,2018-09-22,0,650.0,,NA,-10.0,1.0408329997330663
w45_equal_all,2018,119,RI,2018-09-22,54133,87623,Fleming & Associates,2018-09-16,6,420.0,,NA,19.0,0.8366600265340756
w45_equal_all,2018,124,VA,2018-09-22,54070,87225,SSRS,2018-09-06,16,512.0,,NA,16.0,0.9237604307034013
w45_equal_all,2018,129,MN,2018-09-22,53984,86888,SurveyUSA,2018-09-07,15,574.0,,NA,9.0,0.9780933834080806
w45_equal_all,2018,129,MN,2018-09-22,54046,87185,Mason-Dixon Polling & Strategy,2018-09-11,11,800.0,,NA,7.0,1.1547005383792515
w45_equal_all,2018,104,MD,2018-09-22,54087,87424,Goucher College Sarah T. Hughes Center for Politics,2018-09-13,9,472.0,,NA,39.0,0.886942313043338
w45_equal_all,2018,99,DE,2018-09-22,55877,89526,University of Delaware Center for Political Communication,2018-09-14,8,728.0,,NA,37.0,1.1015141094572205
w45_equal_all,2018,127,WI,2018-09-22,54074,87234,Marquette University Law School,2018-09-14,8,614.0,,NA,11.0,1.011599393699568
w45_equal_all,2018,127,WI,2018-09-22,55876,89530,Ipsos,2018-09-18,4,1109.0,,NA,13.0,1.359534233968874
w45_equal_all,2018,114,NM,2018-09-22,54047,87181,Research & Polling Inc.,2018-09-10,12,966.0,,NA,21.0,1.2688577540449522
w45_equal_all,2018,114,NM,2018-09-22,55902,89578,In Lux Research,2018-09-16,6,900.0,,LIB,28.0,1.224744871391589
w45_equal_all,2018,114,NM,2018-09-22,55901,89575,NSON Opinion Strategy/In Lux Research,2018-09-22,0,932.0,,LIB,25.61,1.2463279397226612
w45_equal_all,2018,105,MA,2018-09-22,54094,87438,Suffolk University,2018-09-15,7,500.0,,NA,29.4,0.9128709291752769
w45_equal_all,2018,105,MA,2018-09-22,55850,89425,MassINC Polling Group,2018-09-19,3,506.0,,NA,26.0,0.9183318209303941
w45_equal_all,2018,108,MS,2018-09-22,55975,89700,SurveyMonkey,2018-09-17,5,985.0,,NA,-14.0,1.2812754062521714
w45_equal_all,2018,109,MO,2018-09-22,53979,86877,Beacon Research/Shaw & Co. Research,2018-09-10,12,675.0,,NA,3.0,1.0606601717798212
w45_equal_all,2018,109,MO,2018-09-22,54064,87217,Trafalgar Group,2018-09-12,10,1724.0,,REP,-3.0,1.6950909513454826
w45_equal_all,2018,109,MO,2018-09-22,54048,87182,YouGov,2018-09-12,10,917.0,,NA,0.0,1.236257794043513
w45_equal_all,2018,110,MT,2018-09-22,54049,87183,YouGov,2018-09-12,10,453.0,,NA,2.0,0.8689073598491384
w45_equal_all,2018,110,MT,2018-09-22,55928,89615,Benenson Strategy Group/GS Strategy Group,2018-09-11,11,950.0,,NA,7.0,1.2583057392117916
w45_equal_all,2018,110,MT,2018-09-22,54138,87624,Axis Research,2018-09-18,4,480.0,,REP,0.0,0.8944271909999159
w45_equal_all,2018,110,MT,2018-09-22,55846,89414,Gravis Marketing,2018-09-21,1,710.0,,NA,4.0,1.0878112581387147
w45_equal_all,2018,117,OH,2018-09-22,53959,86830,Morning Consult,2018-09-06,16,1592.0,,NA,16.0,1.6289055630494156
w45_equal_all,2018,117,OH,2018-09-22,54069,87223,Baldwin Wallace University Community Research Institute,2018-09-10,12,1048.0,,NA,17.400000000000002,1.321615173439934
w45_equal_all,2018,117,OH,2018-09-22,54141,87629,American Pulse Research & Polling,2018-09-19,3,1003.0,,NA,10.200000000000003,1.2929294902146313
w45_equal_all,2018,117,OH,2018-09-22,55872,89525,Marist College,2018-09-18,4,564.0,,NA,14.0,0.9695359714832658
w45_equal_all,2018,117,OH,2018-09-22,55874,89528,Ipsos,2018-09-17,5,1074.0,,NA,10.200000000000003,1.3379088160259651
w45_equal_all,2018,117,OH,2018-09-22,56276,90433,University of Akron Ray C. Bliss Institute of Applied Politics,2018-09-22,0,1000.0,,NA,12.0,1.2909944487358056
w45_equal_all,2018,118,PA,2018-09-22,54104,87454,Rasmussen Reports,2018-09-12,10,800.0,,NA,14.0,1.1547005383792515
w45_equal_all,2018,118,PA,2018-09-22,54148,87642,Muhlenberg College Institute of Public Opinion,2018-09-16,6,404.0,,NA,18.0,0.8205689083394114
w45_equal_all,2018,118,PA,2018-09-22,55875,89529,Ipsos,2018-09-16,6,1080.0,,NA,15.600000000000001,1.3416407864998738
w45_equal_all,2018,118,PA,2018-09-22,55900,89577,Franklin & Marshall College Center for Opinion Research,2018-09-20,2,204.0,,NA,17.0,0.5830951894845301
w45_equal_all,2018,120,TN,2018-09-22,53976,86868,Beacon Research/Shaw & Co. Research,2018-09-10,12,686.0,,NA,-3.0,1.0692676621563626
w45_equal_all,2018,120,TN,2018-09-22,54093,87437,American Pulse Research & Polling,2018-09-11,11,1038.0,,NA,-3.299999999999997,1.3152946437965904
w45_equal_all,2018,120,TN,2018-09-22,54058,87204,SSRS,2018-09-13,9,723.0,,NA,5.0,1.0977249200050074
w45_equal_all,2018,120,TN,2018-09-22,54115,87474,Vox Populi Polling,2018-09-17,5,567.0,,NA,2.0,0.972111104761179
w45_equal_all,2018,120,TN,2018-09-22,55974,89702,SurveyMonkey,2018-09-17,5,1609.0,,NA,0.0,1.6375795146088836
w45_equal_all,2018,121,TX,2018-09-22,53971,86858,Dixie Strategies,2018-09-06,16,519.0,,NA,-4.1299999999999955,0.9300537618869137
w45_equal_all,2018,121,TX,2018-09-22,53956,86823,Rasmussen Reports,2018-09-08,14,800.0,,NA,-3.0,1.1547005383792515
w45_equal_all,2018,121,TX,2018-09-22,54167,87696,Blueprint Polling,2018-09-11,11,1161.0,,DEM,-4.0,1.3910427743243556
w45_equal_all,2018,121,TX,2018-09-22,54091,87435,Ipsos,2018-09-10,12,992.0,,NA,2.0,1.2858201014657273
w45_equal_all,2018,121,TX,2018-09-22,54073,87278,Quinnipiac University,2018-09-14,8,807.0,,NA,-9.0,1.1597413504743201
w45_equal_all,2018,121,TX,2018-09-22,54114,87471,Vox Populi Polling,2018-09-17,5,508.0,,NA,0.0,0.9201449161228175
w45_equal_all,2018,121,TX,2018-09-22,54134,87638,Public Policy Polling,2018-09-19,3,603.0,,DEM,-3.0,1.002496882788171
w45_equal_all,2018,96,AZ,2018-09-22,53975,86866,Beacon Research/Shaw & Co. Research,2018-09-10,12,710.0,,NA,3.0,1.0878112581387147
w45_equal_all,2018,96,AZ,2018-09-22,54084,87417,TargetSmart,2018-09-10,12,800.0,,DEM,5.0,1.1547005383792515
w45_equal_all,2018,96,AZ,2018-09-22,54088,87432,Ipsos,2018-09-09,13,1016.0,,NA,2.6000000000000014,1.3012814197295424
w45_equal_all,2018,96,AZ,2018-09-22,54057,87203,SSRS,2018-09-13,9,761.0,,NA,7.0,1.1262030604350768
w45_equal_all,2018,96,AZ,2018-09-22,55845,89418,Marist College,2018-09-18,4,564.0,,NA,2.0,0.9695359714832658
w45_equal_all,2018,96,AZ,2018-09-22,55835,89398,Emerson College,2018-09-20,2,650.0,,NA,5.5,1.0408329997330663
w45_equal_all,2018,96,AZ,2018-09-22,56184,90216,Latino Decisions,2018-09-18,4,463.0,,NA,6.0,0.8784455968736292
w45_equal_all,2018,126,WV,2018-09-22,54051,87190,Emerson College,2018-09-14,8,825.0,,NA,11.699999999999996,1.1726039399558574
w45_equal_all,2018,126,WV,2018-09-22,56013,89816,Global Strategy Group,2018-09-21,1,601.0,,DEM,12.0,1.000832986400162
w45_equal_all,2018,126,WV,2018-09-22,55963,89680,Strategic Research Associates,2018-09-21,1,650.0,,NA,8.0,1.0408329997330663
w45_equal_all,2018,100,FL,2018-09-22,53966,86850,SurveyUSA,2018-09-08,14,634.0,,NA,-2.0,1.0279429296739515
w45_equal_all,2018,100,FL,2018-09-22,53991,86899,Rasmussen Reports,2018-09-10,12,800.0,,NA,1.0,1.1547005383792515
w45_equal_all,2018,100,FL,2018-09-22,54089,87433,Ipsos,2018-09-09,13,1000.0,,NA,-1.3999999999999986,1.2909944487358056
w45_equal_all,2018,100,FL,2018-09-22,54103,87455,Florida Atlantic University Business and Economics Polling Initiative,2018-09-15,7,850.0,,NA,-1.0,1.1902380714238083
w45_equal_all,2018,100,FL,2018-09-22,55834,89396,University of North Florida Public Opinion Research Lab,2018-09-18,4,603.0,,NA,0.0,1.002496882788171
w45_equal_all,2018,100,FL,2018-09-22,55868,89506,Marist College,2018-09-18,4,600.0,,NA,3.0,1.0
w45_equal_all,2018,100,FL,2018-09-22,55848,89421,Quinnipiac University,2018-09-22,0,888.0,,NA,7.0,1.2165525060596438
w45_equal_all,2018,100,FL,2018-09-22,55924,89610,Cherry Communications,2018-09-21,1,622.0,,REP,2.0,1.0181682899534177
w45_equal_all,2018,102,IN,2018-09-22,53978,86872,Beacon Research/Shaw & Co. Research,2018-09-10,12,677.0,,NA,-2.0,1.0622303579418795
w45_equal_all,2018,102,IN,2018-09-22,55878,89531,Ipsos,2018-09-16,6,1181.0,,NA,2.200000000000003,1.4029730337156638
w45_equal_all,2018,106,MI,2018-09-22,53933,86748,Strategic National,2018-09-08,14,1000.0,,NA,18.0,1.2909944487358056
w45_equal_all,2018,106,MI,2018-09-22,54146,87640,Mitchell Research & Communications,2018-09-12,10,1009.0,,NA,13.0,1.2967909109284605
w45_equal_all,2018,106,MI,2018-09-22,54082,87280,Target Insyght,2018-09-12,10,800.0,,NA,15.0,1.1547005383792515
w45_equal_all,2018,106,MI,2018-09-22,55873,89527,Ipsos,2018-09-18,4,1150.0,,NA,19.300000000000004,1.3844373104863459
w45_equal_all,2022,8931,KS,2022-09-24,80717,161750,Emerson College,2022-09-17,7,1000.0,,NA,-12.199999999999996,1.2909944487358056
w45_equal_all,2022,8919,AZ,2022-09-24,81057,163292,OnMessage Inc.,2022-09-08,16,400.0,,REP,10.0,0.816496580927726
w45_equal_all,2022,8919,AZ,2022-09-24,80750,161939,Fabrizio Lee & Associates/Impact Research,2022-09-12,12,500.0,,NA,8.0,0.9128709291752769
w45_equal_all,2022,8919,AZ,2022-09-24,80676,161486,Trafalgar Group,2022-09-16,8,1080.0,,REP,1.2000000000000028,1.3416407864998738
w45_equal_all,2022,8919,AZ,2022-09-24,80755,161956,Data for Progress,2022-09-17,7,768.0,,NA,1.0,1.131370849898476
w45_equal_all,2022,8919,AZ,2022-09-24,80833,162503,Marist College,2022-09-21,3,1260.0,,NA,10.0,1.449137674618944
w45_equal_all,2022,8919,AZ,2022-09-24,80825,162484,Suffolk University,2022-09-23,1,500.0,,NA,6.799999999999997,0.9128709291752769
w45_equal_all,2022,8919,AZ,2022-09-24,80873,162668,Beacon Research/Shaw & Co. Research,2022-09-24,0,1008.0,,NA,6.0,1.296148139681572
w45_equal_all,2022,8922,CO,2022-09-24,80745,161870,Emerson College,2022-09-18,6,1000.0,,NA,9.600000000000001,1.2909944487358056
w45_equal_all,2022,8922,CO,2022-09-24,80832,162501,Trafalgar Group,2022-09-22,2,1078.0,,REP,6.0,1.3403979508588733
w45_equal_all,2022,8922,CO,2022-09-24,80893,162713,Keating Research/Magellan Strategies,2022-09-22,2,1060.0,,NA,10.0,1.3291601358251257
w45_equal_all,2022,8922,CO,2022-09-24,81011,163117,OnMessage Inc.,2022-09-24,0,600.0,,REP,1.0,1.0
w45_equal_all,2022,8924,FL,2022-09-24,80671,161476,Sachs Media,2022-09-10,14,600.0,,NA,-3.0,1.0
w45_equal_all,2022,8924,FL,2022-09-24,80639,161413,Center Street PAC,2022-09-09,15,608.0,,DEM,-5.0,1.0066445913694333
w45_equal_all,2022,8924,FL,2022-09-24,80715,161748,Suffolk University,2022-09-17,7,500.0,,NA,-4.0,0.9128709291752769
w45_equal_all,2022,8924,FL,2022-09-24,80732,161840,Civiqs,2022-09-19,5,617.0,,NA,-2.0,1.0140677163450837
w45_equal_all,2022,8924,FL,2022-09-24,80895,162715,Siena College,2022-09-22,2,669.0,,NA,-7.0,1.0559356040971437
w45_equal_all,2022,8924,FL,2022-09-24,80903,162747,Clarity Campaign Labs,2022-09-24,0,2860.0,,DEM,0.0,2.183269719175042
w45_equal_all,2022,8940,NC,2022-09-24,80617,161255,East Carolina University Center for Survey Research,2022-09-09,15,1020.0,,NA,-2.8000000000000043,1.3038404810405297
w45_equal_all,2022,8940,NC,2022-09-24,80710,161733,Emerson College,2022-09-15,9,1000.0,,NA,-2.3999999999999986,1.2909944487358056
w45_equal_all,2022,8940,NC,2022-09-24,80729,161837,Civiqs,2022-09-19,5,586.0,,NA,1.0,0.9882644720249062
w45_equal_all,2022,8940,NC,2022-09-24,80829,162490,Global Strategy Group,2022-09-16,8,800.0,,DEM,0.0,1.1547005383792515
w45_equal_all,2022,8940,NC,2022-09-24,80867,162639,"Meredith College Department of History, Political Science, and International Studies",2022-09-22,2,731.0,,NA,-0.29999999999999716,1.1037813793198965
w45_equal_all,2022,8940,NC,2022-09-24,81483,164861,ActiVote,2022-09-19,5,250.0,,NA,-1.0,0.6454972243679028
w45_equal_all,2022,8937,NV,2022-09-24,80620,161259,Emerson College,2022-09-09,15,1000.0,,NA,-0.5,1.2909944487358056
w45_equal_all,2022,8937,NV,2022-09-24,80757,161958,Data for Progress,2022-09-16,8,874.0,,NA,-1.0,1.2069244660154448
w45_equal_all,2022,8937,NV,2022-09-24,80759,161970,InsiderAdvantage,2022-09-20,4,500.0,,NA,-2.8999999999999986,0.9128709291752769
w45_equal_all,2022,8937,NV,2022-09-24,81178,163813,WPA Intelligence,2022-09-19,5,500.0,,REP,3.0,0.9128709291752769
w45_equal_all,2022,8937,NV,2022-09-24,80753,161951,Trafalgar Group,2022-09-19,5,1086.0,,REP,-4.0,1.3453624047073711
w45_equal_all,2022,8937,NV,2022-09-24,80896,162716,Noble Predictive Insights,2022-09-24,0,741.0,,NA,-2.0,1.1113055385446435
w45_equal_all,2022,8928,IL,2022-09-24,80848,162599,Emerson College,2022-09-22,2,1000.0,,NA,18.900000000000002,1.2909944487358056
w45_equal_all,2022,8943,OK,2022-09-24,80980,163050,Bruno Political Consulting,2022-09-17,7,2989.0,,LIB,-22.439999999999998,2.231964754799382
w45_equal_all,2022,8943,OK,2022-09-24,80808,162999,Amber Integrated,2022-09-20,4,500.0,,NA,-18.0,0.9128709291752769
w45_equal_all,2022,9482,OK,2022-09-24,80980,163051,Bruno Political Consulting,2022-09-17,7,2989.0,,LIB,-12.079999999999998,2.231964754799382
w45_equal_all,2022,9482,OK,2022-09-24,80808,163000,Amber Integrated,2022-09-20,4,500.0,,NA,-11.0,0.9128709291752769
w45_equal_all,2022,8951,WI,2022-09-24,80632,161347,Marquette University Law School,2022-09-08,16,632.0,,NA,-1.0,1.0263202878893767
w45_equal_all,2022,8951,WI,2022-09-24,80673,161479,OnMessage Inc.,2022-09-12,12,800.0,,REP,-4.0,1.1547005383792515
w45_equal_all,2022,8951,WI,2022-09-24,80657,161431,Civiqs,2022-09-12,12,780.0,,NA,-1.0,1.140175425099138
w45_equal_all,2022,8951,WI,2022-09-24,80690,161651,Siena College,2022-09-14,10,651.0,,NA,1.0,1.041633332799983
w45_equal_all,2022,8951,WI,2022-09-24,80704,161675,Emerson College,2022-09-17,7,860.0,,NA,-3.6000000000000014,1.1972189997378648
w45_equal_all,2022,8951,WI,2022-09-24,80772,162035,Trafalgar Group,2022-09-17,7,1087.0,,REP,-2.200000000000003,1.345981673971331
w45_equal_all,2022,8951,WI,2022-09-24,80880,162681,Data for Progress,2022-09-22,2,999.0,,NA,-2.0,1.2903487900563941
w45_equal_all,2022,8951,WI,2022-09-24,80855,162619,Fabrizio Lee & Associates/Impact Research,2022-09-22,2,500.0,,NA,-5.0,0.9128709291752769
w45_equal_all,2022,8951,WI,2022-09-24,80874,162669,Beacon Research/Shaw & Co. Research,2022-09-24,0,1012.0,,NA,-4.0,1.298717315918544
w45_equal_all,2022,8938,NH,2022-09-24,80666,161463,Emerson College,2022-09-14,10,800.0,,NA,10.5,1.1547005383792515
w45_equal_all,2022,8938,NH,2022-09-24,80722,161818,American Research Group,2022-09-17,7,555.0,,NA,13.0,0.9617692030835673
w45_equal_all,2022,8938,NH,2022-09-24,80723,161944,University of New Hampshire Survey Center,2022-09-17,7,870.0,,NA,8.0,1.2041594578792296
w45_equal_all,2022,8947,SD,2022-09-24,80814,162460,Lake Research Partners,2022-09-08,16,400.0,,DEM,-13.0,0.816496580927726
w45_equal_all,2022,8950,WA,2022-09-24,80749,161938,Elway Research,2022-09-14,10,403.0,,NA,13.0,0.8195527235429497
w45_equal_all,2022,8950,WA,2022-09-24,80810,162449,Trafalgar Group,2022-09-23,1,1091.0,,REP,2.200000000000003,1.348455907077919
w45_equal_all,2022,8950,WA,2022-09-24,81010,163116,OnMessage Inc.,2022-09-24,0,600.0,,REP,4.0,1.0
w45_equal_all,2022,8935,MD,2022-09-24,80680,161491,Goucher College Sarah T. Hughes Center for Politics,2022-09-10,14,748.0,,NA,23.0,1.116542281629615
w45_equal_all,2022,8942,OH,2022-09-24,80662,161444,Fallon Research & Communications,2022-09-08,16,600.0,,REP,3.0,1.0
w45_equal_all,2022,8942,OH,2022-09-24,80659,161435,Emerson College,2022-09-12,12,1000.0,,NA,-4.299999999999997,1.2909944487358056
w45_equal_all,2022,8942,OH,2022-09-24,80658,161432,Civiqs,2022-09-12,12,780.0,,NA,-3.0,1.140175425099138
w45_equal_all,2022,8942,OH,2022-09-24,80716,161749,Marist College,2022-09-14,10,1200.0,,NA,-1.0,1.4142135623730951
w45_equal_all,2022,8942,OH,2022-09-24,80760,161971,Baldwin Wallace University Community Research Institute,2022-09-14,10,855.0,,NA,3.1000000000000014,1.1937336386313322
w45_equal_all,2022,8942,OH,2022-09-24,80815,162465,Siena College,2022-09-20,4,642.0,,NA,3.0,1.03440804327886
w45_equal_all,2022,8939,NY,2022-09-24,80837,162587,Siena College,2022-09-20,4,655.0,,NA,19.0,1.0448285345771653
w45_equal_all,2022,8939,NY,2022-09-24,81577,165122,ActiVote,2022-09-22,2,279.0,,NA,20.0,0.6819090848492928
w45_equal_all,2022,8945,PA,2022-09-24,80621,161262,YouGov,2022-09-09,15,1188.0,,NA,5.0,1.407124727947029
w45_equal_all,2022,8945,PA,2022-09-24,80667,161464,Trafalgar Group,2022-09-14,10,1078.0,,REP,1.8000000000000043,1.3403979508588733
w45_equal_all,2022,8945,PA,2022-09-24,80758,161968,Muhlenberg College Institute of Public Opinion,2022-09-15,9,420.0,,NA,5.0,0.8366600265340756
w45_equal_all,2022,8945,PA,2022-09-24,80804,162439,Phillips Academy,2022-09-18,6,759.0,,NA,2.0,1.1247221879201992
w45_equal_all,2022,8945,PA,2022-09-24,80816,162469,Marist College,2022-09-21,3,1242.0,,NA,10.0,1.4387494569938157
w45_equal_all,2022,8945,PA,2022-09-24,80813,162458,InsiderAdvantage,2022-09-23,1,500.0,,NA,3.0999999999999943,0.9128709291752769
w45_equal_all,2022,8945,PA,2022-09-24,80854,162618,Franklin & Marshall College Center for Opinion Research,2022-09-22,2,517.0,,NA,3.0,0.9282600210429547
w45_equal_all,2022,8945,PA,2022-09-24,80853,162610,Beacon Research/Shaw & Co. Research,2022-09-24,0,1008.0,,NA,4.0,1.296148139681572
w45_equal_all,2022,8923,CT,2022-09-24,80731,161839,Quinnipiac University,2022-09-17,7,1911.0,,NA,17.0,1.7846568297574747
w45_equal_all,2022,8923,CT,2022-09-24,80826,162542,Western New England University Polling Institute,2022-09-18,6,626.0,,NA,13.0,1.0214368964029708
w45_equal_all,2022,8936,MO,2022-09-24,80689,161644,SurveyUSA,2022-09-16,8,670.0,,NA,-11.0,1.0567244989431572
w45_equal_all,2022,8925,GA,2022-09-24,80640,161415,Center Street PAC,2022-09-11,13,542.0,,DEM,4.0,0.9504384952922168
w45_equal_all,2022,8925,GA,2022-09-24,80631,161343,Quinnipiac University,2022-09-10,14,1278.0,,NA,6.0,1.4594519519326423
w45_equal_all,2022,8925,GA,2022-09-24,80692,161653,Marist College,2022-09-14,10,1202.0,,NA,5.0,1.4153915830374764
w45_equal_all,2022,8925,GA,2022-09-24,80691,161652,University of Georgia School of Public and International Affairs,2022-09-11,13,861.0,,NA,-1.5999999999999943,1.1979148550710939
w45_equal_all,2022,8925,GA,2022-09-24,80718,161751,YouGov,2022-09-16,8,1178.0,,NA,2.0,1.4011899704655801
w45_equal_all,2022,8925,GA,2022-09-24,80756,161957,Data for Progress,2022-09-18,6,1006.0,,NA,0.0,1.2948616399703354
w45_equal_all,2022,8925,GA,2022-09-24,80852,162609,Beacon Research/Shaw & Co. Research,2022-09-24,0,1011.0,,NA,5.0,1.298075498574717
w45_equal_all,2022,8920,AR,2022-09-24,80677,161487,Hendrix College,2022-09-12,12,835.0,,NA,-13.0,1.179689224612426
