president,start_date,end_date,approval,disapproval,unsure,source_url
George W. Bush,01/09/2009,01/11/2009,34.0,61.0,5,https://www.presidency.ucsb.edu/statistics/data/george-w-bush-public-approval
George W. Bush,12/12/2008,12/14/2008,29.0,67.0,4,https://www.presidency.ucsb.edu/statistics/data/george-w-bush-public-approval
George W. Bush,12/04/2008,12/07/2008,32.0,61.0,7,https://www.presidency.ucsb.edu/statistics/data/george-w-bush-public-approval
George W. Bush,11/13/2008,11/16/2008,29.0,66.0,5,https://www.presidency.ucsb.edu/statistics/data/george-w-bush-public-approval
George W. Bush,11/07/2008,11/09/2008,28.0,68.0,4,https://www.presidency.ucsb.edu/statistics/data/george-w-bush-public-approval
George W. Bush,10/31/2008,11/02/2008,25.0,70.0,5,https://www.presidency.ucsb.edu/statistics/data/george-w-bush-public-approval
George W. Bush,10/23/2008,10/26/2008,31.0,66.0,3,https://www.presidency.ucsb.edu/statistics/data/george-w-bush-public-approval
George W. Bush,10/10/2008,10/12/2008,25.0,71.0,4,https://www.presidency.ucsb.edu/statistics/data/george-w-bush-public-approval
George W. Bush,10/03/2008,10/05/2008,25.0,70.0,5,https://www.presidency.ucsb.edu/statistics/data/george-w-bush-public-approval
George W. Bush,09/26/2008,09/27/2008,27.0,69.0,4,https://www.presidency.ucsb.edu/statistics/data/george-w-bush-public-approval
George W. Bush,09/08/2008,09/11/2008,31.0,65.0,4,https://www.presidency.ucsb.edu/statistics/data/george-w-bush-public-approval
George W. Bush,09/05/2008,09/07/2008,33.0,64.0,3,https://www.presidency.ucsb.edu/statistics/data/george-w-bush-public-approval
George W. Bush,08/21/2008,08/23/2008,29.0,66.0,5,https://www.presidency.ucsb.edu/statistics/data/george-w-bush-public-approval
George W. Bush,08/07/2008,08/10/2008,33.0,61.0,6,https://www.presidency.ucsb.edu/statistics/data/george-w-bush-public-approval
George W. Bush,07/25/2008,07/27/2008,32.0,65.0,3,https://www.presidency.ucsb.edu/statistics/data/george-w-bush-public-approval
George W. Bush,07/10/2008,07/13/2008,31.0,61.0,8,https://www.presidency.ucsb.edu/statistics/data/george-w-bush-public-approval
George W. Bush,06/15/2008,06/19/2008,28.0,68.0,4,https://www.presidency.ucsb.edu/statistics/data/george-w-bush-public-approval
George W. Bush,06/09/2008,06/12/2008,30.0,64.0,6,https://www.presidency.ucsb.edu/statistics/data/george-w-bush-public-approval
George W. Bush,05/30/2008,06/01/2008,28.0,68.0,4,https://www.presidency.ucsb.edu/statistics/data/george-w-bush-public-approval
George W. Bush,05/08/2008,05/11/2008,29.0,65.0,6,https://www.presidency.ucsb.edu/statistics/data/george-w-bush-public-approval
George W. Bush,05/01/2008,05/03/2008,28.0,67.0,5,https://www.presidency.ucsb.edu/statistics/data/george-w-bush-public-approval
George W. Bush,04/18/2008,04/20/2008,28.0,69.0,3,https://www.presidency.ucsb.edu/statistics/data/george-w-bush-public-approval
George W. Bush,04/06/2008,04/09/2008,28.0,67.0,5,https://www.presidency.ucsb.edu/statistics/data/george-w-bush-public-approval
George W. Bush,03/14/2008,03/16/2008,32.0,64.0,4,https://www.presidency.ucsb.edu/statistics/data/george-w-bush-public-approval
George W. Bush,03/06/2008,03/09/2008,32.0,64.0,4,https://www.presidency.ucsb.edu/statistics/data/george-w-bush-public-approval
George W. Bush,02/21/2008,02/24/2008,32.0,62.0,6,https://www.presidency.ucsb.edu/statistics/data/george-w-bush-public-approval
George W. Bush,02/11/2008,02/14/2008,31.0,65.0,4,https://www.presidency.ucsb.edu/statistics/data/george-w-bush-public-approval
George W. Bush,02/08/2008,02/10/2008,33.0,61.0,6,https://www.presidency.ucsb.edu/statistics/data/george-w-bush-public-approval
George W. Bush,01/30/2008,02/02/2008,34.0,61.0,5,https://www.presidency.ucsb.edu/statistics/data/george-w-bush-public-approval
George W. Bush,1/10/2008,1/13/2008,34.0,60.0,6,https://www.presidency.ucsb.edu/statistics/data/george-w-bush-public-approval
George W. Bush,01/04/2008,01/06/2008,32.0,64.0,4,https://www.presidency.ucsb.edu/statistics/data/george-w-bush-public-approval
George W. Bush,12/14/2007,12/16/2007,32.0,65.0,3,https://www.presidency.ucsb.edu/statistics/data/george-w-bush-public-approval
George W. Bush,12/6/2007,12/9/2007,37.0,57.0,6,https://www.presidency.ucsb.edu/statistics/data/george-w-bush-public-approval
George W. Bush,11/30/2007,12/02/2007,34.0,62.0,4,https://www.presidency.ucsb.edu/statistics/data/george-w-bush-public-approval
George W. Bush,11/11/2007,11/14/2007,32.0,61.0,7,https://www.presidency.ucsb.edu/statistics/data/george-w-bush-public-approval
George W. Bush,11/02/2007,11/04/2007,31.0,64.0,5,https://www.presidency.ucsb.edu/statistics/data/george-w-bush-public-approval
George W. Bush,10/12/2007,10/14/2007,32.0,64.0,4,https://www.presidency.ucsb.edu/statistics/data/george-w-bush-public-approval
George W. Bush,10/04/2007,10/07/2007,32.0,64.0,4,https://www.presidency.ucsb.edu/statistics/data/george-w-bush-public-approval
George W. Bush,09/14/2007,09/16/2007,36.0,62.0,2,https://www.presidency.ucsb.edu/statistics/data/george-w-bush-public-approval
George W. Bush,09/07/2007,09/08/2007,33.0,62.0,5,https://www.presidency.ucsb.edu/statistics/data/george-w-bush-public-approval
George W. Bush,08/13/2007,08/16/2007,32.0,63.0,5,https://www.presidency.ucsb.edu/statistics/data/george-w-bush-public-approval
George W. Bush,08/03/2007,08/05/2007,34.0,62.0,4,https://www.presidency.ucsb.edu/statistics/data/george-w-bush-public-approval
George W. Bush,07/12/2007,07/15/2007,31.0,63.0,6,https://www.presidency.ucsb.edu/statistics/data/george-w-bush-public-approval
George W. Bush,07/06/2007,07/08/2007,29.0,66.0,5,https://www.presidency.ucsb.edu/statistics/data/george-w-bush-public-approval
George W. Bush,06/11/2007,06/14/2007,32.0,65.0,3,https://www.presidency.ucsb.edu/statistics/data/george-w-bush-public-approval
George W. Bush,06/01/2007,06/03/2007,32.0,62.0,6,https://www.presidency.ucsb.edu/statistics/data/george-w-bush-public-approval
George W. Bush,05/10/2007,05/13/2007,33.0,62.0,5,https://www.presidency.ucsb.edu/statistics/data/george-w-bush-public-approval
George W. Bush,05/04/2007,05/06/2007,34.0,63.0,3,https://www.presidency.ucsb.edu/statistics/data/george-w-bush-public-approval
George W. Bush,04/13/2007,04/15/2007,36.0,60.0,4,https://www.presidency.ucsb.edu/statistics/data/george-w-bush-public-approval
George W. Bush,04/02/2007,04/05/2007,38.0,58.0,4,https://www.presidency.ucsb.edu/statistics/data/george-w-bush-public-approval
George W. Bush,03/23/2007,03/25/2007,34.0,62.0,4,https://www.presidency.ucsb.edu/statistics/data/george-w-bush-public-approval
George W. Bush,03/11/2007,03/14/2007,35.0,61.0,4,https://www.presidency.ucsb.edu/statistics/data/george-w-bush-public-approval
George W. Bush,03/02/2007,03/04/2007,33.0,63.0,4,https://www.presidency.ucsb.edu/statistics/data/george-w-bush-public-approval
George W. Bush,02/09/2007,02/11/2007,37.0,59.0,4,https://www.presidency.ucsb.edu/statistics/data/george-w-bush-public-approval
George W. Bush,02/01/2007,02/04/2007,32.0,65.0,3,https://www.presidency.ucsb.edu/statistics/data/george-w-bush-public-approval
George W. Bush,1/15/2007,1/18/2007,36.0,61.0,3,https://www.presidency.ucsb.edu/statistics/data/george-w-bush-public-approval
George W. Bush,01/12/2007,1/14/2007,34.0,63.0,3,https://www.presidency.ucsb.edu/statistics/data/george-w-bush-public-approval
George W. Bush,01/05/2007,1/7/2007,37.0,59.0,4,https://www.presidency.ucsb.edu/statistics/data/george-w-bush-public-approval
George W. Bush,12/11/2006,12/14/2006,35.0,61.0,4,https://www.presidency.ucsb.edu/statistics/data/george-w-bush-public-approval
George W. Bush,12/8/2006,12/10/2006,38.0,59.0,3,https://www.presidency.ucsb.edu/statistics/data/george-w-bush-public-approval
George W. Bush,11/09/2006,11/12/2006,37.0,62.0,1,https://www.presidency.ucsb.edu/statistics/data/george-w-bush-public-approval
George W. Bush,11/02/2006,11/05/2006,38.0,56.0,6,https://www.presidency.ucsb.edu/statistics/data/george-w-bush-public-approval
George W. Bush,10/20/2006,10/22/2006,37.0,58.0,5,https://www.presidency.ucsb.edu/statistics/data/george-w-bush-public-approval
George W. Bush,10/09/2006,10/12/2006,37.0,57.0,6,https://www.presidency.ucsb.edu/statistics/data/george-w-bush-public-approval
George W. Bush,10/06/2006,10/08/2006,37.0,59.0,4,https://www.presidency.ucsb.edu/statistics/data/george-w-bush-public-approval
George W. Bush,09/15/2006,09/17/2006,44.0,51.0,5,https://www.presidency.ucsb.edu/statistics/data/george-w-bush-public-approval
George W. Bush,09/07/2006,09/10/2006,39.0,56.0,5,https://www.presidency.ucsb.edu/statistics/data/george-w-bush-public-approval
George W. Bush,08/18/2006,08/20/2006,42.0,54.0,4,https://www.presidency.ucsb.edu/statistics/data/george-w-bush-public-approval
George W. Bush,08/07/2006,08/10/2006,37.0,59.0,4,https://www.presidency.ucsb.edu/statistics/data/george-w-bush-public-approval
George W. Bush,07/28/2006,07/30/2006,40.0,56.0,4,https://www.presidency.ucsb.edu/statistics/data/george-w-bush-public-approval
George W. Bush,07/21/2006,07/23/2006,37.0,59.0,4,https://www.presidency.ucsb.edu/statistics/data/george-w-bush-public-approval
George W. Bush,07/06/2006,07/09/2006,40.0,55.0,5,https://www.presidency.ucsb.edu/statistics/data/george-w-bush-public-approval
George W. Bush,06/23/2006,06/25/2006,37.0,60.0,3,https://www.presidency.ucsb.edu/statistics/data/george-w-bush-public-approval
George W. Bush,06/09/2006,06/11/2006,38.0,56.0,6,https://www.presidency.ucsb.edu/statistics/data/george-w-bush-public-approval
George W. Bush,06/01/2006,06/04/2006,36.0,57.0,7,https://www.presidency.ucsb.edu/statistics/data/george-w-bush-public-approval
George W. Bush,05/08/2006,05/11/2006,33.0,61.0,6,https://www.presidency.ucsb.edu/statistics/data/george-w-bush-public-approval
George W. Bush,05/05/2006,05/07/2006,31.0,61.0,8,https://www.presidency.ucsb.edu/statistics/data/george-w-bush-public-approval
George W. Bush,04/28/2006,04/30/2006,34.0,65.0,1,https://www.presidency.ucsb.edu/statistics/data/george-w-bush-public-approval
George W. Bush,04/10/2006,04/13/2006,36.0,63.0,1,https://www.presidency.ucsb.edu/statistics/data/george-w-bush-public-approval
George W. Bush,04/07/2006,04/09/2006,37.0,60.0,3,https://www.presidency.ucsb.edu/statistics/data/george-w-bush-public-approval
George W. Bush,03/13/2006,03/16/2006,37.0,59.0,4,https://www.presidency.ucsb.edu/statistics/data/george-w-bush-public-approval
George W. Bush,03/10/2006,03/12/2006,36.0,60.0,4,https://www.presidency.ucsb.edu/statistics/data/george-w-bush-public-approval
George W. Bush,02/28/2006,03/01/2006,38.0,60.0,2,https://www.presidency.ucsb.edu/statistics/data/george-w-bush-public-approval
George W. Bush,02/09/2006,02/12/2006,39.0,56.0,5,https://www.presidency.ucsb.edu/statistics/data/george-w-bush-public-approval
George W. Bush,02/06/2006,02/09/2006,42.0,55.0,3,https://www.presidency.ucsb.edu/statistics/data/george-w-bush-public-approval
George W. Bush,1/20/2006,1/22/2006,43.0,54.0,3,https://www.presidency.ucsb.edu/statistics/data/george-w-bush-public-approval
George W. Bush,1/9/2006,1/12/2006,43.0,53.0,4,https://www.presidency.ucsb.edu/statistics/data/george-w-bush-public-approval
George W. Bush,01/06/2006,1/8/2006,43.0,54.0,3,https://www.presidency.ucsb.edu/statistics/data/george-w-bush-public-approval
George W. Bush,12/19/2005,12/22/2005,43.0,53.0,4,https://www.presidency.ucsb.edu/statistics/data/george-w-bush-public-approval
George W. Bush,12/16/2005,12/18/2005,41.0,56.0,3,https://www.presidency.ucsb.edu/statistics/data/george-w-bush-public-approval
George W. Bush,12/9/2005,12/11/2005,42.0,55.0,3,https://www.presidency.ucsb.edu/statistics/data/george-w-bush-public-approval
George W. Bush,12/05/2005,12/8/2005,43.0,52.0,5,https://www.presidency.ucsb.edu/statistics/data/george-w-bush-public-approval
George W. Bush,11/17/2005,11/20/2005,38.0,57.0,5,https://www.presidency.ucsb.edu/statistics/data/george-w-bush-public-approval
George W. Bush,11/11/2005,11/13/2005,37.0,60.0,3,https://www.presidency.ucsb.edu/statistics/data/george-w-bush-public-approval
George W. Bush,11/7/2005,11/10/2005,40.0,55.0,5,https://www.presidency.ucsb.edu/statistics/data/george-w-bush-public-approval
George W. Bush,10/28/2005,10/30/2005,41.0,56.0,3,https://www.presidency.ucsb.edu/statistics/data/george-w-bush-public-approval
George W. Bush,10/21/2005,10/23/2005,42.0,55.0,3,https://www.presidency.ucsb.edu/statistics/data/george-w-bush-public-approval
George W. Bush,10/13/2005,10/16/2005,39.0,58.0,3,https://www.presidency.ucsb.edu/statistics/data/george-w-bush-public-approval
George W. Bush,09/26/2005,09/28/2005,44.0,50.0,6,https://www.presidency.ucsb.edu/statistics/data/george-w-bush-public-approval
George W. Bush,09/16/2005,09/18/2005,40.0,58.0,2,https://www.presidency.ucsb.edu/statistics/data/george-w-bush-public-approval
George W. Bush,09/12/2005,09/15/2005,45.0,52.0,3,https://www.presidency.ucsb.edu/statistics/data/george-w-bush-public-approval
George W. Bush,09/08/2005,09/11/2005,46.0,51.0,3,https://www.presidency.ucsb.edu/statistics/data/george-w-bush-public-approval
George W. Bush,08/28/2005,08/30/2005,45.0,52.0,3,https://www.presidency.ucsb.edu/statistics/data/george-w-bush-public-approval
George W. Bush,08/22/2005,08/25/2005,40.0,58.0,2,https://www.presidency.ucsb.edu/statistics/data/george-w-bush-public-approval
George W. Bush,08/08/2005,08/11/2005,45.0,51.0,4,https://www.presidency.ucsb.edu/statistics/data/george-w-bush-public-approval
George W. Bush,08/05/2005,08/07/2005,45.0,51.0,4,https://www.presidency.ucsb.edu/statistics/data/george-w-bush-public-approval
George W. Bush,07/25/2005,07/28/2005,44.0,51.0,5,https://www.presidency.ucsb.edu/statistics/data/george-w-bush-public-approval
George W. Bush,07/22/2005,07/24/2005,49.0,48.0,3,https://www.presidency.ucsb.edu/statistics/data/george-w-bush-public-approval
George W. Bush,07/07/2005,07/10/2005,49.0,48.0,3,https://www.presidency.ucsb.edu/statistics/data/george-w-bush-public-approval
George W. Bush,06/29/2005,06/30/2005,46.0,51.0,3,https://www.presidency.ucsb.edu/statistics/data/george-w-bush-public-approval
George W. Bush,06/24/2005,06/26/2005,45.0,53.0,2,https://www.presidency.ucsb.edu/statistics/data/george-w-bush-public-approval
George W. Bush,06/16/2005,06/19/2005,47.0,51.0,2,https://www.presidency.ucsb.edu/statistics/data/george-w-bush-public-approval
George W. Bush,06/06/2005,06/08/2005,47.0,49.0,4,https://www.presidency.ucsb.edu/statistics/data/george-w-bush-public-approval
George W. Bush,05/23/2005,05/26/2005,48.0,47.0,5,https://www.presidency.ucsb.edu/statistics/data/george-w-bush-public-approval
George W. Bush,05/20/2005,05/22/2005,46.0,50.0,4,https://www.presidency.ucsb.edu/statistics/data/george-w-bush-public-approval
George W. Bush,05/02/2005,05/05/2005,50.0,45.0,5,https://www.presidency.ucsb.edu/statistics/data/george-w-bush-public-approval
George W. Bush,04/29/2005,05/01/2005,48.0,49.0,3,https://www.presidency.ucsb.edu/statistics/data/george-w-bush-public-approval
George W. Bush,04/18/2005,04/21/2005,48.0,49.0,3,https://www.presidency.ucsb.edu/statistics/data/george-w-bush-public-approval
George W. Bush,04/04/2005,04/07/2005,50.0,45.0,5,https://www.presidency.ucsb.edu/statistics/data/george-w-bush-public-approval
George W. Bush,04/01/2005,04/02/2005,48.0,48.0,4,https://www.presidency.ucsb.edu/statistics/data/george-w-bush-public-approval
George W. Bush,03/21/2005,03/23/2005,45.0,49.0,6,https://www.presidency.ucsb.edu/statistics/data/george-w-bush-public-approval
George W. Bush,03/18/2005,03/20/2005,52.0,44.0,4,https://www.presidency.ucsb.edu/statistics/data/george-w-bush-public-approval
George W. Bush,03/07/2005,03/10/2005,52.0,44.0,4,https://www.presidency.ucsb.edu/statistics/data/george-w-bush-public-approval
George W. Bush,2/25/2005,2/27/2005,52.0,45.0,3,https://www.presidency.ucsb.edu/statistics/data/george-w-bush-public-approval
George W. Bush,02/21/2005,02/24/2005,51.0,45.0,4,https://www.presidency.ucsb.edu/statistics/data/george-w-bush-public-approval
George W. Bush,02/07/2005,2/10/2005,49.0,48.0,3,https://www.presidency.ucsb.edu/statistics/data/george-w-bush-public-approval
George W. Bush,2/4/2005,2/6/2005,57.0,40.0,3,https://www.presidency.ucsb.edu/statistics/data/george-w-bush-public-approval
George W. Bush,1/14/2005,1/16/2005,51.0,46.0,3,https://www.presidency.ucsb.edu/statistics/data/george-w-bush-public-approval
George W. Bush,1/7/2005,1/9/2005,52.0,44.0,4,https://www.presidency.ucsb.edu/statistics/data/george-w-bush-public-approval
George W. Bush,1/3/2005,1/5/2005,52.0,44.0,4,https://www.presidency.ucsb.edu/statistics/data/george-w-bush-public-approval
George W. Bush,12/17/2004,12/19/2004,49.0,46.0,5,https://www.presidency.ucsb.edu/statistics/data/george-w-bush-public-approval
George W. Bush,12/05/2004,12/08/2004,53.0,44.0,3,https://www.presidency.ucsb.edu/statistics/data/george-w-bush-public-approval
George W. Bush,11/19/2004,11/21/2004,55.0,42.0,3,https://www.presidency.ucsb.edu/statistics/data/george-w-bush-public-approval
George W. Bush,11/07/2004,11/10/2004,53.0,44.0,3,https://www.presidency.ucsb.edu/statistics/data/george-w-bush-public-approval
George W. Bush,10/29/2004,10/31/2004,48.0,47.0,5,https://www.presidency.ucsb.edu/statistics/data/george-w-bush-public-approval
George W. Bush,10/22/2004,10/24/2004,51.0,46.0,3,https://www.presidency.ucsb.edu/statistics/data/george-w-bush-public-approval
George W. Bush,10/14/2004,10/16/2004,51.0,47.0,2,https://www.presidency.ucsb.edu/statistics/data/george-w-bush-public-approval
George W. Bush,10/11/2004,10/14/2004,48.0,49.0,3,https://www.presidency.ucsb.edu/statistics/data/george-w-bush-public-approval
George W. Bush,10/09/2004,10/10/2004,47.0,49.0,4,https://www.presidency.ucsb.edu/statistics/data/george-w-bush-public-approval
George W. Bush,10/01/2004,10/03/2004,50.0,48.0,2,https://www.presidency.ucsb.edu/statistics/data/george-w-bush-public-approval
George W. Bush,09/24/2004,09/26/2004,54.0,44.0,2,https://www.presidency.ucsb.edu/statistics/data/george-w-bush-public-approval
George W. Bush,09/13/2004,09/15/2004,52.0,45.0,3,https://www.presidency.ucsb.edu/statistics/data/george-w-bush-public-approval
George W. Bush,09/03/2004,09/05/2004,52.0,46.0,2,https://www.presidency.ucsb.edu/statistics/data/george-w-bush-public-approval
George W. Bush,08/23/2004,08/25/2004,49.0,47.0,4,https://www.presidency.ucsb.edu/statistics/data/george-w-bush-public-approval
George W. Bush,08/09/2004,08/11/2004,51.0,46.0,3,https://www.presidency.ucsb.edu/statistics/data/george-w-bush-public-approval
George W. Bush,07/30/2004,08/01/2004,48.0,49.0,3,https://www.presidency.ucsb.edu/statistics/data/george-w-bush-public-approval
George W. Bush,07/19/2004,07/21/2004,49.0,47.0,4,https://www.presidency.ucsb.edu/statistics/data/george-w-bush-public-approval
George W. Bush,07/08/2004,07/11/2004,47.0,49.0,4,https://www.presidency.ucsb.edu/statistics/data/george-w-bush-public-approval
George W. Bush,06/21/2004,06/23/2004,48.0,49.0,3,https://www.presidency.ucsb.edu/statistics/data/george-w-bush-public-approval
George W. Bush,06/03/2004,06/06/2004,49.0,49.0,2,https://www.presidency.ucsb.edu/statistics/data/george-w-bush-public-approval
George W. Bush,05/21/2004,05/23/2004,47.0,49.0,4,https://www.presidency.ucsb.edu/statistics/data/george-w-bush-public-approval
George W. Bush,05/07/2004,05/09/2004,46.0,51.0,3,https://www.presidency.ucsb.edu/statistics/data/george-w-bush-public-approval
George W. Bush,05/02/2004,05/04/2004,49.0,48.0,3,https://www.presidency.ucsb.edu/statistics/data/george-w-bush-public-approval
George W. Bush,04/16/2004,04/18/2004,52.0,45.0,3,https://www.presidency.ucsb.edu/statistics/data/george-w-bush-public-approval
George W. Bush,04/05/2004,04/08/2004,52.0,45.0,3,https://www.presidency.ucsb.edu/statistics/data/george-w-bush-public-approval
George W. Bush,03/26/2004,03/28/2004,53.0,44.0,3,https://www.presidency.ucsb.edu/statistics/data/george-w-bush-public-approval
George W. Bush,03/08/2004,03/11/2004,50.0,47.0,3,https://www.presidency.ucsb.edu/statistics/data/george-w-bush-public-approval
George W. Bush,03/05/2004,03/07/2004,49.0,48.0,3,https://www.presidency.ucsb.edu/statistics/data/george-w-bush-public-approval
George W. Bush,2/16/2004,2/17/2004,51.0,46.0,3,https://www.presidency.ucsb.edu/statistics/data/george-w-bush-public-approval
George W. Bush,2/9/2004,2/12/2004,51.0,46.0,3,https://www.presidency.ucsb.edu/statistics/data/george-w-bush-public-approval
George W. Bush,2/6/2004,2/8/2004,52.0,44.0,4,https://www.presidency.ucsb.edu/statistics/data/george-w-bush-public-approval
George W. Bush,01/29/2004,02/01/2004,49.0,48.0,3,https://www.presidency.ucsb.edu/statistics/data/george-w-bush-public-approval
George W. Bush,1/12/2004,1/15/2004,53.0,44.0,3,https://www.presidency.ucsb.edu/statistics/data/george-w-bush-public-approval
George W. Bush,1/9/2004,1/11/2004,59.0,38.0,3,https://www.presidency.ucsb.edu/statistics/data/george-w-bush-public-approval
George W. Bush,1/2/2004,1/5/2004,60.0,35.0,5,https://www.presidency.ucsb.edu/statistics/data/george-w-bush-public-approval
George W. Bush,12/15/2003,12/16/2003,63.0,34.0,3,https://www.presidency.ucsb.edu/statistics/data/george-w-bush-public-approval
George W. Bush,12/11/2003,12/14/2003,56.0,41.0,3,https://www.presidency.ucsb.edu/statistics/data/george-w-bush-public-approval
George W. Bush,12/05/2003,12/07/2003,55.0,43.0,2,https://www.presidency.ucsb.edu/statistics/data/george-w-bush-public-approval
George W. Bush,11/14/2003,11/16/2003,50.0,47.0,3,https://www.presidency.ucsb.edu/statistics/data/george-w-bush-public-approval
George W. Bush,11/10/2003,11/12/2003,51.0,45.0,4,https://www.presidency.ucsb.edu/statistics/data/george-w-bush-public-approval
George W. Bush,11/03/2003,11/05/2003,54.0,43.0,3,https://www.presidency.ucsb.edu/statistics/data/george-w-bush-public-approval
George W. Bush,10/24/2003,10/26/2003,53.0,42.0,5,https://www.presidency.ucsb.edu/statistics/data/george-w-bush-public-approval
George W. Bush,10/10/2003,10/12/2003,56.0,40.0,4,https://www.presidency.ucsb.edu/statistics/data/george-w-bush-public-approval
George W. Bush,10/06/2003,10/08/2003,55.0,42.0,3,https://www.presidency.ucsb.edu/statistics/data/george-w-bush-public-approval
George W. Bush,09/19/2003,09/21/2003,50.0,47.0,3,https://www.presidency.ucsb.edu/statistics/data/george-w-bush-public-approval
George W. Bush,09/08/2003,09/10/2003,52.0,43.0,5,https://www.presidency.ucsb.edu/statistics/data/george-w-bush-public-approval
George W. Bush,08/25/2003,08/26/2003,59.0,37.0,4,https://www.presidency.ucsb.edu/statistics/data/george-w-bush-public-approval
George W. Bush,08/04/2003,08/06/2003,60.0,36.0,4,https://www.presidency.ucsb.edu/statistics/data/george-w-bush-public-approval
George W. Bush,07/25/2003,07/27/2003,58.0,38.0,4,https://www.presidency.ucsb.edu/statistics/data/george-w-bush-public-approval
George W. Bush,07/18/2003,07/20/2003,59.0,38.0,3,https://www.presidency.ucsb.edu/statistics/data/george-w-bush-public-approval
George W. Bush,07/07/2003,07/09/2003,62.0,34.0,4,https://www.presidency.ucsb.edu/statistics/data/george-w-bush-public-approval
George W. Bush,06/27/2003,06/29/2003,61.0,36.0,3,https://www.presidency.ucsb.edu/statistics/data/george-w-bush-public-approval
George W. Bush,06/12/2003,06/15/2003,63.0,33.0,4,https://www.presidency.ucsb.edu/statistics/data/george-w-bush-public-approval
George W. Bush,06/09/2003,06/10/2003,62.0,34.0,4,https://www.presidency.ucsb.edu/statistics/data/george-w-bush-public-approval
George W. Bush,05/30/2003,06/01/2003,64.0,32.0,4,https://www.presidency.ucsb.edu/statistics/data/george-w-bush-public-approval
George W. Bush,05/19/2003,05/21/2003,66.0,30.0,4,https://www.presidency.ucsb.edu/statistics/data/george-w-bush-public-approval
George W. Bush,05/05/2003,05/07/2003,69.0,28.0,3,https://www.presidency.ucsb.edu/statistics/data/george-w-bush-public-approval
George W. Bush,04/22/2003,04/23/2003,70.0,26.0,4,https://www.presidency.ucsb.edu/statistics/data/george-w-bush-public-approval
George W. Bush,04/14/2003,04/16/2003,71.0,24.0,5,https://www.presidency.ucsb.edu/statistics/data/george-w-bush-public-approval
George W. Bush,04/07/2003,04/09/2003,69.0,26.0,5,https://www.presidency.ucsb.edu/statistics/data/george-w-bush-public-approval
George W. Bush,04/05/2003,04/06/2003,70.0,27.0,3,https://www.presidency.ucsb.edu/statistics/data/george-w-bush-public-approval
George W. Bush,03/29/2003,03/30/2003,71.0,26.0,3,https://www.presidency.ucsb.edu/statistics/data/george-w-bush-public-approval
George W. Bush,03/24/2003,03/25/2003,69.0,27.0,4,https://www.presidency.ucsb.edu/statistics/data/george-w-bush-public-approval
George W. Bush,03/22/2003,03/23/2003,71.0,25.0,4,https://www.presidency.ucsb.edu/statistics/data/george-w-bush-public-approval
George W. Bush,03/14/2003,03/15/2003,58.0,38.0,4,https://www.presidency.ucsb.edu/statistics/data/george-w-bush-public-approval
George W. Bush,03/03/2003,03/05/2003,57.0,37.0,6,https://www.presidency.ucsb.edu/statistics/data/george-w-bush-public-approval
George W. Bush,02/24/2003,02/26/2003,57.0,37.0,6,https://www.presidency.ucsb.edu/statistics/data/george-w-bush-public-approval
George W. Bush,2/17/2003,2/19/2003,58.0,37.0,5,https://www.presidency.ucsb.edu/statistics/data/george-w-bush-public-approval
George W. Bush,2/7/2003,2/9/2003,61.0,34.0,5,https://www.presidency.ucsb.edu/statistics/data/george-w-bush-public-approval
George W. Bush,02/03/2003,02/06/2003,59.0,35.0,6,https://www.presidency.ucsb.edu/statistics/data/george-w-bush-public-approval
George W. Bush,1/31/2003,2/2/2003,61.0,35.0,4,https://www.presidency.ucsb.edu/statistics/data/george-w-bush-public-approval
George W. Bush,01/23/2003,1/25/2003,60.0,36.0,4,https://www.presidency.ucsb.edu/statistics/data/george-w-bush-public-approval
George W. Bush,1/20/2003,01/22/2003,58.0,36.0,6,https://www.presidency.ucsb.edu/statistics/data/george-w-bush-public-approval
George W. Bush,1/13/2003,1/16/2003,61.0,34.0,5,https://www.presidency.ucsb.edu/statistics/data/george-w-bush-public-approval
George W. Bush,1/10/2003,1/12/2003,58.0,37.0,5,https://www.presidency.ucsb.edu/statistics/data/george-w-bush-public-approval
George W. Bush,01/03/2003,01/05/2003,63.0,32.0,5,https://www.presidency.ucsb.edu/statistics/data/george-w-bush-public-approval
George W. Bush,12/19/2002,12/22/2002,61.0,32.0,7,https://www.presidency.ucsb.edu/statistics/data/george-w-bush-public-approval
George W. Bush,12/16/2002,12/17/2002,63.0,33.0,4,https://www.presidency.ucsb.edu/statistics/data/george-w-bush-public-approval
George W. Bush,12/09/2002,12/10/2002,63.0,32.0,5,https://www.presidency.ucsb.edu/statistics/data/george-w-bush-public-approval
George W. Bush,12/05/2002,12/08/2002,64.0,29.0,7,https://www.presidency.ucsb.edu/statistics/data/george-w-bush-public-approval
George W. Bush,11/22/2002,11/24/2002,65.0,28.0,7,https://www.presidency.ucsb.edu/statistics/data/george-w-bush-public-approval
George W. Bush,11/11/2002,11/14/2002,66.0,26.0,8,https://www.presidency.ucsb.edu/statistics/data/george-w-bush-public-approval
George W. Bush,11/08/2002,11/10/2002,68.0,27.0,5,https://www.presidency.ucsb.edu/statistics/data/george-w-bush-public-approval
George W. Bush,10/31/2002,11/03/2002,63.0,29.0,8,https://www.presidency.ucsb.edu/statistics/data/george-w-bush-public-approval
George W. Bush,10/21/2002,10/22/2002,67.0,28.0,5,https://www.presidency.ucsb.edu/statistics/data/george-w-bush-public-approval
George W. Bush,10/14/2002,10/17/2002,62.0,31.0,7,https://www.presidency.ucsb.edu/statistics/data/george-w-bush-public-approval
George W. Bush,10/03/2002,10/06/2002,67.0,28.0,5,https://www.presidency.ucsb.edu/statistics/data/george-w-bush-public-approval
George W. Bush,09/23/2002,09/26/2002,68.0,26.0,6,https://www.presidency.ucsb.edu/statistics/data/george-w-bush-public-approval
George W. Bush,09/20/2002,09/22/2002,66.0,30.0,4,https://www.presidency.ucsb.edu/statistics/data/george-w-bush-public-approval
George W. Bush,09/13/2002,09/16/2002,70.0,26.0,4,https://www.presidency.ucsb.edu/statistics/data/george-w-bush-public-approval
George W. Bush,09/05/2002,09/08/2002,66.0,30.0,4,https://www.presidency.ucsb.edu/statistics/data/george-w-bush-public-approval
George W. Bush,09/02/2002,09/04/2002,66.0,29.0,5,https://www.presidency.ucsb.edu/statistics/data/george-w-bush-public-approval
George W. Bush,08/19/2002,08/21/2002,65.0,28.0,7,https://www.presidency.ucsb.edu/statistics/data/george-w-bush-public-approval
George W. Bush,08/05/2002,08/08/2002,68.0,26.0,6,https://www.presidency.ucsb.edu/statistics/data/george-w-bush-public-approval
George W. Bush,07/29/2002,07/31/2002,71.0,23.0,6,https://www.presidency.ucsb.edu/statistics/data/george-w-bush-public-approval
George W. Bush,07/26/2002,07/28/2002,69.0,26.0,5,https://www.presidency.ucsb.edu/statistics/data/george-w-bush-public-approval
George W. Bush,07/22/2002,07/24/2002,69.0,24.0,7,https://www.presidency.ucsb.edu/statistics/data/george-w-bush-public-approval
George W. Bush,07/09/2002,07/11/2002,73.0,21.0,6,https://www.presidency.ucsb.edu/statistics/data/george-w-bush-public-approval
George W. Bush,07/05/2002,07/08/2002,76.0,18.0,6,https://www.presidency.ucsb.edu/statistics/data/george-w-bush-public-approval
George W. Bush,06/28/2002,06/30/2002,76.0,19.0,5,https://www.presidency.ucsb.edu/statistics/data/george-w-bush-public-approval
George W. Bush,06/21/2002,06/23/2002,73.0,21.0,6,https://www.presidency.ucsb.edu/statistics/data/george-w-bush-public-approval
George W. Bush,06/17/2002,06/19/2002,74.0,20.0,6,https://www.presidency.ucsb.edu/statistics/data/george-w-bush-public-approval
George W. Bush,06/07/2002,06/08/2002,74.0,18.0,8,https://www.presidency.ucsb.edu/statistics/data/george-w-bush-public-approval
George W. Bush,06/03/2002,06/06/2002,70.0,23.0,7,https://www.presidency.ucsb.edu/statistics/data/george-w-bush-public-approval
George W. Bush,05/28/2002,05/29/2002,77.0,17.0,6,https://www.presidency.ucsb.edu/statistics/data/george-w-bush-public-approval
George W. Bush,05/20/2002,05/22/2002,76.0,17.0,7,https://www.presidency.ucsb.edu/statistics/data/george-w-bush-public-approval
George W. Bush,05/06/2002,05/09/2002,76.0,19.0,5,https://www.presidency.ucsb.edu/statistics/data/george-w-bush-public-approval
George W. Bush,4/29/2002,5/1/2002,77.0,20.0,3,https://www.presidency.ucsb.edu/statistics/data/george-w-bush-public-approval
George W. Bush,04/22/2002,04/24/2002,77.0,17.0,6,https://www.presidency.ucsb.edu/statistics/data/george-w-bush-public-approval
George W. Bush,4/8/2002,4/11/2002,75.0,20.0,5,https://www.presidency.ucsb.edu/statistics/data/george-w-bush-public-approval
George W. Bush,04/05/2002,4/7/2002,76.0,19.0,5,https://www.presidency.ucsb.edu/statistics/data/george-w-bush-public-approval
George W. Bush,03/22/2002,3/24/2002,79.0,17.0,4,https://www.presidency.ucsb.edu/statistics/data/george-w-bush-public-approval
George W. Bush,03/18/2002,03/20/2002,79.0,16.0,5,https://www.presidency.ucsb.edu/statistics/data/george-w-bush-public-approval
George W. Bush,3/8/2002,3/9/2002,80.0,14.0,6,https://www.presidency.ucsb.edu/statistics/data/george-w-bush-public-approval
George W. Bush,3/4/2002,3/7/2002,77.0,18.0,5,https://www.presidency.ucsb.edu/statistics/data/george-w-bush-public-approval
George W. Bush,03/01/2002,03/03/2002,81.0,14.0,5,https://www.presidency.ucsb.edu/statistics/data/george-w-bush-public-approval
George W. Bush,02/08/2002,02/10/2002,82.0,14.0,4,https://www.presidency.ucsb.edu/statistics/data/george-w-bush-public-approval
George W. Bush,02/04/2002,02/06/2002,82.0,14.0,4,https://www.presidency.ucsb.edu/statistics/data/george-w-bush-public-approval
George W. Bush,01/25/2002,01/27/2002,84.0,13.0,3,https://www.presidency.ucsb.edu/statistics/data/george-w-bush-public-approval
George W. Bush,01/11/2002,01/14/2002,83.0,13.0,4,https://www.presidency.ucsb.edu/statistics/data/george-w-bush-public-approval
George W. Bush,01/07/2002,01/09/2002,84.0,12.0,4,https://www.presidency.ucsb.edu/statistics/data/george-w-bush-public-approval
George W. Bush,12/14/2001,12/16/2001,86.0,11.0,3,https://www.presidency.ucsb.edu/statistics/data/george-w-bush-public-approval
George W. Bush,12/06/2001,12/09/2001,86.0,10.0,4,https://www.presidency.ucsb.edu/statistics/data/george-w-bush-public-approval
George W. Bush,11/26/2001,11/27/2001,87.0,8.0,5,https://www.presidency.ucsb.edu/statistics/data/george-w-bush-public-approval
George W. Bush,11/08/2001,11/11/2001,87.0,9.0,4,https://www.presidency.ucsb.edu/statistics/data/george-w-bush-public-approval
George W. Bush,11/02/2001,11/04/2001,87.0,9.0,4,https://www.presidency.ucsb.edu/statistics/data/george-w-bush-public-approval
George W. Bush,10/19/2001,10/21/2001,88.0,9.0,3,https://www.presidency.ucsb.edu/statistics/data/george-w-bush-public-approval
George W. Bush,10/11/2001,10/14/2001,89.0,8.0,3,https://www.presidency.ucsb.edu/statistics/data/george-w-bush-public-approval
George W. Bush,10/05/2001,10/06/2001,87.0,10.0,3,https://www.presidency.ucsb.edu/statistics/data/george-w-bush-public-approval
George W. Bush,09/21/2001,09/22/2001,90.0,6.0,4,https://www.presidency.ucsb.edu/statistics/data/george-w-bush-public-approval
George W. Bush,09/14/2001,09/15/2001,86.0,10.0,4,https://www.presidency.ucsb.edu/statistics/data/george-w-bush-public-approval
George W. Bush,09/07/2001,09/10/2001,51.0,39.0,10,https://www.presidency.ucsb.edu/statistics/data/george-w-bush-public-approval
George W. Bush,08/24/2001,08/26/2001,55.0,36.0,9,https://www.presidency.ucsb.edu/statistics/data/george-w-bush-public-approval
George W. Bush,08/16/2001,08/19/2001,57.0,34.0,9,https://www.presidency.ucsb.edu/statistics/data/george-w-bush-public-approval
George W. Bush,08/10/2001,08/12/2001,57.0,35.0,8,https://www.presidency.ucsb.edu/statistics/data/george-w-bush-public-approval
George W. Bush,08/03/2001,08/05/2001,55.0,35.0,10,https://www.presidency.ucsb.edu/statistics/data/george-w-bush-public-approval
George W. Bush,07/19/2001,07/22/2001,56.0,33.0,11,https://www.presidency.ucsb.edu/statistics/data/george-w-bush-public-approval
George W. Bush,07/10/2001,07/11/2001,57.0,35.0,8,https://www.presidency.ucsb.edu/statistics/data/george-w-bush-public-approval
George W. Bush,06/28/2001,07/01/2001,52.0,34.0,14,https://www.presidency.ucsb.edu/statistics/data/george-w-bush-public-approval
George W. Bush,06/11/2001,06/17/2001,55.0,33.0,12,https://www.presidency.ucsb.edu/statistics/data/george-w-bush-public-approval
George W. Bush,6/8/2001,6/10/2001,55.0,35.0,10,https://www.presidency.ucsb.edu/statistics/data/george-w-bush-public-approval
George W. Bush,5/18/2001,5/20/2001,56.0,36.0,8,https://www.presidency.ucsb.edu/statistics/data/george-w-bush-public-approval
George W. Bush,5/10/2001,5/14/2001,56.0,31.0,13,https://www.presidency.ucsb.edu/statistics/data/george-w-bush-public-approval
George W. Bush,5/7/2001,5/9/2001,53.0,33.0,14,https://www.presidency.ucsb.edu/statistics/data/george-w-bush-public-approval
George W. Bush,4/20/2001,4/22/2001,62.0,29.0,9,https://www.presidency.ucsb.edu/statistics/data/george-w-bush-public-approval
George W. Bush,4/6/2001,4/8/2001,59.0,30.0,11,https://www.presidency.ucsb.edu/statistics/data/george-w-bush-public-approval
George W. Bush,3/26/2001,3/28/2001,53.0,29.0,18,https://www.presidency.ucsb.edu/statistics/data/george-w-bush-public-approval
George W. Bush,3/9/2001,3/11/2001,58.0,29.0,13,https://www.presidency.ucsb.edu/statistics/data/george-w-bush-public-approval
George W. Bush,3/5/2001,3/7/2001,63.0,22.0,15,https://www.presidency.ucsb.edu/statistics/data/george-w-bush-public-approval
George W. Bush,2/19/2001,2/21/2001,62.0,21.0,17,https://www.presidency.ucsb.edu/statistics/data/george-w-bush-public-approval
George W. Bush,2/9/2001,2/11/2001,57.0,25.0,18,https://www.presidency.ucsb.edu/statistics/data/george-w-bush-public-approval
George W. Bush,2/1/2001,2/4/2001,57.0,25.0,18,https://www.presidency.ucsb.edu/statistics/data/george-w-bush-public-approval
Barack Obama,01/16/2017,01/19/2017,59.0,37.0,4,https://www.presidency.ucsb.edu/statistics/data/barack-obama-public-approval
Barack Obama,01/09/2017,01/15/2017,57.0,39.0,4,https://www.presidency.ucsb.edu/statistics/data/barack-obama-public-approval
Barack Obama,01/02/2017,01/08/2017,55.0,42.0,3,https://www.presidency.ucsb.edu/statistics/data/barack-obama-public-approval
Barack Obama,12/26/2016,01/01/2017,55.0,40.0,5,https://www.presidency.ucsb.edu/statistics/data/barack-obama-public-approval
Barack Obama,12/19/2016,12/25/2016,56.0,40.0,4,https://www.presidency.ucsb.edu/statistics/data/barack-obama-public-approval
Barack Obama,12/12/2016,12/18/2016,56.0,40.0,4,https://www.presidency.ucsb.edu/statistics/data/barack-obama-public-approval
Barack Obama,12/05/2016,12/11/2016,57.0,40.0,3,https://www.presidency.ucsb.edu/statistics/data/barack-obama-public-approval
Barack Obama,11/28/2016,12/04/2016,54.0,43.0,3,https://www.presidency.ucsb.edu/statistics/data/barack-obama-public-approval
Barack Obama,11/21/2016,11/27/2016,56.0,40.0,4,https://www.presidency.ucsb.edu/statistics/data/barack-obama-public-approval
Barack Obama,11/14/2016,11/20/2016,56.0,41.0,3,https://www.presidency.ucsb.edu/statistics/data/barack-obama-public-approval
Barack Obama,11/07/2016,11/13/2016,57.0,41.0,2,https://www.presidency.ucsb.edu/statistics/data/barack-obama-public-approval
Barack Obama,10/31/2016,11/06/2016,53.0,45.0,2,https://www.presidency.ucsb.edu/statistics/data/barack-obama-public-approval
Barack Obama,10/24/2016,10/30/2016,54.0,44.0,2,https://www.presidency.ucsb.edu/statistics/data/barack-obama-public-approval
Barack Obama,10/17/2016,10/23/2016,55.0,42.0,3,https://www.presidency.ucsb.edu/statistics/data/barack-obama-public-approval
Barack Obama,10/10/2016,10/16/2016,54.0,43.0,3,https://www.presidency.ucsb.edu/statistics/data/barack-obama-public-approval
Barack Obama,10/03/2016,10/09/2016,52.0,45.0,3,https://www.presidency.ucsb.edu/statistics/data/barack-obama-public-approval
Barack Obama,09/26/2016,10/02/2016,53.0,44.0,3,https://www.presidency.ucsb.edu/statistics/data/barack-obama-public-approval
Barack Obama,09/19/2016,09/25/2016,53.0,43.0,4,https://www.presidency.ucsb.edu/statistics/data/barack-obama-public-approval
Barack Obama,09/12/2016,09/18/2016,52.0,44.0,4,https://www.presidency.ucsb.edu/statistics/data/barack-obama-public-approval
Barack Obama,09/05/2016,09/11/2016,51.0,45.0,4,https://www.presidency.ucsb.edu/statistics/data/barack-obama-public-approval
Barack Obama,08/29/2016,09/04/2016,52.0,44.0,4,https://www.presidency.ucsb.edu/statistics/data/barack-obama-public-approval
Barack Obama,08/22/2016,08/28/2016,51.0,45.0,4,https://www.presidency.ucsb.edu/statistics/data/barack-obama-public-approval
Barack Obama,08/15/2016,08/21/2016,51.0,44.0,5,https://www.presidency.ucsb.edu/statistics/data/barack-obama-public-approval
Barack Obama,08/08/2016,08/14/2016,52.0,44.0,4,https://www.presidency.ucsb.edu/statistics/data/barack-obama-public-approval
Barack Obama,08/01/2016,08/07/2016,52.0,45.0,3,https://www.presidency.ucsb.edu/statistics/data/barack-obama-public-approval
Barack Obama,07/25/2016,07/31/2016,53.0,44.0,3,https://www.presidency.ucsb.edu/statistics/data/barack-obama-public-approval
Barack Obama,07/18/2016,07/24/2016,49.0,47.0,4,https://www.presidency.ucsb.edu/statistics/data/barack-obama-public-approval
Barack Obama,07/11/2016,07/17/2016,49.0,46.0,5,https://www.presidency.ucsb.edu/statistics/data/barack-obama-public-approval
Barack Obama,07/04/2016,07/10/2016,51.0,45.0,4,https://www.presidency.ucsb.edu/statistics/data/barack-obama-public-approval
Barack Obama,06/27/2016,07/03/2016,51.0,45.0,4,https://www.presidency.ucsb.edu/statistics/data/barack-obama-public-approval
Barack Obama,06/20/2016,06/26/2016,50.0,46.0,4,https://www.presidency.ucsb.edu/statistics/data/barack-obama-public-approval
Barack Obama,06/13/2016,06/19/2016,53.0,44.0,3,https://www.presidency.ucsb.edu/statistics/data/barack-obama-public-approval
Barack Obama,06/06/2016,06/12/2016,53.0,43.0,4,https://www.presidency.ucsb.edu/statistics/data/barack-obama-public-approval
Barack Obama,05/30/2016,06/05/2016,51.0,44.0,5,https://www.presidency.ucsb.edu/statistics/data/barack-obama-public-approval
Barack Obama,05/23/2016,05/29/2016,52.0,44.0,4,https://www.presidency.ucsb.edu/statistics/data/barack-obama-public-approval
Barack Obama,05/16/2016,05/22/2016,51.0,45.0,4,https://www.presidency.ucsb.edu/statistics/data/barack-obama-public-approval
Barack Obama,05/09/2016,05/15/2016,51.0,45.0,4,https://www.presidency.ucsb.edu/statistics/data/barack-obama-public-approval
Barack Obama,05/02/2016,05/08/2016,52.0,44.0,4,https://www.presidency.ucsb.edu/statistics/data/barack-obama-public-approval
Barack Obama,04/25/2016,05/01/2016,51.0,46.0,3,https://www.presidency.ucsb.edu/statistics/data/barack-obama-public-approval
Barack Obama,04/18/2016,04/24/2016,51.0,45.0,4,https://www.presidency.ucsb.edu/statistics/data/barack-obama-public-approval
Barack Obama,04/11/2016,04/17/2016,48.0,47.0,5,https://www.presidency.ucsb.edu/statistics/data/barack-obama-public-approval
Barack Obama,04/04/2016,04/10/2016,51.0,45.0,4,https://www.presidency.ucsb.edu/statistics/data/barack-obama-public-approval
Barack Obama,03/28/2016,04/03/2016,51.0,45.0,4,https://www.presidency.ucsb.edu/statistics/data/barack-obama-public-approval
Barack Obama,03/21/2016,03/27/2016,53.0,44.0,3,https://www.presidency.ucsb.edu/statistics/data/barack-obama-public-approval
Barack Obama,03/14/2016,03/20/2016,50.0,46.0,4,https://www.presidency.ucsb.edu/statistics/data/barack-obama-public-approval
Barack Obama,03/07/2016,03/13/2016,51.0,45.0,4,https://www.presidency.ucsb.edu/statistics/data/barack-obama-public-approval
Barack Obama,02/29/2016,03/06/2016,50.0,46.0,4,https://www.presidency.ucsb.edu/statistics/data/barack-obama-public-approval
Barack Obama,02/22/2016,02/28/2016,48.0,47.0,5,https://www.presidency.ucsb.edu/statistics/data/barack-obama-public-approval
Barack Obama,02/15/2016,02/21/2016,48.0,48.0,4,https://www.presidency.ucsb.edu/statistics/data/barack-obama-public-approval
Barack Obama,02/08/2016,02/14/2016,48.0,48.0,4,https://www.presidency.ucsb.edu/statistics/data/barack-obama-public-approval
Barack Obama,02/01/2016,02/07/2016,47.0,50.0,3,https://www.presidency.ucsb.edu/statistics/data/barack-obama-public-approval
Barack Obama,01/25/2016,01/31/2016,48.0,48.0,4,https://www.presidency.ucsb.edu/statistics/data/barack-obama-public-approval
Barack Obama,01/18/2016,01/24/2016,48.0,47.0,5,https://www.presidency.ucsb.edu/statistics/data/barack-obama-public-approval
Barack Obama,01/11/2016,01/17/2016,48.0,47.0,5,https://www.presidency.ucsb.edu/statistics/data/barack-obama-public-approval
Barack Obama,01/04/2016,01/10/2016,47.0,49.0,4,https://www.presidency.ucsb.edu/statistics/data/barack-obama-public-approval
Barack Obama,12/28/2015,01/03/2016,45.0,52.0,3,https://www.presidency.ucsb.edu/statistics/data/barack-obama-public-approval
Barack Obama,12/21/2015,12/27/2015,48.0,49.0,3,https://www.presidency.ucsb.edu/statistics/data/barack-obama-public-approval
Barack Obama,12/14/2015,12/20/2015,45.0,51.0,4,https://www.presidency.ucsb.edu/statistics/data/barack-obama-public-approval
Barack Obama,12/07/2015,12/13/2015,45.0,50.0,5,https://www.presidency.ucsb.edu/statistics/data/barack-obama-public-approval
Barack Obama,11/30/2015,12/06/2015,47.0,49.0,4,https://www.presidency.ucsb.edu/statistics/data/barack-obama-public-approval
Barack Obama,11/23/2015,11/29/2015,46.0,49.0,5,https://www.presidency.ucsb.edu/statistics/data/barack-obama-public-approval
Barack Obama,11/16/2015,11/22/2015,44.0,52.0,4,https://www.presidency.ucsb.edu/statistics/data/barack-obama-public-approval
Barack Obama,11/09/2015,11/15/2015,49.0,47.0,4,https://www.presidency.ucsb.edu/statistics/data/barack-obama-public-approval
Barack Obama,11/02/2015,11/08/2015,49.0,48.0,3,https://www.presidency.ucsb.edu/statistics/data/barack-obama-public-approval
Barack Obama,10/26/2015,11/01/2015,47.0,49.0,4,https://www.presidency.ucsb.edu/statistics/data/barack-obama-public-approval
Barack Obama,10/19/2015,10/25/2015,46.0,50.0,4,https://www.presidency.ucsb.edu/statistics/data/barack-obama-public-approval
Barack Obama,10/12/2015,10/18/2015,46.0,50.0,4,https://www.presidency.ucsb.edu/statistics/data/barack-obama-public-approval
Barack Obama,10/05/2015,10/11/2015,46.0,50.0,4,https://www.presidency.ucsb.edu/statistics/data/barack-obama-public-approval
Barack Obama,09/28/2015,10/04/2015,47.0,49.0,4,https://www.presidency.ucsb.edu/statistics/data/barack-obama-public-approval
Barack Obama,09/21/2015,09/27/2015,48.0,49.0,3,https://www.presidency.ucsb.edu/statistics/data/barack-obama-public-approval
Barack Obama,09/14/2015,09/20/2015,46.0,51.0,3,https://www.presidency.ucsb.edu/statistics/data/barack-obama-public-approval
Barack Obama,09/07/2015,09/13/2015,46.0,49.0,5,https://www.presidency.ucsb.edu/statistics/data/barack-obama-public-approval
Barack Obama,08/31/2015,09/06/2015,46.0,50.0,4,https://www.presidency.ucsb.edu/statistics/data/barack-obama-public-approval
Barack Obama,08/24/2015,08/30/2015,46.0,50.0,4,https://www.presidency.ucsb.edu/statistics/data/barack-obama-public-approval
Barack Obama,08/17/2015,08/23/2015,44.0,51.0,5,https://www.presidency.ucsb.edu/statistics/data/barack-obama-public-approval
Barack Obama,08/10/2015,08/16/2015,46.0,49.0,5,https://www.presidency.ucsb.edu/statistics/data/barack-obama-public-approval
Barack Obama,08/03/2015,08/09/2015,46.0,50.0,4,https://www.presidency.ucsb.edu/statistics/data/barack-obama-public-approval
Barack Obama,07/27/2015,08/02/2015,46.0,49.0,5,https://www.presidency.ucsb.edu/statistics/data/barack-obama-public-approval
Barack Obama,07/20/2015,07/26/2015,46.0,50.0,4,https://www.presidency.ucsb.edu/statistics/data/barack-obama-public-approval
Barack Obama,07/13/2015,07/19/2015,46.0,48.0,6,https://www.presidency.ucsb.edu/statistics/data/barack-obama-public-approval
Barack Obama,07/06/2015,07/12/2015,46.0,49.0,5,https://www.presidency.ucsb.edu/statistics/data/barack-obama-public-approval
Barack Obama,06/29/2015,07/05/2015,46.0,49.0,5,https://www.presidency.ucsb.edu/statistics/data/barack-obama-public-approval
Barack Obama,06/22/2015,06/28/2015,47.0,49.0,4,https://www.presidency.ucsb.edu/statistics/data/barack-obama-public-approval
Barack Obama,06/15/2015,06/21/2015,45.0,50.0,5,https://www.presidency.ucsb.edu/statistics/data/barack-obama-public-approval
Barack Obama,06/08/2015,06/14/2015,45.0,49.0,6,https://www.presidency.ucsb.edu/statistics/data/barack-obama-public-approval
Barack Obama,06/01/2015,06/07/2015,46.0,49.0,5,https://www.presidency.ucsb.edu/statistics/data/barack-obama-public-approval
Barack Obama,05/25/2015,05/31/2015,47.0,49.0,4,https://www.presidency.ucsb.edu/statistics/data/barack-obama-public-approval
Barack Obama,05/18/2015,05/24/2015,46.0,49.0,5,https://www.presidency.ucsb.edu/statistics/data/barack-obama-public-approval
Barack Obama,05/11/2015,05/17/2015,47.0,49.0,4,https://www.presidency.ucsb.edu/statistics/data/barack-obama-public-approval
Barack Obama,05/04/2015,05/10/2015,47.0,48.0,5,https://www.presidency.ucsb.edu/statistics/data/barack-obama-public-approval
Barack Obama,04/27/2015,05/03/2015,48.0,48.0,4,https://www.presidency.ucsb.edu/statistics/data/barack-obama-public-approval
Barack Obama,04/20/2015,04/26/2015,45.0,49.0,6,https://www.presidency.ucsb.edu/statistics/data/barack-obama-public-approval
Barack Obama,04/13/2015,04/19/2015,46.0,50.0,4,https://www.presidency.ucsb.edu/statistics/data/barack-obama-public-approval
Barack Obama,04/06/2015,04/12/2015,48.0,48.0,4,https://www.presidency.ucsb.edu/statistics/data/barack-obama-public-approval
Barack Obama,03/30/2015,04/05/2015,47.0,48.0,5,https://www.presidency.ucsb.edu/statistics/data/barack-obama-public-approval
Barack Obama,03/23/2015,03/29/2015,46.0,49.0,5,https://www.presidency.ucsb.edu/statistics/data/barack-obama-public-approval
Barack Obama,03/16/2015,03/22/2015,45.0,50.0,5,https://www.presidency.ucsb.edu/statistics/data/barack-obama-public-approval
Barack Obama,03/09/2015,03/15/2015,47.0,48.0,5,https://www.presidency.ucsb.edu/statistics/data/barack-obama-public-approval
Barack Obama,03/02/2015,03/08/2015,46.0,49.0,5,https://www.presidency.ucsb.edu/statistics/data/barack-obama-public-approval
Barack Obama,02/23/2015,03/01/2015,45.0,50.0,5,https://www.presidency.ucsb.edu/statistics/data/barack-obama-public-approval
Barack Obama,02/16/2015,02/22/2015,46.0,49.0,5,https://www.presidency.ucsb.edu/statistics/data/barack-obama-public-approval
Barack Obama,02/09/2015,02/15/2015,47.0,48.0,5,https://www.presidency.ucsb.edu/statistics/data/barack-obama-public-approval
Barack Obama,02/02/2015,02/08/2015,46.0,49.0,5,https://www.presidency.ucsb.edu/statistics/data/barack-obama-public-approval
Barack Obama,01/26/2015,02/01/2015,47.0,48.0,5,https://www.presidency.ucsb.edu/statistics/data/barack-obama-public-approval
Barack Obama,01/19/2015,01/25/2015,49.0,47.0,4,https://www.presidency.ucsb.edu/statistics/data/barack-obama-public-approval
Barack Obama,01/12/2015,01/18/2015,46.0,49.0,5,https://www.presidency.ucsb.edu/statistics/data/barack-obama-public-approval
Barack Obama,01/05/2015,01/11/2015,46.0,48.0,6,https://www.presidency.ucsb.edu/statistics/data/barack-obama-public-approval
Barack Obama,12/29/2014,01/04/2015,46.0,48.0,6,https://www.presidency.ucsb.edu/statistics/data/barack-obama-public-approval
Barack Obama,12/22/2014,12/28/2014,44.0,50.0,6,https://www.presidency.ucsb.edu/statistics/data/barack-obama-public-approval
Barack Obama,12/15/2014,12/21/2014,45.0,51.0,4,https://www.presidency.ucsb.edu/statistics/data/barack-obama-public-approval
Barack Obama,12/08/2014,12/14/2014,43.0,52.0,5,https://www.presidency.ucsb.edu/statistics/data/barack-obama-public-approval
Barack Obama,12/01/2014,12/07/2014,43.0,52.0,5,https://www.presidency.ucsb.edu/statistics/data/barack-obama-public-approval
Barack Obama,11/24/2014,11/30/2014,43.0,52.0,5,https://www.presidency.ucsb.edu/statistics/data/barack-obama-public-approval
Barack Obama,11/17/2014,11/23/2014,42.0,53.0,5,https://www.presidency.ucsb.edu/statistics/data/barack-obama-public-approval
Barack Obama,11/10/2014,11/16/2014,42.0,52.0,6,https://www.presidency.ucsb.edu/statistics/data/barack-obama-public-approval
Barack Obama,11/03/2014,11/09/2014,40.0,54.0,6,https://www.presidency.ucsb.edu/statistics/data/barack-obama-public-approval
Barack Obama,10/27/2014,11/02/2014,42.0,53.0,5,https://www.presidency.ucsb.edu/statistics/data/barack-obama-public-approval
Barack Obama,10/20/2014,10/26/2014,42.0,53.0,5,https://www.presidency.ucsb.edu/statistics/data/barack-obama-public-approval
Barack Obama,10/13/2014,10/19/2014,41.0,54.0,5,https://www.presidency.ucsb.edu/statistics/data/barack-obama-public-approval
Barack Obama,10/06/2014,10/12/2014,41.0,55.0,4,https://www.presidency.ucsb.edu/statistics/data/barack-obama-public-approval
Barack Obama,09/29/2014,10/05/2014,43.0,53.0,4,https://www.presidency.ucsb.edu/statistics/data/barack-obama-public-approval
Barack Obama,09/22/2014,09/28/2014,42.0,52.0,6,https://www.presidency.ucsb.edu/statistics/data/barack-obama-public-approval
Barack Obama,09/15/2014,09/21/2014,43.0,52.0,5,https://www.presidency.ucsb.edu/statistics/data/barack-obama-public-approval
Barack Obama,09/08/2014,09/14/2014,41.0,54.0,5,https://www.presidency.ucsb.edu/statistics/data/barack-obama-public-approval
Barack Obama,09/01/2014,09/07/2014,40.0,53.0,7,https://www.presidency.ucsb.edu/statistics/data/barack-obama-public-approval
Barack Obama,08/25/2014,08/31/2014,41.0,53.0,6,https://www.presidency.ucsb.edu/statistics/data/barack-obama-public-approval
Barack Obama,08/18/2014,08/24/2014,43.0,51.0,6,https://www.presidency.ucsb.edu/statistics/data/barack-obama-public-approval
Barack Obama,08/11/2014,08/17/2014,41.0,53.0,6,https://www.presidency.ucsb.edu/statistics/data/barack-obama-public-approval
Barack Obama,08/04/2014,08/10/2014,42.0,53.0,5,https://www.presidency.ucsb.edu/statistics/data/barack-obama-public-approval
Barack Obama,07/28/2014,08/03/2014,42.0,54.0,4,https://www.presidency.ucsb.edu/statistics/data/barack-obama-public-approval
Barack Obama,07/21/2014,07/27/2014,41.0,53.0,6,https://www.presidency.ucsb.edu/statistics/data/barack-obama-public-approval
Barack Obama,07/14/2014,07/20/2014,43.0,51.0,6,https://www.presidency.ucsb.edu/statistics/data/barack-obama-public-approval
Barack Obama,07/07/2014,07/13/2014,42.0,53.0,5,https://www.presidency.ucsb.edu/statistics/data/barack-obama-public-approval
Barack Obama,06/30/2014,07/06/2014,43.0,52.0,5,https://www.presidency.ucsb.edu/statistics/data/barack-obama-public-approval
Barack Obama,06/23/2014,06/29/2014,42.0,52.0,6,https://www.presidency.ucsb.edu/statistics/data/barack-obama-public-approval
Barack Obama,06/16/2014,06/22/2014,41.0,55.0,4,https://www.presidency.ucsb.edu/statistics/data/barack-obama-public-approval
Barack Obama,06/09/2014,06/15/2014,42.0,52.0,6,https://www.presidency.ucsb.edu/statistics/data/barack-obama-public-approval
Barack Obama,06/02/2014,06/08/2014,44.0,50.0,6,https://www.presidency.ucsb.edu/statistics/data/barack-obama-public-approval
Barack Obama,05/26/2014,06/01/2014,44.0,51.0,5,https://www.presidency.ucsb.edu/statistics/data/barack-obama-public-approval
Barack Obama,05/19/2014,05/25/2014,43.0,52.0,5,https://www.presidency.ucsb.edu/statistics/data/barack-obama-public-approval
Barack Obama,05/12/2014,05/18/2014,44.0,51.0,5,https://www.presidency.ucsb.edu/statistics/data/barack-obama-public-approval
Barack Obama,05/05/2014,05/11/2014,45.0,50.0,5,https://www.presidency.ucsb.edu/statistics/data/barack-obama-public-approval
Barack Obama,04/28/2014,05/04/2014,44.0,50.0,6,https://www.presidency.ucsb.edu/statistics/data/barack-obama-public-approval
Barack Obama,04/21/2014,04/27/2014,44.0,50.0,6,https://www.presidency.ucsb.edu/statistics/data/barack-obama-public-approval
Barack Obama,04/14/2014,04/20/2014,44.0,50.0,6,https://www.presidency.ucsb.edu/statistics/data/barack-obama-public-approval
Barack Obama,04/07/2014,04/13/2014,43.0,51.0,6,https://www.presidency.ucsb.edu/statistics/data/barack-obama-public-approval
Barack Obama,03/31/2014,04/06/2014,44.0,51.0,5,https://www.presidency.ucsb.edu/statistics/data/barack-obama-public-approval
Barack Obama,03/24/2014,03/30/2014,43.0,52.0,5,https://www.presidency.ucsb.edu/statistics/data/barack-obama-public-approval
Barack Obama,03/17/2014,03/23/2014,44.0,51.0,5,https://www.presidency.ucsb.edu/statistics/data/barack-obama-public-approval
Barack Obama,03/10/2014,03/16/2014,40.0,54.0,6,https://www.presidency.ucsb.edu/statistics/data/barack-obama-public-approval
Barack Obama,03/03/2014,03/09/2014,43.0,53.0,4,https://www.presidency.ucsb.edu/statistics/data/barack-obama-public-approval
Barack Obama,02/24/2014,03/02/2014,42.0,54.0,4,https://www.presidency.ucsb.edu/statistics/data/barack-obama-public-approval
Barack Obama,02/17/2014,02/23/2014,45.0,51.0,4,https://www.presidency.ucsb.edu/statistics/data/barack-obama-public-approval
Barack Obama,02/10/2014,02/16/2014,40.0,53.0,7,https://www.presidency.ucsb.edu/statistics/data/barack-obama-public-approval
Barack Obama,02/03/2014,02/09/2014,41.0,51.0,8,https://www.presidency.ucsb.edu/statistics/data/barack-obama-public-approval
Barack Obama,01/27/2014,02/02/2014,42.0,50.0,8,https://www.presidency.ucsb.edu/statistics/data/barack-obama-public-approval
Barack Obama,01/20/2014,01/26/2014,42.0,50.0,8,https://www.presidency.ucsb.edu/statistics/data/barack-obama-public-approval
Barack Obama,01/13/2014,01/19/2014,40.0,52.0,8,https://www.presidency.ucsb.edu/statistics/data/barack-obama-public-approval
Barack Obama,01/06/2014,01/12/2014,41.0,51.0,8,https://www.presidency.ucsb.edu/statistics/data/barack-obama-public-approval
Barack Obama,01/02/2014,01/05/2014,41.0,53.0,6,https://www.presidency.ucsb.edu/statistics/data/barack-obama-public-approval
Barack Obama,12/23/2013,12/29/2013,43.0,51.0,6,https://www.presidency.ucsb.edu/statistics/data/barack-obama-public-approval
Barack Obama,12/16/2013,12/22/2013,40.0,52.0,8,https://www.presidency.ucsb.edu/statistics/data/barack-obama-public-approval
Barack Obama,12/09/2013,12/15/2013,42.0,50.0,8,https://www.presidency.ucsb.edu/statistics/data/barack-obama-public-approval
Barack Obama,12/02/2013,12/08/2013,41.0,51.0,8,https://www.presidency.ucsb.edu/statistics/data/barack-obama-public-approval
Barack Obama,11/25/2013,12/01/2013,42.0,52.0,6,https://www.presidency.ucsb.edu/statistics/data/barack-obama-public-approval
Barack Obama,11/18/2013,11/24/2013,40.0,53.0,7,https://www.presidency.ucsb.edu/statistics/data/barack-obama-public-approval
Barack Obama,11/11/2013,11/17/2013,41.0,52.0,7,https://www.presidency.ucsb.edu/statistics/data/barack-obama-public-approval
Barack Obama,11/04/2013,11/10/2013,41.0,52.0,7,https://www.presidency.ucsb.edu/statistics/data/barack-obama-public-approval
Barack Obama,10/28/2013,11/03/2013,41.0,52.0,7,https://www.presidency.ucsb.edu/statistics/data/barack-obama-public-approval
Barack Obama,10/21/2013,10/27/2013,43.0,50.0,7,https://www.presidency.ucsb.edu/statistics/data/barack-obama-public-approval
Barack Obama,10/14/2013,10/20/2013,43.0,51.0,6,https://www.presidency.ucsb.edu/statistics/data/barack-obama-public-approval
Barack Obama,10/07/2013,10/13/2013,42.0,52.0,6,https://www.presidency.ucsb.edu/statistics/data/barack-obama-public-approval
Barack Obama,09/30/2013,10/06/2013,44.0,50.0,6,https://www.presidency.ucsb.edu/statistics/data/barack-obama-public-approval
Barack Obama,09/23/2013,09/29/2013,45.0,48.0,7,https://www.presidency.ucsb.edu/statistics/data/barack-obama-public-approval
Barack Obama,09/16/2013,09/22/2013,44.0,47.0,9,https://www.presidency.ucsb.edu/statistics/data/barack-obama-public-approval
Barack Obama,09/09/2013,09/15/2013,45.0,46.0,9,https://www.presidency.ucsb.edu/statistics/data/barack-obama-public-approval
Barack Obama,09/02/2013,09/08/2013,44.0,48.0,8,https://www.presidency.ucsb.edu/statistics/data/barack-obama-public-approval
Barack Obama,08/26/2013,09/01/2013,44.0,48.0,8,https://www.presidency.ucsb.edu/statistics/data/barack-obama-public-approval
Barack Obama,08/19/2013,08/25/2013,46.0,46.0,8,https://www.presidency.ucsb.edu/statistics/data/barack-obama-public-approval
Barack Obama,08/12/2013,08/18/2013,46.0,45.0,9,https://www.presidency.ucsb.edu/statistics/data/barack-obama-public-approval
Barack Obama,08/05/2013,08/11/2013,44.0,48.0,8,https://www.presidency.ucsb.edu/statistics/data/barack-obama-public-approval
Barack Obama,07/29/2013,08/04/2013,45.0,48.0,7,https://www.presidency.ucsb.edu/statistics/data/barack-obama-public-approval
Barack Obama,07/22/2013,07/28/2013,46.0,47.0,7,https://www.presidency.ucsb.edu/statistics/data/barack-obama-public-approval
Barack Obama,07/15/2013,07/21/2013,47.0,46.0,7,https://www.presidency.ucsb.edu/statistics/data/barack-obama-public-approval
Barack Obama,07/08/2013,07/14/2013,46.0,47.0,7,https://www.presidency.ucsb.edu/statistics/data/barack-obama-public-approval
Barack Obama,07/01/2013,07/07/2013,46.0,46.0,8,https://www.presidency.ucsb.edu/statistics/data/barack-obama-public-approval
Barack Obama,06/24/2013,06/30/2013,47.0,45.0,8,https://www.presidency.ucsb.edu/statistics/data/barack-obama-public-approval
Barack Obama,06/17/2013,06/23/2013,46.0,46.0,8,https://www.presidency.ucsb.edu/statistics/data/barack-obama-public-approval
Barack Obama,06/10/2013,06/16/2013,47.0,46.0,7,https://www.presidency.ucsb.edu/statistics/data/barack-obama-public-approval
Barack Obama,06/03/2013,06/09/2013,48.0,45.0,7,https://www.presidency.ucsb.edu/statistics/data/barack-obama-public-approval
Barack Obama,05/27/2013,06/02/2013,48.0,44.0,8,https://www.presidency.ucsb.edu/statistics/data/barack-obama-public-approval
Barack Obama,05/20/2013,05/26/2013,49.0,44.0,7,https://www.presidency.ucsb.edu/statistics/data/barack-obama-public-approval
Barack Obama,05/13/2013,05/19/2013,49.0,44.0,7,https://www.presidency.ucsb.edu/statistics/data/barack-obama-public-approval
Barack Obama,05/06/2013,05/12/2013,49.0,44.0,7,https://www.presidency.ucsb.edu/statistics/data/barack-obama-public-approval
Barack Obama,04/29/2013,05/05/2013,50.0,44.0,6,https://www.presidency.ucsb.edu/statistics/data/barack-obama-public-approval
Barack Obama,04/22/2013,04/28/2013,51.0,42.0,7,https://www.presidency.ucsb.edu/statistics/data/barack-obama-public-approval
Barack Obama,04/15/2013,04/21/2013,50.0,43.0,7,https://www.presidency.ucsb.edu/statistics/data/barack-obama-public-approval
Barack Obama,04/08/2013,04/14/2013,49.0,45.0,6,https://www.presidency.ucsb.edu/statistics/data/barack-obama-public-approval
Barack Obama,04/01/2013,04/07/2013,48.0,45.0,7,https://www.presidency.ucsb.edu/statistics/data/barack-obama-public-approval
Barack Obama,03/25/2013,03/30/2013,48.0,45.0,7,https://www.presidency.ucsb.edu/statistics/data/barack-obama-public-approval
Barack Obama,03/18/2013,03/24/2013,47.0,45.0,8,https://www.presidency.ucsb.edu/statistics/data/barack-obama-public-approval
Barack Obama,03/11/2013,03/17/2013,48.0,46.0,6,https://www.presidency.ucsb.edu/statistics/data/barack-obama-public-approval
Barack Obama,03/04/2013,03/10/2013,49.0,44.0,7,https://www.presidency.ucsb.edu/statistics/data/barack-obama-public-approval
Barack Obama,02/25/2013,03/03/2013,49.0,44.0,7,https://www.presidency.ucsb.edu/statistics/data/barack-obama-public-approval
Barack Obama,02/18/2013,02/24/2013,51.0,42.0,7,https://www.presidency.ucsb.edu/statistics/data/barack-obama-public-approval
Barack Obama,02/11/2013,02/17/2013,51.0,43.0,6,https://www.presidency.ucsb.edu/statistics/data/barack-obama-public-approval
Barack Obama,02/04/2013,02/10/2013,52.0,42.0,6,https://www.presidency.ucsb.edu/statistics/data/barack-obama-public-approval
Barack Obama,01/28/2013,02/03/2013,53.0,42.0,5,https://www.presidency.ucsb.edu/statistics/data/barack-obama-public-approval
Barack Obama,01/21/2013,01/27/2013,52.0,43.0,5,https://www.presidency.ucsb.edu/statistics/data/barack-obama-public-approval
Barack Obama,01/14/2013,01/20/2013,50.0,43.0,7,https://www.presidency.ucsb.edu/statistics/data/barack-obama-public-approval
Barack Obama,01/07/2013,01/13/2013,54.0,41.0,5,https://www.presidency.ucsb.edu/statistics/data/barack-obama-public-approval
Barack Obama,12/31/2012,01/06/2013,53.0,40.0,7,https://www.presidency.ucsb.edu/statistics/data/barack-obama-public-approval
Barack Obama,12/24/2012,12/30/2012,53.0,41.0,6,https://www.presidency.ucsb.edu/statistics/data/barack-obama-public-approval
Barack Obama,12/17/2012,12/23/2012,57.0,37.0,6,https://www.presidency.ucsb.edu/statistics/data/barack-obama-public-approval
Barack Obama,12/10/2012,12/16/2012,52.0,40.0,8,https://www.presidency.ucsb.edu/statistics/data/barack-obama-public-approval
Barack Obama,12/03/2012,12/09/2012,50.0,44.0,6,https://www.presidency.ucsb.edu/statistics/data/barack-obama-public-approval
Barack Obama,11/26/2012,12/02/2012,51.0,42.0,7,https://www.presidency.ucsb.edu/statistics/data/barack-obama-public-approval
Barack Obama,11/19/2012,11/25/2012,52.0,40.0,8,https://www.presidency.ucsb.edu/statistics/data/barack-obama-public-approval
Barack Obama,11/12/2012,11/18/2012,53.0,41.0,6,https://www.presidency.ucsb.edu/statistics/data/barack-obama-public-approval
Barack Obama,11/05/2012,11/11/2012,51.0,43.0,6,https://www.presidency.ucsb.edu/statistics/data/barack-obama-public-approval
Barack Obama,10/29/2012,11/04/2012,52.0,45.0,3,https://www.presidency.ucsb.edu/statistics/data/barack-obama-public-approval
Barack Obama,10/22/2012,10/28/2012,50.0,45.0,5,https://www.presidency.ucsb.edu/statistics/data/barack-obama-public-approval
Barack Obama,10/15/2012,10/21/2012,50.0,45.0,5,https://www.presidency.ucsb.edu/statistics/data/barack-obama-public-approval
Barack Obama,10/08/2012,10/14/2012,50.0,45.0,5,https://www.presidency.ucsb.edu/statistics/data/barack-obama-public-approval
Barack Obama,10/01/2012,10/07/2012,52.0,43.0,5,https://www.presidency.ucsb.edu/statistics/data/barack-obama-public-approval
Barack Obama,09/24/2012,09/30/2012,48.0,45.0,7,https://www.presidency.ucsb.edu/statistics/data/barack-obama-public-approval
Barack Obama,09/17/2012,09/23/2012,49.0,45.0,6,https://www.presidency.ucsb.edu/statistics/data/barack-obama-public-approval
Barack Obama,09/10/2012,09/16/2012,50.0,44.0,6,https://www.presidency.ucsb.edu/statistics/data/barack-obama-public-approval
Barack Obama,09/03/2012,09/09/2012,50.0,44.0,6,https://www.presidency.ucsb.edu/statistics/data/barack-obama-public-approval
Barack Obama,08/27/2012,09/02/2012,44.0,47.0,9,https://www.presidency.ucsb.edu/statistics/data/barack-obama-public-approval
Barack Obama,08/20/2012,08/26/2012,46.0,47.0,7,https://www.presidency.ucsb.edu/statistics/data/barack-obama-public-approval
Barack Obama,08/13/2012,08/19/2012,45.0,49.0,6,https://www.presidency.ucsb.edu/statistics/data/barack-obama-public-approval
Barack Obama,08/06/2012,08/12/2012,45.0,49.0,6,https://www.presidency.ucsb.edu/statistics/data/barack-obama-public-approval
Barack Obama,07/30/2012,08/05/2012,45.0,48.0,7,https://www.presidency.ucsb.edu/statistics/data/barack-obama-public-approval
Barack Obama,07/23/2012,07/29/2012,47.0,47.0,6,https://www.presidency.ucsb.edu/statistics/data/barack-obama-public-approval
Barack Obama,07/16/2012,07/22/2012,45.0,48.0,7,https://www.presidency.ucsb.edu/statistics/data/barack-obama-public-approval
Barack Obama,07/09/2012,07/15/2012,46.0,47.0,7,https://www.presidency.ucsb.edu/statistics/data/barack-obama-public-approval
Barack Obama,07/02/2012,07/08/2012,45.0,46.0,9,https://www.presidency.ucsb.edu/statistics/data/barack-obama-public-approval
Barack Obama,06/25/2012,07/01/2012,47.0,46.0,7,https://www.presidency.ucsb.edu/statistics/data/barack-obama-public-approval
Barack Obama,06/18/2012,06/24/2012,46.0,48.0,6,https://www.presidency.ucsb.edu/statistics/data/barack-obama-public-approval
Barack Obama,06/11/2012,06/17/2012,46.0,48.0,6,https://www.presidency.ucsb.edu/statistics/data/barack-obama-public-approval
Barack Obama,06/04/2012,06/10/2012,47.0,46.0,7,https://www.presidency.ucsb.edu/statistics/data/barack-obama-public-approval
Barack Obama,05/28/2012,06/03/2012,46.0,46.0,8,https://www.presidency.ucsb.edu/statistics/data/barack-obama-public-approval
Barack Obama,05/21/2012,05/27/2012,48.0,46.0,6,https://www.presidency.ucsb.edu/statistics/data/barack-obama-public-approval
Barack Obama,05/14/2012,05/20/2012,47.0,46.0,7,https://www.presidency.ucsb.edu/statistics/data/barack-obama-public-approval
Barack Obama,05/07/2012,05/13/2012,47.0,47.0,6,https://www.presidency.ucsb.edu/statistics/data/barack-obama-public-approval
Barack Obama,04/30/2012,05/06/2012,48.0,46.0,6,https://www.presidency.ucsb.edu/statistics/data/barack-obama-public-approval
Barack Obama,04/23/2012,04/29/2012,48.0,46.0,6,https://www.presidency.ucsb.edu/statistics/data/barack-obama-public-approval
Barack Obama,04/16/2012,04/22/2012,48.0,46.0,6,https://www.presidency.ucsb.edu/statistics/data/barack-obama-public-approval
Barack Obama,04/09/2012,04/15/2012,47.0,46.0,7,https://www.presidency.ucsb.edu/statistics/data/barack-obama-public-approval
Barack Obama,04/02/2012,04/08/2012,47.0,46.0,7,https://www.presidency.ucsb.edu/statistics/data/barack-obama-public-approval
Barack Obama,03/26/2012,04/01/2012,46.0,45.0,9,https://www.presidency.ucsb.edu/statistics/data/barack-obama-public-approval
Barack Obama,03/19/2012,03/25/2012,46.0,45.0,9,https://www.presidency.ucsb.edu/statistics/data/barack-obama-public-approval
Barack Obama,03/12/2012,03/18/2012,46.0,47.0,7,https://www.presidency.ucsb.edu/statistics/data/barack-obama-public-approval
Barack Obama,03/05/2012,03/11/2012,48.0,44.0,8,https://www.presidency.ucsb.edu/statistics/data/barack-obama-public-approval
Barack Obama,02/27/2012,03/04/2012,45.0,48.0,7,https://www.presidency.ucsb.edu/statistics/data/barack-obama-public-approval
Barack Obama,02/20/2012,02/26/2012,45.0,47.0,8,https://www.presidency.ucsb.edu/statistics/data/barack-obama-public-approval
Barack Obama,02/13/2012,02/19/2012,45.0,47.0,8,https://www.presidency.ucsb.edu/statistics/data/barack-obama-public-approval
Barack Obama,02/06/2012,02/12/2012,47.0,47.0,6,https://www.presidency.ucsb.edu/statistics/data/barack-obama-public-approval
Barack Obama,01/30/2012,02/05/2012,46.0,47.0,7,https://www.presidency.ucsb.edu/statistics/data/barack-obama-public-approval
Barack Obama,01/23/2012,01/29/2012,45.0,48.0,7,https://www.presidency.ucsb.edu/statistics/data/barack-obama-public-approval
Barack Obama,01/16/2012,01/22/2012,45.0,46.0,9,https://www.presidency.ucsb.edu/statistics/data/barack-obama-public-approval
Barack Obama,01/09/2012,01/15/2012,45.0,47.0,8,https://www.presidency.ucsb.edu/statistics/data/barack-obama-public-approval
Barack Obama,01/02/2012,01/08/2012,46.0,47.0,7,https://www.presidency.ucsb.edu/statistics/data/barack-obama-public-approval
Barack Obama,12/26/2011,01/01/2012,42.0,49.0,9,https://www.presidency.ucsb.edu/statistics/data/barack-obama-public-approval
Barack Obama,12/19/2011,12/25/2011,45.0,47.0,8,https://www.presidency.ucsb.edu/statistics/data/barack-obama-public-approval
Barack Obama,12/12/2011,12/18/2011,42.0,50.0,8,https://www.presidency.ucsb.edu/statistics/data/barack-obama-public-approval
Barack Obama,12/05/2011,12/11/2011,43.0,50.0,7,https://www.presidency.ucsb.edu/statistics/data/barack-obama-public-approval
Barack Obama,11/28/2011,12/04/2011,42.0,50.0,8,https://www.presidency.ucsb.edu/statistics/data/barack-obama-public-approval
Barack Obama,11/21/2011,11/27/2011,43.0,49.0,8,https://www.presidency.ucsb.edu/statistics/data/barack-obama-public-approval
Barack Obama,11/14/2011,11/20/2011,43.0,49.0,8,https://www.presidency.ucsb.edu/statistics/data/barack-obama-public-approval
Barack Obama,11/07/2011,11/13/2011,43.0,48.0,9,https://www.presidency.ucsb.edu/statistics/data/barack-obama-public-approval
Barack Obama,10/31/2011,11/06/2011,43.0,50.0,7,https://www.presidency.ucsb.edu/statistics/data/barack-obama-public-approval
Barack Obama,10/24/2011,10/30/2011,43.0,49.0,8,https://www.presidency.ucsb.edu/statistics/data/barack-obama-public-approval
Barack Obama,10/17/2011,10/23/2011,41.0,51.0,8,https://www.presidency.ucsb.edu/statistics/data/barack-obama-public-approval
Barack Obama,10/10/2011,10/16/2011,41.0,52.0,7,https://www.presidency.ucsb.edu/statistics/data/barack-obama-public-approval
Barack Obama,10/03/2011,10/09/2011,40.0,53.0,7,https://www.presidency.ucsb.edu/statistics/data/barack-obama-public-approval
Barack Obama,09/26/2011,10/02/2011,41.0,50.0,9,https://www.presidency.ucsb.edu/statistics/data/barack-obama-public-approval
Barack Obama,09/19/2011,09/25/2011,41.0,51.0,8,https://www.presidency.ucsb.edu/statistics/data/barack-obama-public-approval
Barack Obama,09/12/2011,09/18/2011,40.0,52.0,8,https://www.presidency.ucsb.edu/statistics/data/barack-obama-public-approval
Barack Obama,09/05/2011,09/11/2011,43.0,49.0,8,https://www.presidency.ucsb.edu/statistics/data/barack-obama-public-approval
Barack Obama,08/29/2011,09/04/2011,42.0,51.0,7,https://www.presidency.ucsb.edu/statistics/data/barack-obama-public-approval
Barack Obama,08/22/2011,08/28/2011,40.0,53.0,7,https://www.presidency.ucsb.edu/statistics/data/barack-obama-public-approval
Barack Obama,08/15/2011,08/21/2011,40.0,53.0,7,https://www.presidency.ucsb.edu/statistics/data/barack-obama-public-approval
Barack Obama,08/08/2011,08/14/2011,40.0,52.0,8,https://www.presidency.ucsb.edu/statistics/data/barack-obama-public-approval
Barack Obama,08/01/2011,08/07/2011,42.0,50.0,8,https://www.presidency.ucsb.edu/statistics/data/barack-obama-public-approval
Barack Obama,07/25/2011,07/31/2011,42.0,49.0,9,https://www.presidency.ucsb.edu/statistics/data/barack-obama-public-approval
Barack Obama,07/18/2011,07/24/2011,43.0,48.0,9,https://www.presidency.ucsb.edu/statistics/data/barack-obama-public-approval
Barack Obama,07/11/2011,07/17/2011,44.0,48.0,8,https://www.presidency.ucsb.edu/statistics/data/barack-obama-public-approval
Barack Obama,07/04/2011,07/10/2011,46.0,45.0,9,https://www.presidency.ucsb.edu/statistics/data/barack-obama-public-approval
Barack Obama,06/27/2011,07/03/2011,46.0,47.0,7,https://www.presidency.ucsb.edu/statistics/data/barack-obama-public-approval
Barack Obama,06/20/2011,06/26/2011,43.0,49.0,8,https://www.presidency.ucsb.edu/statistics/data/barack-obama-public-approval
Barack Obama,06/13/2011,06/19/2011,47.0,45.0,8,https://www.presidency.ucsb.edu/statistics/data/barack-obama-public-approval
Barack Obama,06/06/2011,06/12/2011,46.0,44.0,10,https://www.presidency.ucsb.edu/statistics/data/barack-obama-public-approval
Barack Obama,05/30/2011,06/05/2011,50.0,42.0,8,https://www.presidency.ucsb.edu/statistics/data/barack-obama-public-approval
Barack Obama,05/23/2011,05/29/2011,49.0,43.0,8,https://www.presidency.ucsb.edu/statistics/data/barack-obama-public-approval
Barack Obama,05/16/2011,05/22/2011,50.0,43.0,7,https://www.presidency.ucsb.edu/statistics/data/barack-obama-public-approval
Barack Obama,05/09/2011,05/15/2011,49.0,43.0,8,https://www.presidency.ucsb.edu/statistics/data/barack-obama-public-approval
Barack Obama,05/02/2011,05/08/2011,51.0,40.0,9,https://www.presidency.ucsb.edu/statistics/data/barack-obama-public-approval
Barack Obama,04/25/2011,05/01/2011,44.0,47.0,9,https://www.presidency.ucsb.edu/statistics/data/barack-obama-public-approval
Barack Obama,04/18/2011,04/24/2011,43.0,48.0,9,https://www.presidency.ucsb.edu/statistics/data/barack-obama-public-approval
Barack Obama,04/11/2011,04/17/2011,43.0,48.0,9,https://www.presidency.ucsb.edu/statistics/data/barack-obama-public-approval
Barack Obama,04/04/2011,04/10/2011,45.0,46.0,9,https://www.presidency.ucsb.edu/statistics/data/barack-obama-public-approval
Barack Obama,03/28/2011,04/03/2011,48.0,44.0,8,https://www.presidency.ucsb.edu/statistics/data/barack-obama-public-approval
Barack Obama,03/21/2011,03/27/2011,45.0,47.0,8,https://www.presidency.ucsb.edu/statistics/data/barack-obama-public-approval
Barack Obama,03/14/2011,03/20/2011,48.0,44.0,8,https://www.presidency.ucsb.edu/statistics/data/barack-obama-public-approval
Barack Obama,03/07/2011,03/13/2011,47.0,45.0,8,https://www.presidency.ucsb.edu/statistics/data/barack-obama-public-approval
Barack Obama,02/28/2011,03/06/2011,46.0,46.0,8,https://www.presidency.ucsb.edu/statistics/data/barack-obama-public-approval
Barack Obama,02/21/2011,02/27/2011,48.0,44.0,8,https://www.presidency.ucsb.edu/statistics/data/barack-obama-public-approval
Barack Obama,02/14/2011,02/20/2011,48.0,43.0,9,https://www.presidency.ucsb.edu/statistics/data/barack-obama-public-approval
Barack Obama,02/07/2011,02/13/2011,48.0,43.0,9,https://www.presidency.ucsb.edu/statistics/data/barack-obama-public-approval
Barack Obama,01/31/2011,02/06/2011,47.0,45.0,8,https://www.presidency.ucsb.edu/statistics/data/barack-obama-public-approval
Barack Obama,01/24/2011,01/30/2011,50.0,42.0,8,https://www.presidency.ucsb.edu/statistics/data/barack-obama-public-approval
Barack Obama,01/17/2011,01/23/2011,50.0,42.0,8,https://www.presidency.ucsb.edu/statistics/data/barack-obama-public-approval
Barack Obama,01/10/2011,01/16/2011,49.0,42.0,9,https://www.presidency.ucsb.edu/statistics/data/barack-obama-public-approval
Barack Obama,01/03/2011,01/09/2011,48.0,45.0,7,https://www.presidency.ucsb.edu/statistics/data/barack-obama-public-approval
Barack Obama,12/27/2010,01/02/2011,48.0,44.0,8,https://www.presidency.ucsb.edu/statistics/data/barack-obama-public-approval
Barack Obama,12/20/2010,12/26/2010,47.0,46.0,7,https://www.presidency.ucsb.edu/statistics/data/barack-obama-public-approval
Barack Obama,12/13/2010,12/19/2010,46.0,46.0,8,https://www.presidency.ucsb.edu/statistics/data/barack-obama-public-approval
Barack Obama,12/06/2010,12/12/2010,45.0,48.0,7,https://www.presidency.ucsb.edu/statistics/data/barack-obama-public-approval
Barack Obama,11/29/2010,12/05/2010,46.0,46.0,8,https://www.presidency.ucsb.edu/statistics/data/barack-obama-public-approval
Barack Obama,11/22/2010,11/28/2010,45.0,47.0,8,https://www.presidency.ucsb.edu/statistics/data/barack-obama-public-approval
Barack Obama,11/15/2010,11/21/2010,46.0,46.0,8,https://www.presidency.ucsb.edu/statistics/data/barack-obama-public-approval
Barack Obama,11/08/2010,11/14/2010,44.0,48.0,8,https://www.presidency.ucsb.edu/statistics/data/barack-obama-public-approval
Barack Obama,11/01/2010,11/07/2010,45.0,47.0,8,https://www.presidency.ucsb.edu/statistics/data/barack-obama-public-approval
Barack Obama,10/25/2010,10/31/2010,45.0,48.0,7,https://www.presidency.ucsb.edu/statistics/data/barack-obama-public-approval
Barack Obama,10/18/2010,10/24/2010,44.0,48.0,8,https://www.presidency.ucsb.edu/statistics/data/barack-obama-public-approval
Barack Obama,10/11/2010,10/17/2010,45.0,47.0,8,https://www.presidency.ucsb.edu/statistics/data/barack-obama-public-approval
Barack Obama,10/04/2010,10/10/2010,46.0,48.0,6,https://www.presidency.ucsb.edu/statistics/data/barack-obama-public-approval
Barack Obama,09/27/2010,10/03/2010,46.0,47.0,7,https://www.presidency.ucsb.edu/statistics/data/barack-obama-public-approval
Barack Obama,09/20/2010,09/26/2010,44.0,48.0,8,https://www.presidency.ucsb.edu/statistics/data/barack-obama-public-approval
Barack Obama,09/13/2010,09/19/2010,46.0,47.0,7,https://www.presidency.ucsb.edu/statistics/data/barack-obama-public-approval
Barack Obama,09/06/2010,09/12/2010,46.0,46.0,8,https://www.presidency.ucsb.edu/statistics/data/barack-obama-public-approval
Barack Obama,08/30/2010,09/05/2010,45.0,47.0,8,https://www.presidency.ucsb.edu/statistics/data/barack-obama-public-approval
Barack Obama,08/23/2010,08/29/2010,43.0,49.0,8,https://www.presidency.ucsb.edu/statistics/data/barack-obama-public-approval
Barack Obama,08/16/2010,08/22/2010,43.0,50.0,7,https://www.presidency.ucsb.edu/statistics/data/barack-obama-public-approval
Barack Obama,08/09/2010,08/15/2010,44.0,48.0,8,https://www.presidency.ucsb.edu/statistics/data/barack-obama-public-approval
Barack Obama,08/02/2010,08/08/2010,45.0,48.0,7,https://www.presidency.ucsb.edu/statistics/data/barack-obama-public-approval
Barack Obama,07/26/2010,08/01/2010,45.0,47.0,8,https://www.presidency.ucsb.edu/statistics/data/barack-obama-public-approval
Barack Obama,07/19/2010,07/25/2010,45.0,47.0,8,https://www.presidency.ucsb.edu/statistics/data/barack-obama-public-approval
Barack Obama,07/12/2010,07/18/2010,46.0,46.0,8,https://www.presidency.ucsb.edu/statistics/data/barack-obama-public-approval
Barack Obama,07/05/2010,07/11/2010,46.0,47.0,7,https://www.presidency.ucsb.edu/statistics/data/barack-obama-public-approval
Barack Obama,06/28/2010,07/04/2010,46.0,45.0,9,https://www.presidency.ucsb.edu/statistics/data/barack-obama-public-approval
Barack Obama,06/21/2010,06/27/2010,45.0,46.0,9,https://www.presidency.ucsb.edu/statistics/data/barack-obama-public-approval
Barack Obama,06/14/2010,06/20/2010,47.0,45.0,8,https://www.presidency.ucsb.edu/statistics/data/barack-obama-public-approval
Barack Obama,06/07/2010,06/13/2010,46.0,46.0,8,https://www.presidency.ucsb.edu/statistics/data/barack-obama-public-approval
Barack Obama,05/31/2010,06/06/2010,47.0,45.0,8,https://www.presidency.ucsb.edu/statistics/data/barack-obama-public-approval
Barack Obama,05/24/2010,05/30/2010,46.0,46.0,8,https://www.presidency.ucsb.edu/statistics/data/barack-obama-public-approval
Barack Obama,05/17/2010,05/23/2010,48.0,45.0,7,https://www.presidency.ucsb.edu/statistics/data/barack-obama-public-approval
Barack Obama,05/10/2010,05/16/2010,49.0,43.0,8,https://www.presidency.ucsb.edu/statistics/data/barack-obama-public-approval
Barack Obama,05/03/2010,05/09/2010,50.0,43.0,7,https://www.presidency.ucsb.edu/statistics/data/barack-obama-public-approval
Barack Obama,04/26/2010,05/02/2010,48.0,45.0,7,https://www.presidency.ucsb.edu/statistics/data/barack-obama-public-approval
Barack Obama,04/19/2010,04/25/2010,50.0,43.0,7,https://www.presidency.ucsb.edu/statistics/data/barack-obama-public-approval
Barack Obama,04/12/2010,04/18/2010,48.0,45.0,7,https://www.presidency.ucsb.edu/statistics/data/barack-obama-public-approval
Barack Obama,04/05/2010,04/11/2010,47.0,46.0,7,https://www.presidency.ucsb.edu/statistics/data/barack-obama-public-approval
Barack Obama,03/29/2010,04/04/2010,49.0,44.0,7,https://www.presidency.ucsb.edu/statistics/data/barack-obama-public-approval
Barack Obama,03/22/2010,03/28/2010,49.0,44.0,7,https://www.presidency.ucsb.edu/statistics/data/barack-obama-public-approval
Barack Obama,03/15/2010,03/21/2010,48.0,45.0,7,https://www.presidency.ucsb.edu/statistics/data/barack-obama-public-approval
Barack Obama,03/08/2010,03/14/2010,48.0,45.0,7,https://www.presidency.ucsb.edu/statistics/data/barack-obama-public-approval
Barack Obama,03/01/2010,03/07/2010,49.0,44.0,7,https://www.presidency.ucsb.edu/statistics/data/barack-obama-public-approval
Barack Obama,02/22/2010,02/28/2010,50.0,43.0,7,https://www.presidency.ucsb.edu/statistics/data/barack-obama-public-approval
Barack Obama,02/15/2010,02/21/2010,49.0,43.0,8,https://www.presidency.ucsb.edu/statistics/data/barack-obama-public-approval
Barack Obama,02/08/2010,02/14/2010,51.0,42.0,7,https://www.presidency.ucsb.edu/statistics/data/barack-obama-public-approval
Barack Obama,02/01/2010,02/07/2010,50.0,43.0,7,https://www.presidency.ucsb.edu/statistics/data/barack-obama-public-approval
Barack Obama,01/25/2010,01/31/2010,48.0,45.0,7,https://www.presidency.ucsb.edu/statistics/data/barack-obama-public-approval
Barack Obama,01/18/2010,01/24/2010,49.0,46.0,5,https://www.presidency.ucsb.edu/statistics/data/barack-obama-public-approval
Barack Obama,01/11/2010,01/17/2010,50.0,43.0,7,https://www.presidency.ucsb.edu/statistics/data/barack-obama-public-approval
Barack Obama,01/04/2010,01/10/2010,51.0,43.0,6,https://www.presidency.ucsb.edu/statistics/data/barack-obama-public-approval
Barack Obama,12/28/2009,01/03/2010,51.0,43.0,6,https://www.presidency.ucsb.edu/statistics/data/barack-obama-public-approval
Barack Obama,12/21/2009,12/27/2009,51.0,43.0,6,https://www.presidency.ucsb.edu/statistics/data/barack-obama-public-approval
Barack Obama,12/14/2009,12/20/2009,50.0,43.0,7,https://www.presidency.ucsb.edu/statistics/data/barack-obama-public-approval
Barack Obama,12/07/2009,12/13/2009,49.0,42.0,9,https://www.presidency.ucsb.edu/statistics/data/barack-obama-public-approval
Barack Obama,11/30/2009,12/06/2009,50.0,44.0,6,https://www.presidency.ucsb.edu/statistics/data/barack-obama-public-approval
Barack Obama,11/23/2009,11/29/2009,50.0,42.0,8,https://www.presidency.ucsb.edu/statistics/data/barack-obama-public-approval
Barack Obama,11/16/2009,11/22/2009,49.0,44.0,7,https://www.presidency.ucsb.edu/statistics/data/barack-obama-public-approval
Barack Obama,11/09/2009,11/15/2009,53.0,39.0,8,https://www.presidency.ucsb.edu/statistics/data/barack-obama-public-approval
Barack Obama,11/02/2009,11/08/2009,52.0,42.0,6,https://www.presidency.ucsb.edu/statistics/data/barack-obama-public-approval
Barack Obama,10/26/2009,11/01/2009,53.0,41.0,6,https://www.presidency.ucsb.edu/statistics/data/barack-obama-public-approval
Barack Obama,10/19/2009,10/25/2009,53.0,39.0,8,https://www.presidency.ucsb.edu/statistics/data/barack-obama-public-approval
Barack Obama,10/12/2009,10/18/2009,52.0,41.0,7,https://www.presidency.ucsb.edu/statistics/data/barack-obama-public-approval
Barack Obama,10/05/2009,10/11/2009,54.0,38.0,8,https://www.presidency.ucsb.edu/statistics/data/barack-obama-public-approval
Barack Obama,09/28/2009,10/04/2009,52.0,40.0,8,https://www.presidency.ucsb.edu/statistics/data/barack-obama-public-approval
Barack Obama,09/21/2009,09/27/2009,51.0,41.0,8,https://www.presidency.ucsb.edu/statistics/data/barack-obama-public-approval
Barack Obama,09/14/2009,09/20/2009,52.0,41.0,7,https://www.presidency.ucsb.edu/statistics/data/barack-obama-public-approval
Barack Obama,09/07/2009,09/13/2009,52.0,41.0,7,https://www.presidency.ucsb.edu/statistics/data/barack-obama-public-approval
Barack Obama,08/31/2009,09/06/2009,53.0,40.0,7,https://www.presidency.ucsb.edu/statistics/data/barack-obama-public-approval
Barack Obama,08/24/2009,08/30/2009,50.0,43.0,7,https://www.presidency.ucsb.edu/statistics/data/barack-obama-public-approval
Barack Obama,08/17/2009,08/23/2009,52.0,41.0,7,https://www.presidency.ucsb.edu/statistics/data/barack-obama-public-approval
Barack Obama,08/10/2009,08/16/2009,54.0,40.0,6,https://www.presidency.ucsb.edu/statistics/data/barack-obama-public-approval
Barack Obama,08/03/2009,08/09/2009,56.0,37.0,7,https://www.presidency.ucsb.edu/statistics/data/barack-obama-public-approval
Barack Obama,07/27/2009,08/02/2009,54.0,39.0,7,https://www.presidency.ucsb.edu/statistics/data/barack-obama-public-approval
Barack Obama,07/20/2009,07/26/2009,56.0,38.0,6,https://www.presidency.ucsb.edu/statistics/data/barack-obama-public-approval
Barack Obama,07/13/2009,07/19/2009,59.0,33.0,8,https://www.presidency.ucsb.edu/statistics/data/barack-obama-public-approval
Barack Obama,07/06/2009,07/12/2009,58.0,34.0,8,https://www.presidency.ucsb.edu/statistics/data/barack-obama-public-approval
Barack Obama,06/29/2009,07/05/2009,60.0,32.0,8,https://www.presidency.ucsb.edu/statistics/data/barack-obama-public-approval
Barack Obama,06/22/2009,06/28/2009,60.0,33.0,7,https://www.presidency.ucsb.edu/statistics/data/barack-obama-public-approval
Barack Obama,06/15/2009,06/21/2009,59.0,34.0,7,https://www.presidency.ucsb.edu/statistics/data/barack-obama-public-approval
Barack Obama,06/08/2009,06/14/2009,61.0,31.0,8,https://www.presidency.ucsb.edu/statistics/data/barack-obama-public-approval
Barack Obama,06/01/2009,06/07/2009,62.0,31.0,7,https://www.presidency.ucsb.edu/statistics/data/barack-obama-public-approval
Barack Obama,05/25/2009,05/31/2009,63.0,30.0,7,https://www.presidency.ucsb.edu/statistics/data/barack-obama-public-approval
Barack Obama,05/18/2009,05/24/2009,64.0,28.0,8,https://www.presidency.ucsb.edu/statistics/data/barack-obama-public-approval
Barack Obama,05/11/2009,05/17/2009,64.0,29.0,7,https://www.presidency.ucsb.edu/statistics/data/barack-obama-public-approval
Barack Obama,05/04/2009,05/10/2009,66.0,27.0,7,https://www.presidency.ucsb.edu/statistics/data/barack-obama-public-approval
Barack Obama,04/27/2009,05/03/2009,65.0,29.0,6,https://www.presidency.ucsb.edu/statistics/data/barack-obama-public-approval
Barack Obama,04/20/2009,04/26/2009,65.0,29.0,6,https://www.presidency.ucsb.edu/statistics/data/barack-obama-public-approval
Barack Obama,04/13/2009,04/19/2009,62.0,29.0,9,https://www.presidency.ucsb.edu/statistics/data/barack-obama-public-approval
Barack Obama,04/06/2009,04/12/2009,61.0,28.0,11,https://www.presidency.ucsb.edu/statistics/data/barack-obama-public-approval
Barack Obama,03/30/2009,04/05/2009,62.0,28.0,10,https://www.presidency.ucsb.edu/statistics/data/barack-obama-public-approval
Barack Obama,03/23/2009,03/29/2009,61.0,29.0,10,https://www.presidency.ucsb.edu/statistics/data/barack-obama-public-approval
Barack Obama,03/16/2009,03/22/2009,63.0,26.0,11,https://www.presidency.ucsb.edu/statistics/data/barack-obama-public-approval
Barack Obama,03/09/2009,03/15/2009,62.0,28.0,10,https://www.presidency.ucsb.edu/statistics/data/barack-obama-public-approval
Barack Obama,03/02/2009,03/08/2009,62.0,27.0,11,https://www.presidency.ucsb.edu/statistics/data/barack-obama-public-approval
Barack Obama,02/23/2009,03/01/2009,64.0,23.0,13,https://www.presidency.ucsb.edu/statistics/data/barack-obama-public-approval
Barack Obama,02/16/2009,02/22/2009,62.0,25.0,13,https://www.presidency.ucsb.edu/statistics/data/barack-obama-public-approval
Barack Obama,02/09/2009,02/15/2009,64.0,22.0,14,https://www.presidency.ucsb.edu/statistics/data/barack-obama-public-approval
Barack Obama,02/02/2009,02/08/2009,65.0,21.0,14,https://www.presidency.ucsb.edu/statistics/data/barack-obama-public-approval
Barack Obama,01/26/2009,02/01/2009,66.0,18.0,16,https://www.presidency.ucsb.edu/statistics/data/barack-obama-public-approval
Barack Obama,01/19/2009,01/25/2009,67.0,13.0,20,https://www.presidency.ucsb.edu/statistics/data/barack-obama-public-approval
Donald J. Trump I,01/04/2021,01/15/2021,34.0,62.0,4,https://www.presidency.ucsb.edu/statistics/data/donald-j-trump-public-approval
Donald J. Trump I,12/01/2020,12/17/2020,39.0,57.0,4,https://www.presidency.ucsb.edu/statistics/data/donald-j-trump-public-approval
Donald J. Trump I,11/05/2020,11/19/2020,43.0,55.0,2,https://www.presidency.ucsb.edu/statistics/data/donald-j-trump-public-approval
Donald J. Trump I,10/16/2020,10/27/2020,46.0,52.0,2,https://www.presidency.ucsb.edu/statistics/data/donald-j-trump-public-approval
Donald J. Trump I,09/30/2020,10/15/2020,43.0,55.0,2,https://www.presidency.ucsb.edu/statistics/data/donald-j-trump-public-approval
Donald J. Trump I,09/14/2020,09/28/2020,46.0,52.0,2,https://www.presidency.ucsb.edu/statistics/data/donald-j-trump-public-approval
Donald J. Trump I,08/31/2020,09/13/2020,42.0,56.0,2,https://www.presidency.ucsb.edu/statistics/data/donald-j-trump-public-approval
Donald J. Trump I,07/30/2020,08/12/2020,42.0,55.0,3,https://www.presidency.ucsb.edu/statistics/data/donald-j-trump-public-approval
Donald J. Trump I,07/01/2020,07/23/2020,41.0,56.0,3,https://www.presidency.ucsb.edu/statistics/data/donald-j-trump-public-approval
Donald J. Trump I,06/08/2020,06/30/2020,38.0,57.0,5,https://www.presidency.ucsb.edu/statistics/data/donald-j-trump-public-approval
Donald J. Trump I,05/28/2020,06/04/2020,39.0,57.0,4,https://www.presidency.ucsb.edu/statistics/data/donald-j-trump-public-approval
Donald J. Trump I,05/01/2020,05/13/2020,49.0,48.0,3,https://www.presidency.ucsb.edu/statistics/data/donald-j-trump-public-approval
Donald J. Trump I,04/14/2020,04/28/2020,49.0,47.0,4,https://www.presidency.ucsb.edu/statistics/data/donald-j-trump-public-approval
Donald J. Trump I,04/01/2020,04/14/2020,43.0,54.0,3,https://www.presidency.ucsb.edu/statistics/data/donald-j-trump-public-approval
Donald J. Trump I,03/13/2020,03/22/2020,49.0,45.0,6,https://www.presidency.ucsb.edu/statistics/data/donald-j-trump-public-approval
Donald J. Trump I,03/02/2020,03/13/2020,44.0,52.0,4,https://www.presidency.ucsb.edu/statistics/data/donald-j-trump-public-approval
Donald J. Trump I,02/17/2020,02/28/2020,47.0,51.0,2,https://www.presidency.ucsb.edu/statistics/data/donald-j-trump-public-approval
Donald J. Trump I,02/03/2020,02/16/2020,49.0,48.0,3,https://www.presidency.ucsb.edu/statistics/data/donald-j-trump-public-approval
Donald J. Trump I,01/16/2020,01/29/2020,49.0,50.0,1,https://www.presidency.ucsb.edu/statistics/data/donald-j-trump-public-approval
Donald J. Trump I,01/02/2020,01/15/2020,44.0,53.0,3,https://www.presidency.ucsb.edu/statistics/data/donald-j-trump-public-approval
Donald J. Trump I,12/02/2019,12/15/2019,45.0,51.0,4,https://www.presidency.ucsb.edu/statistics/data/donald-j-trump-public-approval
Donald J. Trump I,11/01/2019,11/14/2019,43.0,54.0,3,https://www.presidency.ucsb.edu/statistics/data/donald-j-trump-public-approval
Donald J. Trump I,10/14/2019,10/31/2019,41.0,57.0,2,https://www.presidency.ucsb.edu/statistics/data/donald-j-trump-public-approval
Donald J. Trump I,10/01/2019,10/13/2019,39.0,57.0,4,https://www.presidency.ucsb.edu/statistics/data/donald-j-trump-public-approval
Donald J. Trump I,09/16/2019,09/30/2019,40.0,56.0,4,https://www.presidency.ucsb.edu/statistics/data/donald-j-trump-public-approval
Donald J. Trump I,09/03/2019,09/15/2019,43.0,54.0,3,https://www.presidency.ucsb.edu/statistics/data/donald-j-trump-public-approval
Donald J. Trump I,08/15/2019,08/30/2019,39.0,57.0,4,https://www.presidency.ucsb.edu/statistics/data/donald-j-trump-public-approval
Donald J. Trump I,08/01/2019,08/14/2019,41.0,54.0,5,https://www.presidency.ucsb.edu/statistics/data/donald-j-trump-public-approval
Donald J. Trump I,07/15/2019,07/31/2019,42.0,54.0,4,https://www.presidency.ucsb.edu/statistics/data/donald-j-trump-public-approval
Donald J. Trump I,07/01/2019,07/12/2019,44.0,51.0,5,https://www.presidency.ucsb.edu/statistics/data/donald-j-trump-public-approval
Donald J. Trump I,06/19/2019,06/30/2019,41.0,54.0,5,https://www.presidency.ucsb.edu/statistics/data/donald-j-trump-public-approval
Donald J. Trump I,06/03/2019,06/16/2019,43.0,55.0,2,https://www.presidency.ucsb.edu/statistics/data/donald-j-trump-public-approval
Donald J. Trump I,05/15/2019,05/30/2019,40.0,55.0,5,https://www.presidency.ucsb.edu/statistics/data/donald-j-trump-public-approval
Donald J. Trump I,05/01/2019,05/12/2019,42.0,52.0,6,https://www.presidency.ucsb.edu/statistics/data/donald-j-trump-public-approval
Donald J. Trump I,04/17/2019,04/30/2019,46.0,50.0,4,https://www.presidency.ucsb.edu/statistics/data/donald-j-trump-public-approval
Donald J. Trump I,04/01/2019,04/09/2019,45.0,51.0,4,https://www.presidency.ucsb.edu/statistics/data/donald-j-trump-public-approval
Donald J. Trump I,03/01/2019,03/10/2019,39.0,57.0,4,https://www.presidency.ucsb.edu/statistics/data/donald-j-trump-public-approval
Donald J. Trump I,02/12/2019,02/28/2019,43.0,54.0,3,https://www.presidency.ucsb.edu/statistics/data/donald-j-trump-public-approval
Donald J. Trump I,02/01/2019,02/10/2019,44.0,52.0,4,https://www.presidency.ucsb.edu/statistics/data/donald-j-trump-public-approval
Donald J. Trump I,01/21/2019,01/27/2019,37.0,59.0,4,https://www.presidency.ucsb.edu/statistics/data/donald-j-trump-public-approval
Donald J. Trump I,01/02/2019,01/10/2019,37.0,59.0,4,https://www.presidency.ucsb.edu/statistics/data/donald-j-trump-public-approval
Donald J. Trump I,12/17/2018,12/22/2018,39.0,55.0,6,https://www.presidency.ucsb.edu/statistics/data/donald-j-trump-public-approval
Donald J. Trump I,12/10/2018,12/16/2018,38.0,57.0,5,https://www.presidency.ucsb.edu/statistics/data/donald-j-trump-public-approval
Donald J. Trump I,12/03/2018,12/09/2018,40.0,56.0,4,https://www.presidency.ucsb.edu/statistics/data/donald-j-trump-public-approval
Donald J. Trump I,11/26/2018,12/02/2018,40.0,56.0,4,https://www.presidency.ucsb.edu/statistics/data/donald-j-trump-public-approval
Donald J. Trump I,11/19/2018,11/25/2018,38.0,60.0,2,https://www.presidency.ucsb.edu/statistics/data/donald-j-trump-public-approval
Donald J. Trump I,11/12/2018,11/18/2018,43.0,53.0,4,https://www.presidency.ucsb.edu/statistics/data/donald-j-trump-public-approval
Donald J. Trump I,11/05/2018,11/11/2018,38.0,56.0,6,https://www.presidency.ucsb.edu/statistics/data/donald-j-trump-public-approval
Donald J. Trump I,10/29/2018,11/04/2018,40.0,54.0,6,https://www.presidency.ucsb.edu/statistics/data/donald-j-trump-public-approval
Donald J. Trump I,10/22/2018,10/28/2018,40.0,54.0,6,https://www.presidency.ucsb.edu/statistics/data/donald-j-trump-public-approval
Donald J. Trump I,10/15/2018,10/21/2018,44.0,50.0,6,https://www.presidency.ucsb.edu/statistics/data/donald-j-trump-public-approval
Donald J. Trump I,10/08/2018,10/14/2018,44.0,51.0,5,https://www.presidency.ucsb.edu/statistics/data/donald-j-trump-public-approval
Donald J. Trump I,10/01/2018,10/07/2018,43.0,53.0,4,https://www.presidency.ucsb.edu/statistics/data/donald-j-trump-public-approval
Donald J. Trump I,09/24/2018,09/30/2018,42.0,53.0,5,https://www.presidency.ucsb.edu/statistics/data/donald-j-trump-public-approval
Donald J. Trump I,09/17/2018,09/23/2018,40.0,56.0,4,https://www.presidency.ucsb.edu/statistics/data/donald-j-trump-public-approval
Donald J. Trump I,09/10/2018,09/16/2018,38.0,56.0,6,https://www.presidency.ucsb.edu/statistics/data/donald-j-trump-public-approval
Donald J. Trump I,09/03/2018,09/09/2018,40.0,54.0,6,https://www.presidency.ucsb.edu/statistics/data/donald-j-trump-public-approval
Donald J. Trump I,08/27/2018,09/02/2018,41.0,53.0,6,https://www.presidency.ucsb.edu/statistics/data/donald-j-trump-public-approval
Donald J. Trump I,08/20/2018,08/26/2018,41.0,54.0,5,https://www.presidency.ucsb.edu/statistics/data/donald-j-trump-public-approval
Donald J. Trump I,08/13/2018,08/19/2018,42.0,52.0,6,https://www.presidency.ucsb.edu/statistics/data/donald-j-trump-public-approval
Donald J. Trump I,08/06/2018,08/12/2018,39.0,56.0,5,https://www.presidency.ucsb.edu/statistics/data/donald-j-trump-public-approval
Donald J. Trump I,07/30/2018,08/05/2018,41.0,54.0,5,https://www.presidency.ucsb.edu/statistics/data/donald-j-trump-public-approval
Donald J. Trump I,07/23/2018,07/29/2018,40.0,55.0,5,https://www.presidency.ucsb.edu/statistics/data/donald-j-trump-public-approval
Donald J. Trump I,07/16/2018,07/22/2018,42.0,54.0,4,https://www.presidency.ucsb.edu/statistics/data/donald-j-trump-public-approval
Donald J. Trump I,07/09/2018,07/15/2018,43.0,52.0,5,https://www.presidency.ucsb.edu/statistics/data/donald-j-trump-public-approval
Donald J. Trump I,07/02/2018,07/08/2018,41.0,56.0,3,https://www.presidency.ucsb.edu/statistics/data/donald-j-trump-public-approval
Donald J. Trump I,06/25/2018,07/01/2018,42.0,53.0,5,https://www.presidency.ucsb.edu/statistics/data/donald-j-trump-public-approval
Donald J. Trump I,06/18/2018,06/24/2018,41.0,55.0,4,https://www.presidency.ucsb.edu/statistics/data/donald-j-trump-public-approval
Donald J. Trump I,06/11/2018,06/17/2018,45.0,50.0,5,https://www.presidency.ucsb.edu/statistics/data/donald-j-trump-public-approval
Donald J. Trump I,06/04/2018,06/10/2018,42.0,54.0,4,https://www.presidency.ucsb.edu/statistics/data/donald-j-trump-public-approval
Donald J. Trump I,05/28/2018,06/03/2018,41.0,55.0,4,https://www.presidency.ucsb.edu/statistics/data/donald-j-trump-public-approval
Donald J. Trump I,05/21/2018,05/27/2018,40.0,55.0,5,https://www.presidency.ucsb.edu/statistics/data/donald-j-trump-public-approval
Donald J. Trump I,05/14/2018,05/20/2018,42.0,54.0,4,https://www.presidency.ucsb.edu/statistics/data/donald-j-trump-public-approval
Donald J. Trump I,05/07/2018,05/13/2018,43.0,52.0,5,https://www.presidency.ucsb.edu/statistics/data/donald-j-trump-public-approval
Donald J. Trump I,04/30/2018,05/06/2018,42.0,52.0,6,https://www.presidency.ucsb.edu/statistics/data/donald-j-trump-public-approval
Donald J. Trump I,04/23/2018,04/29/2018,42.0,53.0,5,https://www.presidency.ucsb.edu/statistics/data/donald-j-trump-public-approval
Donald J. Trump I,04/16/2018,04/22/2018,39.0,55.0,6,https://www.presidency.ucsb.edu/statistics/data/donald-j-trump-public-approval
Donald J. Trump I,04/09/2018,04/15/2018,39.0,55.0,6,https://www.presidency.ucsb.edu/statistics/data/donald-j-trump-public-approval
Donald J. Trump I,04/02/2018,04/08/2018,41.0,54.0,5,https://www.presidency.ucsb.edu/statistics/data/donald-j-trump-public-approval
Donald J. Trump I,03/26/2018,04/01/2018,39.0,56.0,5,https://www.presidency.ucsb.edu/statistics/data/donald-j-trump-public-approval
Donald J. Trump I,03/19/2018,03/25/2018,39.0,55.0,6,https://www.presidency.ucsb.edu/statistics/data/donald-j-trump-public-approval
Donald J. Trump I,03/12/2018,03/18/2018,40.0,56.0,4,https://www.presidency.ucsb.edu/statistics/data/donald-j-trump-public-approval
Donald J. Trump I,03/05/2018,03/11/2018,39.0,56.0,5,https://www.presidency.ucsb.edu/statistics/data/donald-j-trump-public-approval
Donald J. Trump I,02/26/2018,03/04/2018,39.0,55.0,6,https://www.presidency.ucsb.edu/statistics/data/donald-j-trump-public-approval
Donald J. Trump I,02/19/2018,02/25/2018,39.0,56.0,5,https://www.presidency.ucsb.edu/statistics/data/donald-j-trump-public-approval
Donald J. Trump I,02/12/2018,02/18/2018,37.0,59.0,4,https://www.presidency.ucsb.edu/statistics/data/donald-j-trump-public-approval
Donald J. Trump I,02/05/2018,02/11/2018,40.0,57.0,3,https://www.presidency.ucsb.edu/statistics/data/donald-j-trump-public-approval
Donald J. Trump I,01/29/2018,02/04/2018,40.0,57.0,3,https://www.presidency.ucsb.edu/statistics/data/donald-j-trump-public-approval
Donald J. Trump I,01/21/2018,01/28/2018,38.0,58.0,4,https://www.presidency.ucsb.edu/statistics/data/donald-j-trump-public-approval
Donald J. Trump I,01/15/2018,01/21/2018,36.0,59.0,5,https://www.presidency.ucsb.edu/statistics/data/donald-j-trump-public-approval
Donald J. Trump I,01/08/2018,01/14/2018,38.0,57.0,5,https://www.presidency.ucsb.edu/statistics/data/donald-j-trump-public-approval
Donald J. Trump I,01/01/2018,01/07/2018,37.0,58.0,5,https://www.presidency.ucsb.edu/statistics/data/donald-j-trump-public-approval
Donald J. Trump I,12/25/2017,12/31/2017,39.0,55.0,6,https://www.presidency.ucsb.edu/statistics/data/donald-j-trump-public-approval
Donald J. Trump I,12/18/2017,12/24/2017,37.0,57.0,6,https://www.presidency.ucsb.edu/statistics/data/donald-j-trump-public-approval
Donald J. Trump I,12/11/2017,12/17/2017,35.0,60.0,5,https://www.presidency.ucsb.edu/statistics/data/donald-j-trump-public-approval
Donald J. Trump I,12/04/2017,12/10/2017,36.0,59.0,5,https://www.presidency.ucsb.edu/statistics/data/donald-j-trump-public-approval
Donald J. Trump I,11/27/2017,12/03/2017,35.0,59.0,6,https://www.presidency.ucsb.edu/statistics/data/donald-j-trump-public-approval
Donald J. Trump I,11/20/2017,11/26/2017,37.0,56.0,7,https://www.presidency.ucsb.edu/statistics/data/donald-j-trump-public-approval
Donald J. Trump I,11/13/2017,11/19/2017,38.0,57.0,5,https://www.presidency.ucsb.edu/statistics/data/donald-j-trump-public-approval
Donald J. Trump I,11/06/2017,11/12/2017,38.0,56.0,6,https://www.presidency.ucsb.edu/statistics/data/donald-j-trump-public-approval
Donald J. Trump I,10/30/2017,11/05/2017,38.0,58.0,4,https://www.presidency.ucsb.edu/statistics/data/donald-j-trump-public-approval
Donald J. Trump I,10/23/2017,10/29/2017,35.0,60.0,5,https://www.presidency.ucsb.edu/statistics/data/donald-j-trump-public-approval
Donald J. Trump I,10/16/2017,10/22/2017,36.0,58.0,6,https://www.presidency.ucsb.edu/statistics/data/donald-j-trump-public-approval
Donald J. Trump I,10/09/2017,10/15/2017,37.0,57.0,6,https://www.presidency.ucsb.edu/statistics/data/donald-j-trump-public-approval
Donald J. Trump I,10/02/2017,10/08/2017,38.0,56.0,6,https://www.presidency.ucsb.edu/statistics/data/donald-j-trump-public-approval
Donald J. Trump I,09/25/2017,10/01/2017,37.0,58.0,5,https://www.presidency.ucsb.edu/statistics/data/donald-j-trump-public-approval
Donald J. Trump I,09/18/2017,09/24/2017,38.0,55.0,7,https://www.presidency.ucsb.edu/statistics/data/donald-j-trump-public-approval
Donald J. Trump I,09/11/2017,09/17/2017,38.0,57.0,5,https://www.presidency.ucsb.edu/statistics/data/donald-j-trump-public-approval
Donald J. Trump I,09/04/2017,09/10/2017,37.0,57.0,6,https://www.presidency.ucsb.edu/statistics/data/donald-j-trump-public-approval
Donald J. Trump I,08/28/2017,09/03/2017,36.0,59.0,5,https://www.presidency.ucsb.edu/statistics/data/donald-j-trump-public-approval
Donald J. Trump I,08/21/2017,08/27/2017,35.0,60.0,5,https://www.presidency.ucsb.edu/statistics/data/donald-j-trump-public-approval
Donald J. Trump I,08/14/2017,08/20/2017,37.0,58.0,5,https://www.presidency.ucsb.edu/statistics/data/donald-j-trump-public-approval
Donald J. Trump I,08/07/2017,08/13/2017,36.0,58.0,6,https://www.presidency.ucsb.edu/statistics/data/donald-j-trump-public-approval
Donald J. Trump I,07/31/2017,08/06/2017,37.0,58.0,5,https://www.presidency.ucsb.edu/statistics/data/donald-j-trump-public-approval
Donald J. Trump I,07/24/2017,07/30/2017,38.0,57.0,5,https://www.presidency.ucsb.edu/statistics/data/donald-j-trump-public-approval
Donald J. Trump I,07/17/2017,07/23/2017,37.0,58.0,5,https://www.presidency.ucsb.edu/statistics/data/donald-j-trump-public-approval
Donald J. Trump I,07/10/2017,07/16/2017,39.0,56.0,5,https://www.presidency.ucsb.edu/statistics/data/donald-j-trump-public-approval
Donald J. Trump I,07/03/2017,07/09/2017,38.0,57.0,5,https://www.presidency.ucsb.edu/statistics/data/donald-j-trump-public-approval
Donald J. Trump I,06/26/2017,07/02/2017,39.0,56.0,5,https://www.presidency.ucsb.edu/statistics/data/donald-j-trump-public-approval
Donald J. Trump I,06/19/2017,06/25/2017,39.0,56.0,5,https://www.presidency.ucsb.edu/statistics/data/donald-j-trump-public-approval
Donald J. Trump I,06/12/2017,06/18/2017,38.0,57.0,5,https://www.presidency.ucsb.edu/statistics/data/donald-j-trump-public-approval
Donald J. Trump I,06/05/2017,06/11/2017,37.0,58.0,5,https://www.presidency.ucsb.edu/statistics/data/donald-j-trump-public-approval
Donald J. Trump I,05/29/2017,06/04/2017,38.0,56.0,6,https://www.presidency.ucsb.edu/statistics/data/donald-j-trump-public-approval
Donald J. Trump I,05/22/2017,05/28/2017,41.0,54.0,5,https://www.presidency.ucsb.edu/statistics/data/donald-j-trump-public-approval
Donald J. Trump I,05/15/2017,05/21/2017,38.0,56.0,6,https://www.presidency.ucsb.edu/statistics/data/donald-j-trump-public-approval
Donald J. Trump I,05/08/2017,05/14/2017,38.0,56.0,6,https://www.presidency.ucsb.edu/statistics/data/donald-j-trump-public-approval
Donald J. Trump I,05/01/2017,05/07/2017,42.0,53.0,5,https://www.presidency.ucsb.edu/statistics/data/donald-j-trump-public-approval
Donald J. Trump I,04/24/2017,04/30/2017,41.0,54.0,5,https://www.presidency.ucsb.edu/statistics/data/donald-j-trump-public-approval
Donald J. Trump I,04/17/2017,04/23/2017,41.0,52.0,7,https://www.presidency.ucsb.edu/statistics/data/donald-j-trump-public-approval
Donald J. Trump I,04/10/2017,04/16/2017,40.0,54.0,6,https://www.presidency.ucsb.edu/statistics/data/donald-j-trump-public-approval
Donald J. Trump I,04/03/2017,04/09/2017,40.0,53.0,7,https://www.presidency.ucsb.edu/statistics/data/donald-j-trump-public-approval
Donald J. Trump I,03/27/2017,04/02/2017,38.0,57.0,5,https://www.presidency.ucsb.edu/statistics/data/donald-j-trump-public-approval
Donald J. Trump I,03/20/2017,03/26/2017,39.0,56.0,5,https://www.presidency.ucsb.edu/statistics/data/donald-j-trump-public-approval
Donald J. Trump I,03/13/2017,03/19/2017,40.0,55.0,5,https://www.presidency.ucsb.edu/statistics/data/donald-j-trump-public-approval
Donald J. Trump I,03/06/2017,03/12/2017,42.0,52.0,6,https://www.presidency.ucsb.edu/statistics/data/donald-j-trump-public-approval
Donald J. Trump I,02/27/2017,03/05/2017,43.0,51.0,6,https://www.presidency.ucsb.edu/statistics/data/donald-j-trump-public-approval
Donald J. Trump I,02/20/2017,02/26/2017,42.0,53.0,5,https://www.presidency.ucsb.edu/statistics/data/donald-j-trump-public-approval
Donald J. Trump I,02/13/2017,02/19/2017,40.0,54.0,6,https://www.presidency.ucsb.edu/statistics/data/donald-j-trump-public-approval
Donald J. Trump I,02/06/2017,02/12/2017,41.0,53.0,6,https://www.presidency.ucsb.edu/statistics/data/donald-j-trump-public-approval
Donald J. Trump I,01/30/2017,02/05/2017,43.0,52.0,5,https://www.presidency.ucsb.edu/statistics/data/donald-j-trump-public-approval
Donald J. Trump I,01/20/2017,01/29/2017,45.0,47.0,8,https://www.presidency.ucsb.edu/statistics/data/donald-j-trump-public-approval
Joseph R. Biden Jr.,1/2/2025,1/15/2025,40.0,54.0,6,https://www.presidency.ucsb.edu/statistics/data/joseph-r-biden-public-approval
Joseph R. Biden Jr.,12/2/2024,12/18/2024,39.0,56.0,5,https://www.presidency.ucsb.edu/statistics/data/joseph-r-biden-public-approval
Joseph R. Biden Jr.,11/6/2024,11/20/2024,37.0,58.0,5,https://www.presidency.ucsb.edu/statistics/data/joseph-r-biden-public-approval
Joseph R. Biden Jr.,10/14/2024,10/27/2024,41.0,56.0,3,https://www.presidency.ucsb.edu/statistics/data/joseph-r-biden-public-approval
Joseph R. Biden Jr.,10/1/2024,10/12/2024,39.0,56.0,5,https://www.presidency.ucsb.edu/statistics/data/joseph-r-biden-public-approval
Joseph R. Biden Jr.,9/16/2024,9/28/2024,45.0,52.0,3,https://www.presidency.ucsb.edu/statistics/data/joseph-r-biden-public-approval
Joseph R. Biden Jr.,9/3/2024,9/15/2024,39.0,58.0,3,https://www.presidency.ucsb.edu/statistics/data/joseph-r-biden-public-approval
Joseph R. Biden Jr.,8/1/2024,8/20/2024,43.0,53.0,4,https://www.presidency.ucsb.edu/statistics/data/joseph-r-biden-public-approval
Joseph R. Biden Jr.,7/1/2024,7/21/2024,36.0,58.0,6,https://www.presidency.ucsb.edu/statistics/data/joseph-r-biden-public-approval
Joseph R. Biden Jr.,6/3/2024,6/23/2024,38.0,58.0,4,https://www.presidency.ucsb.edu/statistics/data/joseph-r-biden-public-approval
Joseph R. Biden Jr.,5/1/2024,5/23/2024,39.0,56.0,5,https://www.presidency.ucsb.edu/statistics/data/joseph-r-biden-public-approval
Joseph R. Biden Jr.,4/1/2024,4/22/2024,38.0,58.0,4,https://www.presidency.ucsb.edu/statistics/data/joseph-r-biden-public-approval
Joseph R. Biden Jr.,3/1/2024,3/20/2024,40.0,55.0,5,https://www.presidency.ucsb.edu/statistics/data/joseph-r-biden-public-approval
Joseph R. Biden Jr.,2/1/2024,2/20/224,38.0,59.0,3,https://www.presidency.ucsb.edu/statistics/data/joseph-r-biden-public-approval
Joseph R. Biden Jr.,1/2/2024,1/22/2024,41.0,54.0,5,https://www.presidency.ucsb.edu/statistics/data/joseph-r-biden-public-approval
Joseph R. Biden Jr.,12/1/2023,12/20/2023,39.0,59.0,2,https://www.presidency.ucsb.edu/statistics/data/joseph-r-biden-public-approval
Joseph R. Biden Jr.,11/1/2023,11/21/2023,37.0,59.0,4,https://www.presidency.ucsb.edu/statistics/data/joseph-r-biden-public-approval
Joseph R. Biden Jr.,10/2/2023,10/23/2023,37.0,59.0,4,https://www.presidency.ucsb.edu/statistics/data/joseph-r-biden-public-approval
Joseph R. Biden Jr.,9/1/2023,9/23/2023,41.0,58.0,1,https://www.presidency.ucsb.edu/statistics/data/joseph-r-biden-public-approval
Joseph R. Biden Jr.,8/1/2023,8/23/2023,42.0,53.0,5,https://www.presidency.ucsb.edu/statistics/data/joseph-r-biden-public-approval
Joseph R. Biden Jr.,7/3/2023,7/27/2023,40.0,55.0,4,https://www.presidency.ucsb.edu/statistics/data/joseph-r-biden-public-approval
Joseph R. Biden Jr.,6/1/2023,6/22/2023,43.0,54.0,3,https://www.presidency.ucsb.edu/statistics/data/joseph-r-biden-public-approval
Joseph R. Biden Jr.,5/1/2023,5/24/2023,39.0,57.0,5,https://www.presidency.ucsb.edu/statistics/data/joseph-r-biden-public-approval
Joseph R. Biden Jr.,4/3/2023,4/25/2023,37.0,59.0,4,https://www.presidency.ucsb.edu/statistics/data/joseph-r-biden-public-approval
Joseph R. Biden Jr.,3/1/2023,3/23/2023,40.0,56.0,4,https://www.presidency.ucsb.edu/statistics/data/joseph-r-biden-public-approval
Joseph R. Biden Jr.,2/1/2023,2/23/2023,42.0,54.0,5,https://www.presidency.ucsb.edu/statistics/data/joseph-r-biden-public-approval
Joseph R. Biden Jr.,1/2/2023,1/22/2023,41.0,54.0,4,https://www.presidency.ucsb.edu/statistics/data/joseph-r-biden-public-approval
Joseph R. Biden Jr.,11/9/2022,12/2/2022,40.0,55.0,5,https://www.presidency.ucsb.edu/statistics/data/joseph-r-biden-public-approval
Joseph R. Biden Jr.,10/3/2022,10/20/2022,40.0,56.0,4,https://www.presidency.ucsb.edu/statistics/data/joseph-r-biden-public-approval
Joseph R. Biden Jr.,9/1/2022,9/16/2022,42.0,56.0,2,https://www.presidency.ucsb.edu/statistics/data/joseph-r-biden-public-approval
Joseph R. Biden Jr.,8/1/2022,8/23/2022,44.0,53.0,3,https://www.presidency.ucsb.edu/statistics/data/joseph-r-biden-public-approval
Joseph R. Biden Jr.,7/5/2022,7/26/2022,38.0,59.0,3,https://www.presidency.ucsb.edu/statistics/data/joseph-r-biden-public-approval
Joseph R. Biden Jr.,6/1/2022,6/20/2022,41.0,57.0,3,https://www.presidency.ucsb.edu/statistics/data/joseph-r-biden-public-approval
Joseph R. Biden Jr.,5/2/2022,5/22/2022,41.0,54.0,5,https://www.presidency.ucsb.edu/statistics/data/joseph-r-biden-public-approval
Joseph R. Biden Jr.,4/1/2022,4/19/2022,41.0,56.0,3,https://www.presidency.ucsb.edu/statistics/data/joseph-r-biden-public-approval
Joseph R. Biden Jr.,3/1/2022,3/18/2022,42.0,54.0,4,https://www.presidency.ucsb.edu/statistics/data/joseph-r-biden-public-approval
Joseph R. Biden Jr.,2/1/2022,2/17/2022,41.0,55.0,4,https://www.presidency.ucsb.edu/statistics/data/joseph-r-biden-public-approval
Joseph R. Biden Jr.,1/3/2022,1/16/2022,40.0,56.0,4,https://www.presidency.ucsb.edu/statistics/data/joseph-r-biden-public-approval
Joseph R. Biden Jr.,12/1/2021,12/16/2021,43.0,51.0,6,https://www.presidency.ucsb.edu/statistics/data/joseph-r-biden-public-approval
Joseph R. Biden Jr.,11/1/2021,11/16/2021,42.0,55.0,3,https://www.presidency.ucsb.edu/statistics/data/joseph-r-biden-public-approval
Joseph R. Biden Jr.,10/1/2021,10/19/2021,42.0,52.0,6,https://www.presidency.ucsb.edu/statistics/data/joseph-r-biden-public-approval
Joseph R. Biden Jr.,9/1/2021,9/17/2021,43.0,55.0,2,https://www.presidency.ucsb.edu/statistics/data/joseph-r-biden-public-approval
Joseph R. Biden Jr.,8/2/2021,8/17/2021,49.0,48.0,3,https://www.presidency.ucsb.edu/statistics/data/joseph-r-biden-public-approval
Joseph R. Biden Jr.,7/6/2021,7/21/2021,50.0,45.0,5,https://www.presidency.ucsb.edu/statistics/data/joseph-r-biden-public-approval
Joseph R. Biden Jr.,6/1/2021,6/18/2021,56.0,42.0,2,https://www.presidency.ucsb.edu/statistics/data/joseph-r-biden-public-approval
Joseph R. Biden Jr.,5/3/2021,5/18/2021,54.0,40.0,6,https://www.presidency.ucsb.edu/statistics/data/joseph-r-biden-public-approval
Joseph R. Biden Jr.,4/1/2021,4/21/2021,57.0,40.0,3,https://www.presidency.ucsb.edu/statistics/data/joseph-r-biden-public-approval
Joseph R. Biden Jr.,3/1/2021,3/15/2021,54.0,42.0,4,https://www.presidency.ucsb.edu/statistics/data/joseph-r-biden-public-approval
Joseph R. Biden Jr.,2/3/2021,2/18/2021,56.0,40.0,4,https://www.presidency.ucsb.edu/statistics/data/joseph-r-biden-public-approval
Joseph R. Biden Jr.,1/21/2021,2/2/2021,57.0,37.0,6,https://www.presidency.ucsb.edu/statistics/data/joseph-r-biden-public-approval
